race_year,constructor,circuit,type_circuit,driver,race_month,race_day,age_at_gp_in_days,days_since_first_race,circuit_nationality,driver_nationality,constructor_nationality,driver_home,constructor_home,deviation_from_median
2006,Renault,Bahrain International Circuit,Race circuit,Fernando Alonso,3,12,8992,1834,BHR,ESP,FRA,0,0,-475.0
2006,Ferrari,Bahrain International Circuit,Race circuit,Michael Schumacher,3,12,13582,5313,BHR,DEU,ITA,0,0,-259.0
2006,Honda,Bahrain International Circuit,Race circuit,Jenson Button,3,12,9549,2191,BHR,GBR,JPN,0,0,-141.0
2006,McLaren,Bahrain International Circuit,Race circuit,Juan Pablo Montoya,3,12,11131,1834,BHR,COL,GBR,0,0,-203.0
2006,Williams,Bahrain International Circuit,Race circuit,Mark Webber,3,12,10789,1470,BHR,AUS,GBR,0,0,619.0
2006,Red Bull,Bahrain International Circuit,Race circuit,Christian Klien,3,12,8434,735,BHR,AUT,AUT,0,0,416.0
2006,Ferrari,Bahrain International Circuit,Race circuit,Felipe Massa,3,12,9087,1470,BHR,BRA,ITA,0,0,-212.0
2006,BMW Sauber,Bahrain International Circuit,Race circuit,Nick Heidfeld,3,12,10533,2191,BHR,DEU,DEU,0,0,268.0
2006,Honda,Bahrain International Circuit,Race circuit,Rubens Barrichello,3,12,12346,4746,BHR,BRA,JPN,0,0,632.0
2006,Renault,Bahrain International Circuit,Race circuit,Giancarlo Fisichella,3,12,12110,3654,BHR,ITA,FRA,0,0,141.0
2006,Renault,Sepang International Circuit,Race circuit,Giancarlo Fisichella,3,19,12117,3661,MYS,ITA,FRA,0,0,-728.0
2006,Renault,Sepang International Circuit,Race circuit,Fernando Alonso,3,19,8999,1841,MYS,ESP,FRA,0,0,-354.0
2006,Honda,Sepang International Circuit,Race circuit,Jenson Button,3,19,9556,2198,MYS,GBR,JPN,0,0,-824.0
2006,McLaren,Sepang International Circuit,Race circuit,Juan Pablo Montoya,3,19,11138,1841,MYS,COL,GBR,0,0,185.0
2006,Ferrari,Sepang International Circuit,Race circuit,Michael Schumacher,3,19,13589,5320,MYS,DEU,ITA,0,0,223.0
2006,Red Bull,Sepang International Circuit,Race circuit,Christian Klien,3,19,8441,742,MYS,AUT,AUT,0,0,186.0
2006,Williams,Sepang International Circuit,Race circuit,Mark Webber,3,19,10796,1477,MYS,AUS,GBR,0,0,-72.0
2006,Williams,Sepang International Circuit,Race circuit,Nico Rosberg,3,19,7570,7,MYS,DEU,GBR,0,0,212.0
2006,McLaren,Sepang International Circuit,Race circuit,Kimi Räikkönen,3,19,9650,1841,MYS,FIN,GBR,0,0,0.0
2006,Renault,Albert Park Grand Prix Circuit,Street circuit,Fernando Alonso,4,2,9013,1855,AUS,ESP,FRA,0,0,-173.0
2006,McLaren,Albert Park Grand Prix Circuit,Street circuit,Kimi Räikkönen,4,2,9664,1855,AUS,FIN,GBR,0,0,-80.0
2006,Toyota,Albert Park Grand Prix Circuit,Street circuit,Ralf Schumacher,4,2,11234,3311,AUS,DEU,JPN,0,0,694.0
2006,BMW Sauber,Albert Park Grand Prix Circuit,Street circuit,Nick Heidfeld,4,2,10554,2212,AUS,DEU,DEU,0,0,112.0
2006,Renault,Albert Park Grand Prix Circuit,Street circuit,Giancarlo Fisichella,4,2,12131,3675,AUS,ITA,FRA,0,0,-267.0
2006,BMW Sauber,Albert Park Grand Prix Circuit,Street circuit,Jacques Villeneuve,4,2,12777,3675,AUS,CAN,DEU,0,0,812.0
2006,Honda,Albert Park Grand Prix Circuit,Street circuit,Jenson Button,4,2,9570,2212,AUS,GBR,JPN,0,0,-673.0
2006,McLaren,Albert Park Grand Prix Circuit,Street circuit,Juan Pablo Montoya,4,2,11152,1855,AUS,COL,GBR,0,0,0.0
2006,Williams,Albert Park Grand Prix Circuit,Street circuit,Mark Webber,4,2,10810,1491,AUS,AUS,GBR,1,0,173.0
2006,Ferrari,Autodromo Enzo e Dino Ferrari,Race circuit,Michael Schumacher,4,23,13624,5355,ITA,DEU,ITA,0,1,-972.0
2006,Renault,Autodromo Enzo e Dino Ferrari,Race circuit,Fernando Alonso,4,23,9034,1876,ITA,ESP,FRA,0,0,-14.0
2006,McLaren,Autodromo Enzo e Dino Ferrari,Race circuit,Juan Pablo Montoya,4,23,11173,1876,ITA,COL,GBR,0,0,210.0
2006,Ferrari,Autodromo Enzo e Dino Ferrari,Race circuit,Felipe Massa,4,23,9129,1512,ITA,BRA,ITA,0,1,44.0
2006,McLaren,Autodromo Enzo e Dino Ferrari,Race circuit,Kimi Räikkönen,4,23,9685,1876,ITA,FIN,GBR,0,0,-360.0
2006,Williams,Autodromo Enzo e Dino Ferrari,Race circuit,Mark Webber,4,23,10831,1512,ITA,AUS,GBR,0,0,168.0
2006,Honda,Autodromo Enzo e Dino Ferrari,Race circuit,Jenson Button,4,23,9591,2233,ITA,GBR,JPN,0,0,-562.0
2006,Toyota,Autodromo Enzo e Dino Ferrari,Race circuit,Ralf Schumacher,4,23,11255,3332,ITA,DEU,JPN,0,0,14.0
2006,Honda,Autodromo Enzo e Dino Ferrari,Race circuit,Rubens Barrichello,4,23,12388,4788,ITA,BRA,JPN,0,0,-308.0
2006,Toyota,Autodromo Enzo e Dino Ferrari,Race circuit,Jarno Trulli,4,23,11607,3332,ITA,ITA,JPN,1,0,176.0
2006,Ferrari,Nürburgring,Race circuit,Michael Schumacher,5,7,13638,5369,DEU,DEU,ITA,1,0,-557.0
2006,Renault,Nürburgring,Race circuit,Fernando Alonso,5,7,9048,1890,DEU,ESP,FRA,0,0,-754.0
2006,Ferrari,Nürburgring,Race circuit,Felipe Massa,5,7,9143,1526,DEU,BRA,ITA,0,0,-163.0
2006,McLaren,Nürburgring,Race circuit,Kimi Räikkönen,5,7,9699,1890,DEU,FIN,GBR,0,0,-367.0
2006,Honda,Nürburgring,Race circuit,Rubens Barrichello,5,7,12402,4802,DEU,BRA,JPN,0,0,-101.0
2006,BMW Sauber,Nürburgring,Race circuit,Jacques Villeneuve,5,7,12812,3710,DEU,CAN,DEU,0,1,295.0
2006,Toyota,Nürburgring,Race circuit,Jarno Trulli,5,7,11621,3346,DEU,ITA,JPN,0,0,163.0
2006,McLaren,Nürburgring,Race circuit,Juan Pablo Montoya,5,7,11187,1890,DEU,COL,GBR,0,0,101.0
2006,Honda,Nürburgring,Race circuit,Jenson Button,5,7,9605,2247,DEU,GBR,JPN,0,0,185.0
2006,Williams,Nürburgring,Race circuit,Mark Webber,5,7,10845,1526,DEU,AUS,GBR,0,0,322.0
2006,Renault,Circuit de Barcelona-Catalunya,Race circuit,Fernando Alonso,5,14,9055,1897,ESP,ESP,FRA,1,0,-509.0
2006,Ferrari,Circuit de Barcelona-Catalunya,Race circuit,Michael Schumacher,5,14,13645,5376,ESP,DEU,ITA,0,0,-520.0
2006,Renault,Circuit de Barcelona-Catalunya,Race circuit,Giancarlo Fisichella,5,14,12173,3717,ESP,ITA,FRA,0,0,-448.0
2006,Ferrari,Circuit de Barcelona-Catalunya,Race circuit,Felipe Massa,5,14,9150,1533,ESP,BRA,ITA,0,0,88.0
2006,McLaren,Circuit de Barcelona-Catalunya,Race circuit,Kimi Räikkönen,5,14,9706,1897,ESP,FIN,GBR,0,0,265.0
2006,Honda,Circuit de Barcelona-Catalunya,Race circuit,Jenson Button,5,14,9612,2254,ESP,GBR,JPN,0,0,-7.0
2006,Honda,Circuit de Barcelona-Catalunya,Race circuit,Rubens Barrichello,5,14,12409,4809,ESP,BRA,JPN,0,0,101.0
2006,BMW Sauber,Circuit de Barcelona-Catalunya,Race circuit,Nick Heidfeld,5,14,10596,2254,ESP,DEU,DEU,0,0,311.0
2006,Toyota,Circuit de Barcelona-Catalunya,Race circuit,Jarno Trulli,5,14,11628,3353,ESP,ITA,JPN,0,0,-89.0
2006,Toyota,Circuit de Barcelona-Catalunya,Race circuit,Ralf Schumacher,5,14,11276,3353,ESP,DEU,JPN,0,0,7.0
2006,Renault,Circuit de Monaco,Street circuit,Fernando Alonso,5,28,9069,1911,MCO,ESP,FRA,0,0,-106.0
2006,McLaren,Circuit de Monaco,Street circuit,Juan Pablo Montoya,5,28,11208,1911,MCO,COL,GBR,0,0,567.0
2006,Red Bull,Circuit de Monaco,Street circuit,David Coulthard,5,28,12846,4382,MCO,GBR,AUT,0,0,-41.0
2006,Honda,Circuit de Monaco,Street circuit,Rubens Barrichello,5,28,12423,4823,MCO,BRA,JPN,0,0,584.0
2006,Renault,Circuit de Monaco,Street circuit,Giancarlo Fisichella,5,28,12187,3731,MCO,ITA,FRA,0,0,-81.0
2006,Toyota,Circuit de Monaco,Street circuit,Jarno Trulli,5,28,11642,3367,MCO,ITA,JPN,0,0,483.0
2006,Williams,Circuit de Monaco,Street circuit,Nico Rosberg,5,28,7640,77,MCO,DEU,GBR,0,0,181.0
2006,McLaren,Circuit de Monaco,Street circuit,Kimi Räikkönen,5,28,9720,1911,MCO,FIN,GBR,0,0,-196.0
2006,Williams,Circuit de Monaco,Street circuit,Mark Webber,5,28,10866,1547,MCO,AUS,GBR,0,0,0.0
2006,Renault,Silverstone Circuit,Race circuit,Fernando Alonso,6,11,9083,1925,GBR,ESP,FRA,0,0,-398.0
2006,Ferrari,Silverstone Circuit,Race circuit,Michael Schumacher,6,11,13673,5404,GBR,DEU,ITA,0,0,-76.0
2006,McLaren,Silverstone Circuit,Race circuit,Kimi Räikkönen,6,11,9734,1925,GBR,FIN,GBR,0,1,-254.0
2006,Renault,Silverstone Circuit,Race circuit,Giancarlo Fisichella,6,11,12201,3745,GBR,ITA,FRA,0,0,-56.0
2006,Ferrari,Silverstone Circuit,Race circuit,Felipe Massa,6,11,9178,1561,GBR,BRA,ITA,0,0,114.0
2006,McLaren,Silverstone Circuit,Race circuit,Juan Pablo Montoya,6,11,11222,1925,GBR,COL,GBR,0,1,166.0
2006,BMW Sauber,Silverstone Circuit,Race circuit,Nick Heidfeld,6,11,10624,2282,GBR,DEU,DEU,0,0,-22.0
2006,BMW Sauber,Silverstone Circuit,Race circuit,Jacques Villeneuve,6,11,12847,3745,GBR,CAN,DEU,0,0,22.0
2006,Honda,Silverstone Circuit,Race circuit,Rubens Barrichello,6,11,12437,4837,GBR,BRA,JPN,0,0,278.0
2006,Toyota,Silverstone Circuit,Race circuit,Ralf Schumacher,6,11,11304,3381,GBR,DEU,JPN,0,0,392.0
2006,Renault,Circuit Gilles Villeneuve,Street circuit,Fernando Alonso,6,25,9097,1939,CAN,ESP,FRA,0,0,-545.0
2006,Ferrari,Circuit Gilles Villeneuve,Street circuit,Michael Schumacher,6,25,13687,5418,CAN,DEU,ITA,0,0,-132.0
2006,McLaren,Circuit Gilles Villeneuve,Street circuit,Kimi Räikkönen,6,25,9748,1939,CAN,FIN,GBR,0,0,2.0
2006,Renault,Circuit Gilles Villeneuve,Street circuit,Giancarlo Fisichella,6,25,12215,3759,CAN,ITA,FRA,0,0,-93.0
2006,Ferrari,Circuit Gilles Villeneuve,Street circuit,Felipe Massa,6,25,9192,1575,CAN,BRA,ITA,0,0,284.0
2006,Toyota,Circuit Gilles Villeneuve,Street circuit,Jarno Trulli,6,25,11670,3395,CAN,ITA,JPN,0,0,235.0
2006,Honda,Circuit Gilles Villeneuve,Street circuit,Jenson Button,6,25,9654,2296,CAN,GBR,JPN,0,0,543.0
2006,McLaren,Circuit Gilles Villeneuve,Street circuit,Juan Pablo Montoya,6,25,11236,1939,CAN,COL,GBR,0,0,-18.0
2006,Honda,Circuit Gilles Villeneuve,Street circuit,Rubens Barrichello,6,25,12451,4851,CAN,BRA,JPN,0,0,330.0
2006,Williams,Circuit Gilles Villeneuve,Street circuit,Nico Rosberg,6,25,7668,105,CAN,DEU,GBR,0,0,-2.0
2006,Ferrari,Indianapolis Motor Speedway,Race circuit,Michael Schumacher,7,2,13694,5425,USA,DEU,ITA,0,0,-1060.0
2006,Ferrari,Indianapolis Motor Speedway,Race circuit,Felipe Massa,7,2,9199,1582,USA,BRA,ITA,0,0,-608.0
2006,Renault,Indianapolis Motor Speedway,Race circuit,Giancarlo Fisichella,7,2,12222,3766,USA,ITA,FRA,0,0,-496.0
2006,Renault,Indianapolis Motor Speedway,Race circuit,Fernando Alonso,7,2,9104,1946,USA,ESP,FRA,0,0,182.0
2006,Honda,Indianapolis Motor Speedway,Race circuit,Rubens Barrichello,7,2,12458,4858,USA,BRA,JPN,0,0,-432.0
2006,Toyota,Indianapolis Motor Speedway,Race circuit,Ralf Schumacher,7,2,11325,3402,USA,DEU,JPN,0,0,-22.0
2006,BMW Sauber,Indianapolis Motor Speedway,Race circuit,Jacques Villeneuve,7,2,12868,3766,USA,CAN,DEU,0,0,28.0
2006,Honda,Indianapolis Motor Speedway,Race circuit,Jenson Button,7,2,9661,2303,USA,GBR,JPN,0,0,170.0
2006,McLaren,Indianapolis Motor Speedway,Race circuit,Kimi Räikkönen,7,2,9755,1946,USA,FIN,GBR,0,0,440.0
2006,BMW Sauber,Indianapolis Motor Speedway,Race circuit,Nick Heidfeld,7,2,10645,2303,USA,DEU,DEU,0,0,22.0
2006,Ferrari,Circuit de Nevers Magny-Cours,Race circuit,Michael Schumacher,7,16,13708,5439,FRA,DEU,ITA,0,0,-613.0
2006,Renault,Circuit de Nevers Magny-Cours,Race circuit,Fernando Alonso,7,16,9118,1960,FRA,ESP,FRA,0,1,-18.0
2006,Ferrari,Circuit de Nevers Magny-Cours,Race circuit,Felipe Massa,7,16,9213,1596,FRA,BRA,ITA,0,0,-214.0
2006,Toyota,Circuit de Nevers Magny-Cours,Race circuit,Ralf Schumacher,7,16,11339,3416,FRA,DEU,JPN,0,0,-99.0
2006,McLaren,Circuit de Nevers Magny-Cours,Race circuit,Kimi Räikkönen,7,16,9769,1960,FRA,FIN,GBR,0,0,18.0
2006,Renault,Circuit de Nevers Magny-Cours,Race circuit,Giancarlo Fisichella,7,16,12236,3780,FRA,ITA,FRA,0,1,177.0
2006,McLaren,Circuit de Nevers Magny-Cours,Race circuit,Pedro de la Rosa,7,16,12926,2688,FRA,ESP,GBR,0,0,178.0
2006,Red Bull,Circuit de Nevers Magny-Cours,Race circuit,David Coulthard,7,16,12895,4431,FRA,GBR,AUT,0,0,250.0
2006,Williams,Circuit de Nevers Magny-Cours,Race circuit,Nico Rosberg,7,16,7689,126,FRA,DEU,GBR,0,0,202.0
2006,Toyota,Circuit de Nevers Magny-Cours,Race circuit,Jarno Trulli,7,16,11691,3416,FRA,ITA,JPN,0,0,-174.0
2006,Ferrari,Hockenheimring,Race circuit,Michael Schumacher,7,30,13722,5453,DEU,DEU,ITA,1,0,-818.0
2006,Ferrari,Hockenheimring,Race circuit,Felipe Massa,7,30,9227,1610,DEU,BRA,ITA,0,0,-502.0
2006,McLaren,Hockenheimring,Race circuit,Kimi Räikkönen,7,30,9783,1974,DEU,FIN,GBR,0,0,-526.0
2006,Honda,Hockenheimring,Race circuit,Jenson Button,7,30,9689,2331,DEU,GBR,JPN,0,0,-218.0
2006,Renault,Hockenheimring,Race circuit,Fernando Alonso,7,30,9132,1974,DEU,ESP,FRA,0,0,150.0
2006,Renault,Hockenheimring,Race circuit,Giancarlo Fisichella,7,30,12250,3794,DEU,ITA,FRA,0,0,-56.0
2006,Toyota,Hockenheimring,Race circuit,Ralf Schumacher,7,30,11353,3430,DEU,DEU,JPN,1,0,147.0
2006,Red Bull,Hockenheimring,Race circuit,David Coulthard,7,30,12909,4445,DEU,GBR,AUT,0,0,230.0
2006,Honda,Hockenheimring,Race circuit,Rubens Barrichello,7,30,12486,4886,DEU,BRA,JPN,0,0,56.0
2006,McLaren,Hockenheimring,Race circuit,Pedro de la Rosa,7,30,12940,2702,DEU,ESP,GBR,0,0,425.0
2006,Honda,Hungaroring,Race circuit,Jenson Button,8,6,9696,2338,HUN,GBR,JPN,0,0,-76.0
2006,McLaren,Hungaroring,Race circuit,Pedro de la Rosa,8,6,12947,2709,HUN,ESP,GBR,0,0,-28.0
2006,Honda,Hungaroring,Race circuit,Rubens Barrichello,8,6,12493,4893,HUN,BRA,JPN,0,0,-236.0
2006,Toyota,Hungaroring,Race circuit,Ralf Schumacher,8,6,11360,3437,HUN,DEU,JPN,0,0,224.0
2006,Ferrari,Hungaroring,Race circuit,Felipe Massa,8,6,9234,1617,HUN,BRA,ITA,0,0,-515.0
2006,Toyota,Hungaroring,Race circuit,Jarno Trulli,8,6,11712,3437,HUN,ITA,JPN,0,0,212.0
2006,McLaren,Hungaroring,Race circuit,Kimi Räikkönen,8,6,9790,1981,HUN,FIN,GBR,0,0,-420.0
2006,Renault,Hungaroring,Race circuit,Giancarlo Fisichella,8,6,12257,3801,HUN,ITA,FRA,0,0,135.0
2006,Williams,Hungaroring,Race circuit,Mark Webber,8,6,10936,1617,HUN,AUS,GBR,0,0,28.0
2006,BMW Sauber,Hungaroring,Race circuit,Robert Kubica,8,6,7912,0,HUN,POL,DEU,0,0,237.0
2006,Ferrari,Istanbul Park,Race circuit,Felipe Massa,8,27,9255,1638,TUR,BRA,ITA,0,0,-225.0
2006,Renault,Istanbul Park,Race circuit,Fernando Alonso,8,27,9160,2002,TUR,ESP,FRA,0,0,-215.0
2006,Ferrari,Istanbul Park,Race circuit,Michael Schumacher,8,27,13750,5481,TUR,DEU,ITA,0,0,-1282.0
2006,Honda,Istanbul Park,Race circuit,Jenson Button,8,27,9717,2359,TUR,GBR,JPN,0,0,-260.0
2006,Renault,Istanbul Park,Race circuit,Giancarlo Fisichella,8,27,12278,3822,TUR,ITA,FRA,0,0,214.0
2006,Toyota,Istanbul Park,Race circuit,Ralf Schumacher,8,27,11381,3458,TUR,DEU,JPN,0,0,-70.0
2006,Williams,Istanbul Park,Race circuit,Mark Webber,8,27,10957,1638,TUR,AUS,GBR,0,0,476.0
2006,BMW Sauber,Istanbul Park,Race circuit,Robert Kubica,8,27,7933,21,TUR,POL,DEU,0,0,273.0
2006,BMW Sauber,Istanbul Park,Race circuit,Nick Heidfeld,8,27,10701,2359,TUR,DEU,DEU,0,0,119.0
2006,McLaren,Istanbul Park,Race circuit,Kimi Räikkönen,8,27,9811,2002,TUR,FIN,GBR,0,0,70.0
2006,Ferrari,Autodromo Nazionale di Monza,Race circuit,Michael Schumacher,9,10,13764,5495,ITA,DEU,ITA,0,1,-122.0
2006,McLaren,Autodromo Nazionale di Monza,Race circuit,Kimi Räikkönen,9,10,9825,2016,ITA,FIN,GBR,0,0,-126.0
2006,BMW Sauber,Autodromo Nazionale di Monza,Race circuit,Robert Kubica,9,10,7947,35,ITA,POL,DEU,0,0,-206.0
2006,Renault,Autodromo Nazionale di Monza,Race circuit,Giancarlo Fisichella,9,10,12292,3836,ITA,ITA,FRA,1,0,246.0
2006,Honda,Autodromo Nazionale di Monza,Race circuit,Jenson Button,9,10,9731,2373,ITA,GBR,JPN,0,0,96.0
2006,Honda,Autodromo Nazionale di Monza,Race circuit,Rubens Barrichello,9,10,12528,4928,ITA,BRA,JPN,0,0,212.0
2006,BMW Sauber,Autodromo Nazionale di Monza,Race circuit,Nick Heidfeld,9,10,10715,2373,ITA,DEU,DEU,0,0,-50.0
2006,Ferrari,Autodromo Nazionale di Monza,Race circuit,Felipe Massa,9,10,9269,1652,ITA,BRA,ITA,0,1,-250.0
2006,Renault,Autodromo Nazionale di Monza,Race circuit,Fernando Alonso,9,10,9174,2016,ITA,ESP,FRA,0,0,50.0
2006,McLaren,Autodromo Nazionale di Monza,Race circuit,Pedro de la Rosa,9,10,12982,2744,ITA,ESP,GBR,0,0,402.0
2006,Ferrari,Shanghai International Circuit,Race circuit,Michael Schumacher,10,1,13785,5516,CHN,DEU,ITA,0,0,678.0
2006,Renault,Shanghai International Circuit,Race circuit,Fernando Alonso,10,1,9195,2037,CHN,ESP,FRA,0,0,-1031.0
2006,Renault,Shanghai International Circuit,Race circuit,Giancarlo Fisichella,10,1,12313,3857,CHN,ITA,FRA,0,0,-646.0
2006,Honda,Shanghai International Circuit,Race circuit,Jenson Button,10,1,9752,2394,CHN,GBR,JPN,0,0,-320.0
2006,McLaren,Shanghai International Circuit,Race circuit,Pedro de la Rosa,10,1,13003,2765,CHN,ESP,GBR,0,0,-174.0
2006,Honda,Shanghai International Circuit,Race circuit,Rubens Barrichello,10,1,12549,4949,CHN,BRA,JPN,0,0,246.0
2006,BMW Sauber,Shanghai International Circuit,Race circuit,Nick Heidfeld,10,1,10736,2394,CHN,DEU,DEU,0,0,73.0
2006,Red Bull,Shanghai International Circuit,Race circuit,Robert Doornbos,10,1,9139,434,CHN,NLD,AUT,0,0,765.0
2006,BMW Sauber,Shanghai International Circuit,Race circuit,Robert Kubica,10,1,7968,56,CHN,POL,DEU,0,0,594.0
2006,McLaren,Shanghai International Circuit,Race circuit,Kimi Räikkönen,10,1,9846,2037,CHN,FIN,GBR,0,0,-73.0
2006,Renault,Suzuka Circuit,Race circuit,Fernando Alonso,10,8,9202,2044,JPN,ESP,FRA,0,0,70.0
2006,Ferrari,Suzuka Circuit,Race circuit,Felipe Massa,10,8,9297,1680,JPN,BRA,ITA,0,0,-688.0
2006,Renault,Suzuka Circuit,Race circuit,Giancarlo Fisichella,10,8,12320,3864,JPN,ITA,FRA,0,0,19.0
2006,Honda,Suzuka Circuit,Race circuit,Jenson Button,10,8,9759,2401,JPN,GBR,JPN,0,1,-19.0
2006,Toyota,Suzuka Circuit,Race circuit,Jarno Trulli,10,8,11775,3500,JPN,ITA,JPN,0,1,-248.0
2006,Toyota,Suzuka Circuit,Race circuit,Ralf Schumacher,10,8,11423,3500,JPN,DEU,JPN,0,1,-298.0
2006,BMW Sauber,Suzuka Circuit,Race circuit,Nick Heidfeld,10,8,10743,2401,JPN,DEU,DEU,0,0,183.0
2006,Williams,Suzuka Circuit,Race circuit,Nico Rosberg,10,8,7773,210,JPN,DEU,GBR,0,0,34.0
2006,Honda,Suzuka Circuit,Race circuit,Rubens Barrichello,10,8,12556,4956,JPN,BRA,JPN,0,1,311.0
2006,Ferrari,Suzuka Circuit,Race circuit,Michael Schumacher,10,8,13792,5523,JPN,DEU,ITA,0,0,-1333.0
2006,Ferrari,Autódromo José Carlos Pace,Race circuit,Felipe Massa,10,22,9311,1694,BRA,BRA,ITA,1,0,-818.0
2006,Renault,Autódromo José Carlos Pace,Race circuit,Fernando Alonso,10,22,9216,2058,BRA,ESP,FRA,0,0,-313.0
2006,McLaren,Autódromo José Carlos Pace,Race circuit,Kimi Räikkönen,10,22,9867,2058,BRA,FIN,GBR,0,0,-162.0
2006,Renault,Autódromo José Carlos Pace,Race circuit,Giancarlo Fisichella,10,22,12334,3878,BRA,ITA,FRA,0,0,0.0
2006,Honda,Autódromo José Carlos Pace,Race circuit,Rubens Barrichello,10,22,12570,4970,BRA,BRA,JPN,1,0,117.0
2006,BMW Sauber,Autódromo José Carlos Pace,Race circuit,Robert Kubica,10,22,7989,77,BRA,POL,DEU,0,0,128.0
2006,BMW Sauber,Autódromo José Carlos Pace,Race circuit,Nick Heidfeld,10,22,10757,2415,BRA,DEU,DEU,0,0,187.0
2006,Toyota,Autódromo José Carlos Pace,Race circuit,Jarno Trulli,10,22,11789,3514,BRA,ITA,JPN,0,0,-133.0
2006,Toyota,Autódromo José Carlos Pace,Race circuit,Ralf Schumacher,10,22,11437,3514,BRA,DEU,JPN,0,0,89.0
2007,Ferrari,Albert Park Grand Prix Circuit,Street circuit,Kimi Räikkönen,3,18,10014,2205,AUS,FIN,ITA,0,0,-269.0
2007,McLaren,Albert Park Grand Prix Circuit,Street circuit,Fernando Alonso,3,18,9363,2205,AUS,ESP,GBR,0,0,-587.0
2007,McLaren,Albert Park Grand Prix Circuit,Street circuit,Lewis Hamilton,3,18,8105,0,AUS,GBR,GBR,0,0,-336.0
2007,BMW Sauber,Albert Park Grand Prix Circuit,Street circuit,Nick Heidfeld,3,18,10904,2562,AUS,DEU,DEU,0,0,-555.0
2007,Renault,Albert Park Grand Prix Circuit,Street circuit,Giancarlo Fisichella,3,18,12481,4025,AUS,ITA,FRA,0,0,31.0
2007,Toyota,Albert Park Grand Prix Circuit,Street circuit,Ralf Schumacher,3,18,11584,3661,AUS,DEU,JPN,0,0,826.0
2007,Toyota,Albert Park Grand Prix Circuit,Street circuit,Jarno Trulli,3,18,11936,3661,AUS,ITA,JPN,0,0,775.0
2007,Super Aguri,Albert Park Grand Prix Circuit,Street circuit,Takuma Sato,3,18,11006,1841,AUS,JPN,JPN,0,0,845.0
2007,Red Bull,Albert Park Grand Prix Circuit,Street circuit,Mark Webber,3,18,11160,1841,AUS,AUS,AUT,1,0,710.0
2007,BMW Sauber,Albert Park Grand Prix Circuit,Street circuit,Robert Kubica,3,18,8136,224,AUS,POL,DEU,0,0,-31.0
2007,McLaren,Sepang International Circuit,Race circuit,Fernando Alonso,4,8,9384,2226,MYS,ESP,GBR,0,0,-914.0
2007,McLaren,Sepang International Circuit,Race circuit,Lewis Hamilton,4,8,8126,21,MYS,GBR,GBR,0,0,-321.0
2007,Ferrari,Sepang International Circuit,Race circuit,Kimi Räikkönen,4,8,10035,2226,MYS,FIN,ITA,0,0,-284.0
2007,BMW Sauber,Sepang International Circuit,Race circuit,Nick Heidfeld,4,8,10925,2583,MYS,DEU,DEU,0,0,232.0
2007,Ferrari,Sepang International Circuit,Race circuit,Felipe Massa,4,8,9479,1862,MYS,BRA,ITA,0,0,-517.0
2007,Toyota,Sepang International Circuit,Race circuit,Jarno Trulli,4,8,11957,3682,MYS,ITA,JPN,0,0,284.0
2007,Red Bull,Sepang International Circuit,Race circuit,Mark Webber,4,8,11181,1862,MYS,AUS,AUT,0,0,608.0
2007,Toyota,Sepang International Circuit,Race circuit,Ralf Schumacher,4,8,11605,3682,MYS,DEU,JPN,0,0,624.0
2007,BMW Sauber,Sepang International Circuit,Race circuit,Robert Kubica,4,8,8157,245,MYS,POL,DEU,0,0,-232.0
2007,Williams,Sepang International Circuit,Race circuit,Nico Rosberg,4,8,7955,392,MYS,DEU,GBR,0,0,409.0
2007,Ferrari,Bahrain International Circuit,Race circuit,Felipe Massa,4,15,9486,1869,BHR,BRA,ITA,0,0,-894.0
2007,McLaren,Bahrain International Circuit,Race circuit,Lewis Hamilton,4,15,8133,28,BHR,GBR,GBR,0,0,-501.0
2007,Ferrari,Bahrain International Circuit,Race circuit,Kimi Räikkönen,4,15,10042,2233,BHR,FIN,ITA,0,0,-441.0
2007,BMW Sauber,Bahrain International Circuit,Race circuit,Nick Heidfeld,4,15,10932,2590,BHR,DEU,DEU,0,0,-99.0
2007,McLaren,Bahrain International Circuit,Race circuit,Fernando Alonso,4,15,9391,2233,BHR,ESP,GBR,0,0,-39.0
2007,BMW Sauber,Bahrain International Circuit,Race circuit,Robert Kubica,4,15,8164,252,BHR,POL,DEU,0,0,39.0
2007,Toyota,Bahrain International Circuit,Race circuit,Jarno Trulli,4,15,11964,3689,BHR,ITA,JPN,0,0,176.0
2007,Renault,Bahrain International Circuit,Race circuit,Giancarlo Fisichella,4,15,12509,4053,BHR,ITA,FRA,0,0,636.0
2007,Williams,Bahrain International Circuit,Race circuit,Nico Rosberg,4,15,7962,399,BHR,DEU,GBR,0,0,562.0
2007,Red Bull,Bahrain International Circuit,Race circuit,Mark Webber,4,15,11188,1869,BHR,AUS,AUT,0,0,555.0
2007,Ferrari,Circuit de Barcelona-Catalunya,Race circuit,Felipe Massa,5,13,9514,1897,ESP,BRA,ITA,0,0,-650.0
2007,McLaren,Circuit de Barcelona-Catalunya,Race circuit,Lewis Hamilton,5,13,8161,56,ESP,GBR,GBR,0,0,-534.0
2007,McLaren,Circuit de Barcelona-Catalunya,Race circuit,Fernando Alonso,5,13,9419,2261,ESP,ESP,GBR,1,0,-450.0
2007,BMW Sauber,Circuit de Barcelona-Catalunya,Race circuit,Robert Kubica,5,13,8192,280,ESP,POL,DEU,0,0,134.0
2007,Red Bull,Circuit de Barcelona-Catalunya,Race circuit,David Coulthard,5,13,13196,4732,ESP,GBR,AUT,0,0,241.0
2007,Renault,Circuit de Barcelona-Catalunya,Race circuit,Heikki Kovalainen,5,13,9337,56,ESP,FIN,FRA,0,0,376.0
2007,Renault,Circuit de Barcelona-Catalunya,Race circuit,Giancarlo Fisichella,5,13,12537,4081,ESP,ITA,FRA,0,0,430.0
2007,BMW Sauber,Circuit de Barcelona-Catalunya,Race circuit,Nick Heidfeld,5,13,10960,2618,ESP,DEU,DEU,0,0,-134.0
2007,Ferrari,Circuit de Barcelona-Catalunya,Race circuit,Kimi Räikkönen,5,13,10070,2261,ESP,FIN,ITA,0,0,-506.0
2007,Toyota,Circuit de Barcelona-Catalunya,Race circuit,Jarno Trulli,5,13,11992,3717,ESP,ITA,JPN,0,0,307.0
2007,McLaren,Circuit de Monaco,Street circuit,Fernando Alonso,5,27,9433,2275,MCO,ESP,GBR,0,0,-580.0
2007,McLaren,Circuit de Monaco,Street circuit,Lewis Hamilton,5,27,8175,70,MCO,GBR,GBR,0,0,-532.0
2007,Ferrari,Circuit de Monaco,Street circuit,Felipe Massa,5,27,9528,1911,MCO,BRA,ITA,0,0,-44.0
2007,Renault,Circuit de Monaco,Street circuit,Giancarlo Fisichella,5,27,12551,4095,MCO,ITA,FRA,0,0,44.0
2007,BMW Sauber,Circuit de Monaco,Street circuit,Robert Kubica,5,27,8206,294,MCO,POL,DEU,0,0,-434.0
2007,BMW Sauber,Circuit de Monaco,Street circuit,Nick Heidfeld,5,27,10974,2632,MCO,DEU,DEU,0,0,-278.0
2007,Honda,Circuit de Monaco,Street circuit,Rubens Barrichello,5,27,12787,5187,MCO,BRA,JPN,0,0,444.0
2007,Honda,Circuit de Monaco,Street circuit,Jenson Button,5,27,9990,2632,MCO,GBR,JPN,0,0,446.0
2007,Williams,Circuit de Monaco,Street circuit,Nico Rosberg,5,27,8004,441,MCO,DEU,GBR,0,0,90.0
2007,Red Bull,Circuit de Monaco,Street circuit,Mark Webber,5,27,11230,1911,MCO,AUS,AUT,0,0,410.0
2007,McLaren,Circuit Gilles Villeneuve,Street circuit,Lewis Hamilton,6,10,8189,84,CAN,GBR,GBR,0,0,-738.0
2007,BMW Sauber,Circuit Gilles Villeneuve,Street circuit,Nick Heidfeld,6,10,10988,2646,CAN,DEU,DEU,0,0,-264.0
2007,Ferrari,Circuit Gilles Villeneuve,Street circuit,Kimi Räikkönen,6,10,10098,2289,CAN,FIN,ITA,0,0,188.0
2007,McLaren,Circuit Gilles Villeneuve,Street circuit,Fernando Alonso,6,10,9447,2289,CAN,ESP,GBR,0,0,-702.0
2007,Red Bull,Circuit Gilles Villeneuve,Street circuit,Mark Webber,6,10,11244,1925,CAN,AUS,AUT,0,0,34.0
2007,Williams,Circuit Gilles Villeneuve,Street circuit,Nico Rosberg,6,10,8018,455,CAN,DEU,GBR,0,0,-34.0
2007,Toyota,Circuit Gilles Villeneuve,Street circuit,Jarno Trulli,6,10,12020,3745,CAN,ITA,JPN,0,0,376.0
2007,BMW Sauber,Circuit Gilles Villeneuve,Street circuit,Robert Kubica,6,10,8220,308,CAN,POL,DEU,0,0,144.0
2007,Ferrari,Circuit Gilles Villeneuve,Street circuit,Felipe Massa,6,10,9542,1925,CAN,BRA,ITA,0,0,-86.0
2007,Renault,Circuit Gilles Villeneuve,Street circuit,Giancarlo Fisichella,6,10,12565,4109,CAN,ITA,FRA,0,0,64.0
2007,McLaren,Indianapolis Motor Speedway,Race circuit,Lewis Hamilton,6,17,8196,91,USA,GBR,GBR,0,0,-328.0
2007,McLaren,Indianapolis Motor Speedway,Race circuit,Fernando Alonso,6,17,9454,2296,USA,ESP,GBR,0,0,-468.0
2007,Ferrari,Indianapolis Motor Speedway,Race circuit,Felipe Massa,6,17,9549,1932,USA,BRA,ITA,0,0,-214.0
2007,Ferrari,Indianapolis Motor Speedway,Race circuit,Kimi Räikkönen,6,17,10105,2296,USA,FIN,ITA,0,0,-282.0
2007,Renault,Indianapolis Motor Speedway,Race circuit,Heikki Kovalainen,6,17,9372,91,USA,FIN,FRA,0,0,206.0
2007,Toyota,Indianapolis Motor Speedway,Race circuit,Jarno Trulli,6,17,12027,3752,USA,ITA,JPN,0,0,434.0
2007,Red Bull,Indianapolis Motor Speedway,Race circuit,Mark Webber,6,17,11251,1932,USA,AUS,AUT,0,0,394.0
2007,BMW Sauber,Indianapolis Motor Speedway,Race circuit,Sebastian Vettel,6,17,7289,0,USA,DEU,DEU,0,0,250.0
2007,Renault,Indianapolis Motor Speedway,Race circuit,Giancarlo Fisichella,6,17,12572,4116,USA,ITA,FRA,0,0,210.0
2007,BMW Sauber,Indianapolis Motor Speedway,Race circuit,Nick Heidfeld,6,17,10995,2653,USA,DEU,DEU,0,0,-206.0
2007,Ferrari,Circuit de Nevers Magny-Cours,Race circuit,Kimi Räikkönen,7,1,10119,2310,FRA,FIN,ITA,0,0,-321.0
2007,Ferrari,Circuit de Nevers Magny-Cours,Race circuit,Felipe Massa,7,1,9563,1946,FRA,BRA,ITA,0,0,-327.0
2007,McLaren,Circuit de Nevers Magny-Cours,Race circuit,Lewis Hamilton,7,1,8210,105,FRA,GBR,GBR,0,0,-354.0
2007,BMW Sauber,Circuit de Nevers Magny-Cours,Race circuit,Robert Kubica,7,1,8241,329,FRA,POL,DEU,0,0,-83.0
2007,BMW Sauber,Circuit de Nevers Magny-Cours,Race circuit,Nick Heidfeld,7,1,11009,2667,FRA,DEU,DEU,0,0,0.0
2007,Renault,Circuit de Nevers Magny-Cours,Race circuit,Giancarlo Fisichella,7,1,12586,4130,FRA,ITA,FRA,0,1,78.0
2007,Williams,Circuit de Nevers Magny-Cours,Race circuit,Nico Rosberg,7,1,8039,476,FRA,DEU,GBR,0,0,182.0
2007,Renault,Circuit de Nevers Magny-Cours,Race circuit,Heikki Kovalainen,7,1,9386,105,FRA,FIN,FRA,0,1,123.0
2007,Toyota,Circuit de Nevers Magny-Cours,Race circuit,Jarno Trulli,7,1,12041,3766,FRA,ITA,JPN,0,0,230.0
2007,Ferrari,Silverstone Circuit,Race circuit,Kimi Räikkönen,7,8,10126,2317,GBR,FIN,ITA,0,0,-699.0
2007,McLaren,Silverstone Circuit,Race circuit,Fernando Alonso,7,8,9475,2317,GBR,ESP,GBR,0,1,-799.0
2007,McLaren,Silverstone Circuit,Race circuit,Lewis Hamilton,7,8,8217,112,GBR,GBR,GBR,1,1,-551.0
2007,BMW Sauber,Silverstone Circuit,Race circuit,Robert Kubica,7,8,8248,336,GBR,POL,DEU,0,0,103.0
2007,Ferrari,Silverstone Circuit,Race circuit,Felipe Massa,7,8,9570,1953,GBR,BRA,ITA,0,0,-530.0
2007,BMW Sauber,Silverstone Circuit,Race circuit,Nick Heidfeld,7,8,11016,2674,GBR,DEU,DEU,0,0,227.0
2007,Renault,Silverstone Circuit,Race circuit,Heikki Kovalainen,7,8,9393,112,GBR,FIN,FRA,0,0,126.0
2007,Renault,Silverstone Circuit,Race circuit,Giancarlo Fisichella,7,8,12593,4137,GBR,ITA,FRA,0,0,91.0
2007,Toyota,Silverstone Circuit,Race circuit,Jarno Trulli,7,8,12048,3773,GBR,ITA,JPN,0,0,182.0
2007,Toyota,Silverstone Circuit,Race circuit,Ralf Schumacher,7,8,11696,3773,GBR,DEU,JPN,0,0,-91.0
2007,McLaren,Nürburgring,Race circuit,Fernando Alonso,7,22,9489,2331,DEU,ESP,GBR,0,0,-565.0
2007,Ferrari,Nürburgring,Race circuit,Felipe Massa,7,22,9584,1967,DEU,BRA,ITA,0,0,-636.0
2007,Red Bull,Nürburgring,Race circuit,Mark Webber,7,22,11286,1967,DEU,AUS,AUT,0,0,113.0
2007,BMW Sauber,Nürburgring,Race circuit,Nick Heidfeld,7,22,11030,2688,DEU,DEU,DEU,1,1,104.0
2007,BMW Sauber,Nürburgring,Race circuit,Robert Kubica,7,22,8262,350,DEU,POL,DEU,0,1,-104.0
2007,Renault,Nürburgring,Race circuit,Heikki Kovalainen,7,22,9407,126,DEU,FIN,FRA,0,0,235.0
2007,McLaren,Nürburgring,Race circuit,Lewis Hamilton,7,22,8231,126,DEU,GBR,GBR,0,0,-363.0
2007,Toyota,Nürburgring,Race circuit,Jarno Trulli,7,22,12062,3787,DEU,ITA,JPN,0,0,311.0
2007,Ferrari,Nürburgring,Race circuit,Kimi Räikkönen,7,22,10140,2331,DEU,FIN,ITA,0,0,-311.0
2007,Toyota,Nürburgring,Race circuit,Ralf Schumacher,7,22,11710,3787,DEU,DEU,JPN,1,0,295.0
2007,McLaren,Hungaroring,Race circuit,Lewis Hamilton,8,5,8245,140,HUN,GBR,GBR,0,0,-922.0
2007,Ferrari,Hungaroring,Race circuit,Kimi Räikkönen,8,5,10154,2345,HUN,FIN,ITA,0,0,-116.0
2007,BMW Sauber,Hungaroring,Race circuit,Nick Heidfeld,8,5,11044,2702,HUN,DEU,DEU,0,0,36.0
2007,McLaren,Hungaroring,Race circuit,Fernando Alonso,8,5,9503,2345,HUN,ESP,GBR,0,0,-562.0
2007,BMW Sauber,Hungaroring,Race circuit,Robert Kubica,8,5,8276,364,HUN,POL,DEU,0,0,142.0
2007,Toyota,Hungaroring,Race circuit,Ralf Schumacher,8,5,11724,3801,HUN,DEU,JPN,0,0,226.0
2007,Williams,Hungaroring,Race circuit,Nico Rosberg,8,5,8074,511,HUN,DEU,GBR,0,0,-36.0
2007,Red Bull,Hungaroring,Race circuit,Mark Webber,8,5,11300,1981,HUN,AUS,AUT,0,0,216.0
2007,Toyota,Hungaroring,Race circuit,Jarno Trulli,8,5,12076,3801,HUN,ITA,JPN,0,0,-272.0
2007,Renault,Hungaroring,Race circuit,Giancarlo Fisichella,8,5,12621,4165,HUN,ITA,FRA,0,0,366.0
2007,Ferrari,Istanbul Park,Race circuit,Felipe Massa,8,26,9619,2002,TUR,BRA,ITA,0,0,-107.0
2007,Ferrari,Istanbul Park,Race circuit,Kimi Räikkönen,8,26,10175,2366,TUR,FIN,ITA,0,0,-244.0
2007,McLaren,Istanbul Park,Race circuit,Fernando Alonso,8,26,9524,2366,TUR,ESP,GBR,0,0,-305.0
2007,BMW Sauber,Istanbul Park,Race circuit,Nick Heidfeld,8,26,11065,2723,TUR,DEU,DEU,0,0,107.0
2007,McLaren,Istanbul Park,Race circuit,Lewis Hamilton,8,26,8266,161,TUR,GBR,GBR,0,0,-210.0
2007,Renault,Istanbul Park,Race circuit,Heikki Kovalainen,8,26,9442,161,TUR,FIN,FRA,0,0,-107.0
2007,Williams,Istanbul Park,Race circuit,Nico Rosberg,8,26,8095,532,TUR,DEU,GBR,0,0,604.0
2007,BMW Sauber,Istanbul Park,Race circuit,Robert Kubica,8,26,8297,385,TUR,POL,DEU,0,0,107.0
2007,Renault,Istanbul Park,Race circuit,Giancarlo Fisichella,8,26,12642,4186,TUR,ITA,FRA,0,0,734.0
2007,Toyota,Istanbul Park,Race circuit,Jarno Trulli,8,26,12097,3822,TUR,ITA,JPN,0,0,655.0
2007,McLaren,Autodromo Nazionale di Monza,Race circuit,Fernando Alonso,9,9,9538,2380,ITA,ESP,GBR,0,0,-1077.0
2007,McLaren,Autodromo Nazionale di Monza,Race circuit,Lewis Hamilton,9,9,8280,175,ITA,GBR,GBR,0,0,-687.0
2007,Ferrari,Autodromo Nazionale di Monza,Race circuit,Kimi Räikkönen,9,9,10189,2380,ITA,FIN,ITA,0,1,-64.0
2007,BMW Sauber,Autodromo Nazionale di Monza,Race circuit,Nick Heidfeld,9,9,11079,2737,ITA,DEU,DEU,0,0,33.0
2007,BMW Sauber,Autodromo Nazionale di Monza,Race circuit,Robert Kubica,9,9,8311,399,ITA,POL,DEU,0,0,-33.0
2007,Williams,Autodromo Nazionale di Monza,Race circuit,Nico Rosberg,9,9,8109,546,ITA,DEU,GBR,0,0,315.0
2007,Renault,Autodromo Nazionale di Monza,Race circuit,Heikki Kovalainen,9,9,9456,175,ITA,FIN,FRA,0,0,701.0
2007,Honda,Autodromo Nazionale di Monza,Race circuit,Jenson Button,9,9,10095,2737,ITA,GBR,JPN,0,0,588.0
2007,Toyota,Autodromo Nazionale di Monza,Race circuit,Jarno Trulli,9,9,12111,3836,ITA,ITA,JPN,1,0,674.0
2007,Ferrari,Autodromo Nazionale di Monza,Race circuit,Felipe Massa,9,9,9633,2016,ITA,BRA,ITA,0,1,-440.0
2007,Ferrari,Circuit de Spa-Francorchamps,Race circuit,Kimi Räikkönen,9,16,10196,2387,BEL,FIN,ITA,0,0,-870.0
2007,Ferrari,Circuit de Spa-Francorchamps,Race circuit,Felipe Massa,9,16,9640,2023,BEL,BRA,ITA,0,0,-766.0
2007,McLaren,Circuit de Spa-Francorchamps,Race circuit,Fernando Alonso,9,16,9545,2387,BEL,ESP,GBR,0,0,-498.0
2007,McLaren,Circuit de Spa-Francorchamps,Race circuit,Lewis Hamilton,9,16,8287,182,BEL,GBR,GBR,0,0,-808.0
2007,BMW Sauber,Circuit de Spa-Francorchamps,Race circuit,Nick Heidfeld,9,16,11086,2744,BEL,DEU,DEU,0,0,54.0
2007,Williams,Circuit de Spa-Francorchamps,Race circuit,Nico Rosberg,9,16,8116,553,BEL,DEU,GBR,0,0,530.0
2007,Red Bull,Circuit de Spa-Francorchamps,Race circuit,Mark Webber,9,16,11342,2023,BEL,AUS,AUT,0,0,486.0
2007,Renault,Circuit de Spa-Francorchamps,Race circuit,Heikki Kovalainen,9,16,9463,182,BEL,FIN,FRA,0,0,300.0
2007,BMW Sauber,Circuit de Spa-Francorchamps,Race circuit,Robert Kubica,9,16,8318,406,BEL,POL,DEU,0,0,-54.0
2007,Toyota,Circuit de Spa-Francorchamps,Race circuit,Jarno Trulli,9,16,12118,3843,BEL,ITA,JPN,0,0,540.0
2007,McLaren,Fuji Speedway,Race circuit,Lewis Hamilton,9,30,8301,196,JPN,GBR,GBR,0,0,-598.0
2007,Ferrari,Fuji Speedway,Race circuit,Kimi Räikkönen,9,30,10210,2401,JPN,FIN,ITA,0,0,-363.0
2007,Ferrari,Fuji Speedway,Race circuit,Felipe Massa,9,30,9654,2037,JPN,BRA,ITA,0,0,-302.0
2007,BMW Sauber,Fuji Speedway,Race circuit,Robert Kubica,9,30,8332,420,JPN,POL,DEU,0,0,179.0
2007,Honda,Fuji Speedway,Race circuit,Jenson Button,9,30,10116,2758,JPN,GBR,JPN,0,1,103.0
2007,BMW Sauber,Fuji Speedway,Race circuit,Nick Heidfeld,9,30,11100,2758,JPN,DEU,DEU,0,0,-103.0
2007,Williams,Fuji Speedway,Race circuit,Nico Rosberg,9,30,8130,567,JPN,DEU,GBR,0,0,465.0
2007,Toro Rosso,Fuji Speedway,Race circuit,Sebastian Vettel,9,30,7394,105,JPN,DEU,ITA,0,0,558.0
2007,Red Bull,Fuji Speedway,Race circuit,Mark Webber,9,30,11356,2037,JPN,AUS,AUT,0,0,184.0
2007,McLaren,Fuji Speedway,Race circuit,Fernando Alonso,9,30,9559,2401,JPN,ESP,GBR,0,0,-545.0
2007,Ferrari,Shanghai International Circuit,Race circuit,Kimi Räikkönen,10,7,10217,2408,CHN,FIN,ITA,0,0,-786.0
2007,McLaren,Shanghai International Circuit,Race circuit,Fernando Alonso,10,7,9566,2408,CHN,ESP,GBR,0,0,-358.0
2007,Ferrari,Shanghai International Circuit,Race circuit,Felipe Massa,10,7,9661,2044,CHN,BRA,ITA,0,0,-374.0
2007,Honda,Shanghai International Circuit,Race circuit,Jenson Button,10,7,10123,2765,CHN,GBR,JPN,0,0,604.0
2007,BMW Sauber,Shanghai International Circuit,Race circuit,Nick Heidfeld,10,7,11107,2765,CHN,DEU,DEU,0,0,50.0
2007,Red Bull,Shanghai International Circuit,Race circuit,David Coulthard,10,7,13343,4879,CHN,GBR,AUT,0,0,86.0
2007,Red Bull,Shanghai International Circuit,Race circuit,Mark Webber,10,7,11363,2044,CHN,AUS,AUT,0,0,436.0
2007,BMW Sauber,Shanghai International Circuit,Race circuit,Robert Kubica,10,7,8339,427,CHN,POL,DEU,0,0,-50.0
2007,McLaren,Shanghai International Circuit,Race circuit,Lewis Hamilton,10,7,8308,203,CHN,GBR,GBR,0,0,-368.0
2007,Toyota,Shanghai International Circuit,Race circuit,Ralf Schumacher,10,7,11787,3864,CHN,DEU,JPN,0,0,542.0
2007,Ferrari,Autódromo José Carlos Pace,Race circuit,Kimi Räikkönen,10,21,10231,2422,BRA,FIN,ITA,0,0,-501.0
2007,Ferrari,Autódromo José Carlos Pace,Race circuit,Felipe Massa,10,21,9675,2058,BRA,BRA,ITA,1,0,-731.0
2007,McLaren,Autódromo José Carlos Pace,Race circuit,Fernando Alonso,10,21,9580,2422,BRA,ESP,GBR,0,0,-306.0
2007,Williams,Autódromo José Carlos Pace,Race circuit,Nico Rosberg,10,21,8151,588,BRA,DEU,GBR,0,0,90.0
2007,BMW Sauber,Autódromo José Carlos Pace,Race circuit,Robert Kubica,10,21,8353,441,BRA,POL,DEU,0,0,-21.0
2007,BMW Sauber,Autódromo José Carlos Pace,Race circuit,Nick Heidfeld,10,21,11121,2779,BRA,DEU,DEU,0,0,226.0
2007,McLaren,Autódromo José Carlos Pace,Race circuit,Lewis Hamilton,10,21,8322,217,BRA,GBR,GBR,0,0,-580.0
2007,Toyota,Autódromo José Carlos Pace,Race circuit,Jarno Trulli,10,21,12153,3878,BRA,ITA,JPN,0,0,170.0
2007,Red Bull,Autódromo José Carlos Pace,Race circuit,David Coulthard,10,21,13357,4893,BRA,GBR,AUT,0,0,184.0
2007,Red Bull,Autódromo José Carlos Pace,Race circuit,Mark Webber,10,21,11377,2058,BRA,AUS,AUT,0,0,21.0
2008,McLaren,Albert Park Grand Prix Circuit,Street circuit,Lewis Hamilton,3,16,8469,364,AUS,GBR,GBR,0,0,-504.0
2008,BMW Sauber,Albert Park Grand Prix Circuit,Street circuit,Nick Heidfeld,3,16,11268,2926,AUS,DEU,DEU,0,0,-173.0
2008,Williams,Albert Park Grand Prix Circuit,Street circuit,Nico Rosberg,3,16,8298,735,AUS,DEU,GBR,0,0,368.0
2008,McLaren,Albert Park Grand Prix Circuit,Street circuit,Heikki Kovalainen,3,16,9645,364,AUS,FIN,GBR,0,0,-239.0
2008,BMW Sauber,Albert Park Grand Prix Circuit,Street circuit,Robert Kubica,3,16,8500,588,AUS,POL,DEU,0,0,-376.0
2008,Toyota,Albert Park Grand Prix Circuit,Street circuit,Timo Glock,3,16,9495,1372,AUS,DEU,JPN,0,0,473.0
2008,Ferrari,Albert Park Grand Prix Circuit,Street circuit,Felipe Massa,3,16,9822,2205,AUS,BRA,ITA,0,0,0.0
2008,Red Bull,Albert Park Grand Prix Circuit,Street circuit,David Coulthard,3,16,13504,5040,AUS,GBR,AUT,0,0,372.0
2008,Toyota,Albert Park Grand Prix Circuit,Street circuit,Jarno Trulli,3,16,12300,4025,AUS,ITA,JPN,0,0,410.0
2008,Ferrari,Sepang International Circuit,Race circuit,Kimi Räikkönen,3,23,10385,2576,MYS,FIN,ITA,0,0,-597.0
2008,BMW Sauber,Sepang International Circuit,Race circuit,Robert Kubica,3,23,8507,595,MYS,POL,DEU,0,0,26.0
2008,McLaren,Sepang International Circuit,Race circuit,Heikki Kovalainen,3,23,9652,371,MYS,FIN,GBR,0,0,-26.0
2008,Toyota,Sepang International Circuit,Race circuit,Jarno Trulli,3,23,12307,4032,MYS,ITA,JPN,0,0,175.0
2008,McLaren,Sepang International Circuit,Race circuit,Lewis Hamilton,3,23,8476,371,MYS,GBR,GBR,0,0,-158.0
2008,BMW Sauber,Sepang International Circuit,Race circuit,Nick Heidfeld,3,23,11275,2933,MYS,DEU,DEU,0,0,-137.0
2008,Red Bull,Sepang International Circuit,Race circuit,Mark Webber,3,23,11531,2212,MYS,AUS,AUT,0,0,182.0
2008,Renault,Sepang International Circuit,Race circuit,Fernando Alonso,3,23,9734,2576,MYS,ESP,FRA,0,0,355.0
2008,Ferrari,Sepang International Circuit,Race circuit,Felipe Massa,3,23,9829,2212,MYS,BRA,ITA,0,0,-373.0
2008,Toyota,Sepang International Circuit,Race circuit,Timo Glock,3,23,9502,1379,MYS,DEU,JPN,0,0,215.0
2008,Ferrari,Bahrain International Circuit,Race circuit,Felipe Massa,4,6,9843,2226,BHR,BRA,ITA,0,0,-740.0
2008,Ferrari,Bahrain International Circuit,Race circuit,Kimi Räikkönen,4,6,10399,2590,BHR,FIN,ITA,0,0,6.0
2008,BMW Sauber,Bahrain International Circuit,Race circuit,Robert Kubica,4,6,8521,609,BHR,POL,DEU,0,0,-182.0
2008,BMW Sauber,Bahrain International Circuit,Race circuit,Nick Heidfeld,4,6,11289,2947,BHR,DEU,DEU,0,0,-18.0
2008,McLaren,Bahrain International Circuit,Race circuit,Heikki Kovalainen,4,6,9666,385,BHR,FIN,GBR,0,0,-210.0
2008,Toyota,Bahrain International Circuit,Race circuit,Jarno Trulli,4,6,12321,4046,BHR,ITA,JPN,0,0,232.0
2008,Williams,Bahrain International Circuit,Race circuit,Nico Rosberg,4,6,8319,756,BHR,DEU,GBR,0,0,258.0
2008,Renault,Bahrain International Circuit,Race circuit,Fernando Alonso,4,6,9748,2590,BHR,ESP,FRA,0,0,418.0
2008,McLaren,Bahrain International Circuit,Race circuit,Lewis Hamilton,4,6,8490,385,BHR,GBR,GBR,0,0,-6.0
2008,Honda,Bahrain International Circuit,Race circuit,Jenson Button,4,6,10305,2947,BHR,GBR,JPN,0,0,434.0
2008,Ferrari,Circuit de Barcelona-Catalunya,Race circuit,Kimi Räikkönen,4,27,10420,2611,ESP,FIN,ITA,0,0,-115.0
2008,Ferrari,Circuit de Barcelona-Catalunya,Race circuit,Felipe Massa,4,27,9864,2247,ESP,BRA,ITA,0,0,-232.0
2008,McLaren,Circuit de Barcelona-Catalunya,Race circuit,Lewis Hamilton,4,27,8511,406,ESP,GBR,GBR,0,0,9.0
2008,BMW Sauber,Circuit de Barcelona-Catalunya,Race circuit,Robert Kubica,4,27,8542,630,ESP,POL,DEU,0,0,-219.0
2008,Red Bull,Circuit de Barcelona-Catalunya,Race circuit,Mark Webber,4,27,11566,2247,ESP,AUS,AUT,0,0,168.0
2008,Toyota,Circuit de Barcelona-Catalunya,Race circuit,Jarno Trulli,4,27,12342,4067,ESP,ITA,JPN,0,0,91.0
2008,BMW Sauber,Circuit de Barcelona-Catalunya,Race circuit,Nick Heidfeld,4,27,11310,2968,ESP,DEU,DEU,0,0,-1.0
2008,Renault,Circuit de Barcelona-Catalunya,Race circuit,Fernando Alonso,4,27,9769,2611,ESP,ESP,FRA,1,0,-12.0
2008,McLaren,Circuit de Barcelona-Catalunya,Race circuit,Heikki Kovalainen,4,27,9687,406,ESP,FIN,GBR,0,0,1.0
2008,Renault,Circuit de Barcelona-Catalunya,Race circuit,Nelson Piquet Jr.,4,27,8312,42,ESP,BRA,FRA,0,0,78.0
2008,Ferrari,Istanbul Park,Race circuit,Felipe Massa,5,11,9878,2261,TUR,BRA,ITA,0,0,-384.0
2008,McLaren,Istanbul Park,Race circuit,Lewis Hamilton,5,11,8525,420,TUR,GBR,GBR,0,0,-186.0
2008,Ferrari,Istanbul Park,Race circuit,Kimi Räikkönen,5,11,10434,2625,TUR,FIN,ITA,0,0,-328.0
2008,BMW Sauber,Istanbul Park,Race circuit,Robert Kubica,5,11,8556,644,TUR,POL,DEU,0,0,-249.0
2008,BMW Sauber,Istanbul Park,Race circuit,Nick Heidfeld,5,11,11324,2982,TUR,DEU,DEU,0,0,729.0
2008,Renault,Istanbul Park,Race circuit,Fernando Alonso,5,11,9783,2625,TUR,ESP,FRA,0,0,144.0
2008,Red Bull,Istanbul Park,Race circuit,Mark Webber,5,11,11580,2261,TUR,AUS,AUT,0,0,88.0
2008,Red Bull,Istanbul Park,Race circuit,David Coulthard,5,11,13560,5096,TUR,GBR,AUT,0,0,142.0
2008,Toyota,Istanbul Park,Race circuit,Jarno Trulli,5,11,12356,4081,TUR,ITA,JPN,0,0,317.0
2008,McLaren,Istanbul Park,Race circuit,Heikki Kovalainen,5,11,9701,420,TUR,FIN,GBR,0,0,-88.0
2008,McLaren,Circuit de Monaco,Street circuit,Lewis Hamilton,5,25,8539,434,MCO,GBR,GBR,0,0,-82.0
2008,BMW Sauber,Circuit de Monaco,Street circuit,Robert Kubica,5,25,8570,658,MCO,POL,DEU,0,0,79.0
2008,Ferrari,Circuit de Monaco,Street circuit,Felipe Massa,5,25,9892,2275,MCO,BRA,ITA,0,0,-294.0
2008,Red Bull,Circuit de Monaco,Street circuit,Mark Webber,5,25,11594,2275,MCO,AUS,AUT,0,0,341.0
2008,McLaren,Circuit de Monaco,Street circuit,Heikki Kovalainen,5,25,9715,434,MCO,FIN,GBR,0,0,-109.0
2008,Ferrari,Circuit de Monaco,Street circuit,Kimi Räikkönen,5,25,10448,2639,MCO,FIN,ITA,0,0,0.0
2008,Renault,Circuit de Monaco,Street circuit,Fernando Alonso,5,25,9797,2639,MCO,ESP,FRA,0,0,423.0
2008,Toyota,Circuit de Monaco,Street circuit,Jarno Trulli,5,25,12370,4095,MCO,ITA,JPN,0,0,194.0
2008,Williams,Circuit de Monaco,Street circuit,Nico Rosberg,5,25,8368,805,MCO,DEU,GBR,0,0,-117.0
2008,BMW Sauber,Circuit Gilles Villeneuve,Street circuit,Robert Kubica,6,8,8584,672,CAN,POL,DEU,0,0,56.0
2008,BMW Sauber,Circuit Gilles Villeneuve,Street circuit,Nick Heidfeld,6,8,11352,3010,CAN,DEU,DEU,0,0,366.0
2008,Ferrari,Circuit Gilles Villeneuve,Street circuit,Felipe Massa,6,8,9906,2289,CAN,BRA,ITA,0,0,-184.0
2008,Honda,Circuit Gilles Villeneuve,Street circuit,Rubens Barrichello,6,8,13165,5565,CAN,BRA,JPN,0,0,605.0
2008,McLaren,Circuit Gilles Villeneuve,Street circuit,Heikki Kovalainen,6,8,9729,448,CAN,FIN,GBR,0,0,-128.0
2008,Williams,Circuit Gilles Villeneuve,Street circuit,Nico Rosberg,6,8,8382,819,CAN,DEU,GBR,0,0,476.0
2008,Renault,Circuit Gilles Villeneuve,Street circuit,Fernando Alonso,6,8,9811,2653,CAN,ESP,FRA,0,0,0.0
2008,Ferrari,Circuit Gilles Villeneuve,Street circuit,Kimi Räikkönen,6,8,10462,2653,CAN,FIN,ITA,0,0,-114.0
2008,McLaren,Circuit Gilles Villeneuve,Street circuit,Lewis Hamilton,6,8,8553,448,CAN,GBR,GBR,0,0,-506.0
2008,Ferrari,Circuit de Nevers Magny-Cours,Race circuit,Felipe Massa,6,22,9920,2303,FRA,BRA,ITA,0,0,-462.0
2008,Ferrari,Circuit de Nevers Magny-Cours,Race circuit,Kimi Räikkönen,6,22,10476,2667,FRA,FIN,ITA,0,0,-352.0
2008,Toyota,Circuit de Nevers Magny-Cours,Race circuit,Jarno Trulli,6,22,12398,4123,FRA,ITA,JPN,0,0,-124.0
2008,McLaren,Circuit de Nevers Magny-Cours,Race circuit,Heikki Kovalainen,6,22,9743,462,FRA,FIN,GBR,0,0,154.0
2008,BMW Sauber,Circuit de Nevers Magny-Cours,Race circuit,Robert Kubica,6,22,8598,686,FRA,POL,DEU,0,0,202.0
2008,Red Bull,Circuit de Nevers Magny-Cours,Race circuit,Mark Webber,6,22,11622,2303,FRA,AUS,AUT,0,0,2.0
2008,Renault,Circuit de Nevers Magny-Cours,Race circuit,Fernando Alonso,6,22,9825,2667,FRA,ESP,FRA,0,1,-2.0
2008,Red Bull,Circuit de Nevers Magny-Cours,Race circuit,David Coulthard,6,22,13602,5138,FRA,GBR,AUT,0,0,168.0
2008,McLaren,Circuit de Nevers Magny-Cours,Race circuit,Lewis Hamilton,6,22,8567,462,FRA,GBR,GBR,0,0,-192.0
2008,Toyota,Circuit de Nevers Magny-Cours,Race circuit,Timo Glock,6,22,9593,1470,FRA,DEU,JPN,0,0,72.0
2008,McLaren,Silverstone Circuit,Race circuit,Lewis Hamilton,7,6,8581,476,GBR,GBR,GBR,1,1,-434.0
2008,BMW Sauber,Silverstone Circuit,Race circuit,Nick Heidfeld,7,6,11380,3038,GBR,DEU,DEU,0,0,-169.0
2008,Ferrari,Silverstone Circuit,Race circuit,Kimi Räikkönen,7,6,10490,2681,GBR,FIN,ITA,0,0,0.0
2008,McLaren,Silverstone Circuit,Race circuit,Heikki Kovalainen,7,6,9757,476,GBR,FIN,GBR,0,1,-374.0
2008,Renault,Silverstone Circuit,Race circuit,Fernando Alonso,7,6,9839,2681,GBR,ESP,FRA,0,0,21.0
2008,Red Bull,Silverstone Circuit,Race circuit,Mark Webber,7,6,11636,2317,GBR,AUS,AUT,0,0,-261.0
2008,Ferrari,Silverstone Circuit,Race circuit,Felipe Massa,7,6,9934,2317,GBR,BRA,ITA,0,0,115.0
2008,Renault,Silverstone Circuit,Race circuit,Nelson Piquet Jr.,7,6,8382,112,GBR,BRA,FRA,0,0,144.0
2008,Toro Rosso,Silverstone Circuit,Race circuit,Sebastian Vettel,7,6,7674,385,GBR,DEU,ITA,0,0,138.0
2008,McLaren,Hockenheimring,Race circuit,Lewis Hamilton,7,20,8595,490,DEU,GBR,GBR,0,0,-426.0
2008,Ferrari,Hockenheimring,Race circuit,Felipe Massa,7,20,9948,2331,DEU,BRA,ITA,0,0,-282.0
2008,McLaren,Hockenheimring,Race circuit,Heikki Kovalainen,7,20,9771,490,DEU,FIN,GBR,0,0,-174.0
2008,Ferrari,Hockenheimring,Race circuit,Kimi Räikkönen,7,20,10504,2695,DEU,FIN,ITA,0,0,-80.0
2008,BMW Sauber,Hockenheimring,Race circuit,Robert Kubica,7,20,8626,714,DEU,POL,DEU,0,1,80.0
2008,Toro Rosso,Hockenheimring,Race circuit,Sebastian Vettel,7,20,7688,399,DEU,DEU,ITA,1,0,391.0
2008,Toyota,Hockenheimring,Race circuit,Jarno Trulli,7,20,12426,4151,DEU,ITA,JPN,0,0,93.0
2008,Renault,Hockenheimring,Race circuit,Fernando Alonso,7,20,9853,2695,DEU,ESP,FRA,0,0,-86.0
2008,Red Bull,Hockenheimring,Race circuit,David Coulthard,7,20,13630,5166,DEU,GBR,AUT,0,0,309.0
2008,Red Bull,Hockenheimring,Race circuit,Mark Webber,7,20,11650,2331,DEU,AUS,AUT,0,0,452.0
2008,McLaren,Hungaroring,Race circuit,Heikki Kovalainen,8,3,9785,504,HUN,FIN,GBR,0,0,-36.0
2008,Toyota,Hungaroring,Race circuit,Timo Glock,8,3,9635,1512,HUN,DEU,JPN,0,0,-270.0
2008,Ferrari,Hungaroring,Race circuit,Kimi Räikkönen,8,3,10518,2709,HUN,FIN,ITA,0,0,30.0
2008,Renault,Hungaroring,Race circuit,Fernando Alonso,8,3,9867,2709,HUN,ESP,FRA,0,0,300.0
2008,McLaren,Hungaroring,Race circuit,Lewis Hamilton,8,3,8609,504,HUN,GBR,GBR,0,0,-140.0
2008,Renault,Hungaroring,Race circuit,Nelson Piquet Jr.,8,3,8410,140,HUN,BRA,FRA,0,0,615.0
2008,Toyota,Hungaroring,Race circuit,Jarno Trulli,8,3,12440,4165,HUN,ITA,JPN,0,0,-30.0
2008,BMW Sauber,Hungaroring,Race circuit,Robert Kubica,8,3,8640,728,HUN,POL,DEU,0,0,260.0
2008,Red Bull,Hungaroring,Race circuit,Mark Webber,8,3,11664,2345,HUN,AUS,AUT,0,0,530.0
2008,Ferrari,Hungaroring,Race circuit,Felipe Massa,8,3,9962,2345,HUN,BRA,ITA,0,0,-448.0
2008,Ferrari,Valencia Street Circuit,Street circuit,Felipe Massa,8,24,9983,2366,ESP,BRA,ITA,0,0,-143.0
2008,McLaren,Valencia Street Circuit,Street circuit,Lewis Hamilton,8,24,8630,525,ESP,GBR,GBR,0,0,-48.0
2008,BMW Sauber,Valencia Street Circuit,Street circuit,Robert Kubica,8,24,8661,749,ESP,POL,DEU,0,0,48.0
2008,McLaren,Valencia Street Circuit,Street circuit,Heikki Kovalainen,8,24,9806,525,ESP,FIN,GBR,0,0,118.0
2008,Toyota,Valencia Street Circuit,Street circuit,Jarno Trulli,8,24,12461,4186,ESP,ITA,JPN,0,0,-74.0
2008,Toro Rosso,Valencia Street Circuit,Street circuit,Sebastian Vettel,8,24,7723,434,ESP,DEU,ITA,0,0,-160.0
2008,Williams,Valencia Street Circuit,Street circuit,Nico Rosberg,8,24,8459,896,ESP,DEU,GBR,0,0,334.0
2008,BMW Sauber,Valencia Street Circuit,Street circuit,Nick Heidfeld,8,24,11429,3087,ESP,DEU,DEU,0,0,-143.0
2008,Toro Rosso,Valencia Street Circuit,Street circuit,Sébastien Bourdais,8,24,10770,161,ESP,FRA,ITA,0,0,415.0
2008,Ferrari,Valencia Street Circuit,Street circuit,Kimi Räikkönen,8,24,10539,2730,ESP,FIN,ITA,0,0,227.0
2008,Ferrari,Circuit de Spa-Francorchamps,Race circuit,Felipe Massa,9,7,9997,2380,BEL,BRA,ITA,0,0,-50.0
2008,BMW Sauber,Circuit de Spa-Francorchamps,Race circuit,Nick Heidfeld,9,7,11443,3101,BEL,DEU,DEU,0,0,-130.0
2008,McLaren,Circuit de Spa-Francorchamps,Race circuit,Lewis Hamilton,9,7,8644,539,BEL,GBR,GBR,0,0,-353.0
2008,Renault,Circuit de Spa-Francorchamps,Race circuit,Fernando Alonso,9,7,9902,2744,BEL,ESP,FRA,0,0,50.0
2008,Toro Rosso,Circuit de Spa-Francorchamps,Race circuit,Sebastian Vettel,9,7,7737,448,BEL,DEU,ITA,0,0,363.0
2008,BMW Sauber,Circuit de Spa-Francorchamps,Race circuit,Robert Kubica,9,7,8675,763,BEL,POL,DEU,0,0,53.0
2008,Toro Rosso,Circuit de Spa-Francorchamps,Race circuit,Sébastien Bourdais,9,7,10784,175,BEL,FRA,ITA,0,0,103.0
2008,Red Bull,Circuit de Spa-Francorchamps,Race circuit,Mark Webber,9,7,11699,2380,BEL,AUS,AUT,0,0,373.0
2008,McLaren,Circuit de Spa-Francorchamps,Race circuit,Heikki Kovalainen,9,7,9820,539,BEL,FIN,GBR,0,0,-404.0
2008,Ferrari,Circuit de Spa-Francorchamps,Race circuit,Kimi Räikkönen,9,7,10553,2744,BEL,FIN,ITA,0,0,-143.0
2008,Toro Rosso,Autodromo Nazionale di Monza,Race circuit,Sebastian Vettel,9,14,7744,455,ITA,DEU,ITA,0,1,-162.0
2008,McLaren,Autodromo Nazionale di Monza,Race circuit,Heikki Kovalainen,9,14,9827,546,ITA,FIN,GBR,0,0,-412.0
2008,Renault,Autodromo Nazionale di Monza,Race circuit,Fernando Alonso,9,14,9909,2751,ITA,ESP,FRA,0,0,671.0
2008,BMW Sauber,Autodromo Nazionale di Monza,Race circuit,Nick Heidfeld,9,14,11450,3108,ITA,DEU,DEU,0,0,83.0
2008,Ferrari,Autodromo Nazionale di Monza,Race circuit,Felipe Massa,9,14,10004,2387,ITA,BRA,ITA,0,1,-90.0
2008,Red Bull,Autodromo Nazionale di Monza,Race circuit,Mark Webber,9,14,11706,2387,ITA,AUS,AUT,0,0,375.0
2008,Toyota,Autodromo Nazionale di Monza,Race circuit,Timo Glock,9,14,9677,1554,ITA,DEU,JPN,0,0,111.0
2008,Toyota,Autodromo Nazionale di Monza,Race circuit,Jarno Trulli,9,14,12482,4207,ITA,ITA,JPN,1,0,280.0
2008,Williams,Autodromo Nazionale di Monza,Race circuit,Nico Rosberg,9,14,8480,917,ITA,DEU,GBR,0,0,-141.0
2008,Toro Rosso,Autodromo Nazionale di Monza,Race circuit,Sébastien Bourdais,9,14,10791,182,ITA,FRA,ITA,0,1,-83.0
2008,Williams,Marina Bay Street Circuit,Street circuit,Nico Rosberg,9,28,8494,931,SGP,DEU,GBR,0,0,-6.0
2008,McLaren,Marina Bay Street Circuit,Street circuit,Lewis Hamilton,9,28,8665,560,SGP,GBR,GBR,0,0,66.0
2008,Toyota,Marina Bay Street Circuit,Street circuit,Timo Glock,9,28,9691,1568,SGP,DEU,JPN,0,0,6.0
2008,Toro Rosso,Marina Bay Street Circuit,Street circuit,Sebastian Vettel,9,28,7758,469,SGP,DEU,ITA,0,0,-174.0
2008,BMW Sauber,Marina Bay Street Circuit,Street circuit,Nick Heidfeld,9,28,11464,3122,SGP,DEU,DEU,0,0,85.0
2008,Williams,Marina Bay Street Circuit,Street circuit,Kazuki Nakajima,9,28,8661,343,SGP,JPN,GBR,0,0,391.0
2008,McLaren,Marina Bay Street Circuit,Street circuit,Heikki Kovalainen,9,28,9841,560,SGP,FIN,GBR,0,0,-228.0
2008,BMW Sauber,Marina Bay Street Circuit,Street circuit,Robert Kubica,9,28,8696,784,SGP,POL,DEU,0,0,84.0
2008,Ferrari,Marina Bay Street Circuit,Street circuit,Felipe Massa,9,28,10018,2401,SGP,BRA,ITA,0,0,-421.0
2008,Ferrari,Marina Bay Street Circuit,Street circuit,Kimi Räikkönen,9,28,10574,2765,SGP,FIN,ITA,0,0,-203.0
2008,Renault,Fuji Speedway,Race circuit,Fernando Alonso,10,12,9937,2779,JPN,ESP,FRA,0,0,179.0
2008,BMW Sauber,Fuji Speedway,Race circuit,Robert Kubica,10,12,8710,798,JPN,POL,DEU,0,0,239.0
2008,Ferrari,Fuji Speedway,Race circuit,Kimi Räikkönen,10,12,10588,2779,JPN,FIN,ITA,0,0,41.0
2008,Toyota,Fuji Speedway,Race circuit,Jarno Trulli,10,12,12510,4235,JPN,ITA,JPN,0,1,-151.0
2008,Toro Rosso,Fuji Speedway,Race circuit,Sebastian Vettel,10,12,7772,483,JPN,DEU,ITA,0,0,22.0
2008,Ferrari,Fuji Speedway,Race circuit,Felipe Massa,10,12,10032,2415,JPN,BRA,ITA,0,0,-405.0
2008,Toro Rosso,Fuji Speedway,Race circuit,Sébastien Bourdais,10,12,10819,210,JPN,FRA,ITA,0,0,410.0
2008,McLaren,Fuji Speedway,Race circuit,Lewis Hamilton,10,12,8679,574,JPN,GBR,GBR,0,0,-230.0
2008,McLaren,Fuji Speedway,Race circuit,Heikki Kovalainen,10,12,9855,574,JPN,FIN,GBR,0,0,-332.0
2008,Toyota,Fuji Speedway,Race circuit,Timo Glock,10,12,9705,1582,JPN,DEU,JPN,0,1,-22.0
2008,McLaren,Shanghai International Circuit,Race circuit,Lewis Hamilton,10,19,8686,581,CHN,GBR,GBR,0,0,-448.0
2008,Ferrari,Shanghai International Circuit,Race circuit,Felipe Massa,10,19,10039,2422,CHN,BRA,ITA,0,0,-260.0
2008,Ferrari,Shanghai International Circuit,Race circuit,Kimi Räikkönen,10,19,10595,2786,CHN,FIN,ITA,0,0,-40.0
2008,Renault,Shanghai International Circuit,Race circuit,Fernando Alonso,10,19,9944,2786,CHN,ESP,FRA,0,0,66.0
2008,BMW Sauber,Shanghai International Circuit,Race circuit,Nick Heidfeld,10,19,11485,3143,CHN,DEU,DEU,0,0,8.0
2008,Toro Rosso,Shanghai International Circuit,Race circuit,Sebastian Vettel,10,19,7779,490,CHN,DEU,ITA,0,0,-8.0
2008,Toro Rosso,Shanghai International Circuit,Race circuit,Sébastien Bourdais,10,19,10826,217,CHN,FRA,ITA,0,0,84.0
2008,Red Bull,Shanghai International Circuit,Race circuit,Mark Webber,10,19,11741,2422,CHN,AUS,AUT,0,0,292.0
2008,McLaren,Shanghai International Circuit,Race circuit,Heikki Kovalainen,10,19,9862,581,CHN,FIN,GBR,0,0,-178.0
2008,Toyota,Shanghai International Circuit,Race circuit,Jarno Trulli,10,19,12517,4242,CHN,ITA,JPN,0,0,320.0
2008,Ferrari,Autódromo José Carlos Pace,Race circuit,Felipe Massa,11,2,10053,2436,BRA,BRA,ITA,1,0,-100.0
2008,Renault,Autódromo José Carlos Pace,Race circuit,Fernando Alonso,11,2,9958,2800,BRA,ESP,FRA,0,0,160.0
2008,Ferrari,Autódromo José Carlos Pace,Race circuit,Kimi Räikkönen,11,2,10609,2800,BRA,FIN,ITA,0,0,20.0
2008,Toro Rosso,Autódromo José Carlos Pace,Race circuit,Sebastian Vettel,11,2,7793,504,BRA,DEU,ITA,0,0,-84.0
2008,McLaren,Autódromo José Carlos Pace,Race circuit,Lewis Hamilton,11,2,8700,595,BRA,GBR,GBR,0,0,-74.0
2008,Toyota,Autódromo José Carlos Pace,Race circuit,Timo Glock,11,2,9726,1603,BRA,DEU,JPN,0,0,-20.0
2008,McLaren,Autódromo José Carlos Pace,Race circuit,Heikki Kovalainen,11,2,9876,595,BRA,FIN,GBR,0,0,-162.0
2008,Toyota,Autódromo José Carlos Pace,Race circuit,Jarno Trulli,11,2,12531,4256,BRA,ITA,JPN,0,0,178.0
2008,BMW Sauber,Autódromo José Carlos Pace,Race circuit,Nick Heidfeld,11,2,11499,3157,BRA,DEU,DEU,0,0,96.0
2008,Toro Rosso,Autódromo José Carlos Pace,Race circuit,Sébastien Bourdais,11,2,10840,231,BRA,FRA,ITA,0,0,146.0
2009,Brawn,Albert Park Grand Prix Circuit,Street circuit,Jenson Button,3,29,10662,3304,AUS,GBR,GBR,0,0,-342.0
2009,Brawn,Albert Park Grand Prix Circuit,Street circuit,Rubens Barrichello,3,29,13459,5859,AUS,BRA,GBR,0,0,-414.0
2009,Toyota,Albert Park Grand Prix Circuit,Street circuit,Jarno Trulli,3,29,12678,4403,AUS,ITA,JPN,0,0,68.0
2009,Toyota,Albert Park Grand Prix Circuit,Street circuit,Timo Glock,3,29,9873,1750,AUS,DEU,JPN,0,0,84.0
2009,Williams,Albert Park Grand Prix Circuit,Street circuit,Nico Rosberg,3,29,8676,1113,AUS,DEU,GBR,0,0,-74.0
2009,Red Bull,Albert Park Grand Prix Circuit,Street circuit,Mark Webber,3,29,11902,2583,AUS,AUS,AUT,1,0,44.0
2009,Red Bull,Albert Park Grand Prix Circuit,Street circuit,Sebastian Vettel,3,29,7940,651,AUS,DEU,AUT,0,0,-76.0
2009,BMW Sauber,Albert Park Grand Prix Circuit,Street circuit,Robert Kubica,3,29,8878,966,AUS,POL,DEU,0,0,-44.0
2009,Ferrari,Albert Park Grand Prix Circuit,Street circuit,Kimi Räikkönen,3,29,10756,2947,AUS,FIN,ITA,0,0,184.0
2009,Ferrari,Albert Park Grand Prix Circuit,Street circuit,Felipe Massa,3,29,10200,2583,AUS,BRA,ITA,0,0,122.0
2009,Brawn,Sepang International Circuit,Race circuit,Jenson Button,4,5,10669,3311,MYS,GBR,GBR,0,0,-548.0
2009,Toyota,Sepang International Circuit,Race circuit,Timo Glock,4,5,9880,1757,MYS,DEU,JPN,0,0,-74.0
2009,Toyota,Sepang International Circuit,Race circuit,Jarno Trulli,4,5,12685,4410,MYS,ITA,JPN,0,0,-342.0
2009,Brawn,Sepang International Circuit,Race circuit,Rubens Barrichello,4,5,13466,5866,MYS,BRA,GBR,0,0,56.0
2009,Red Bull,Sepang International Circuit,Race circuit,Mark Webber,4,5,11909,2590,MYS,AUS,AUT,0,0,-110.0
2009,Williams,Sepang International Circuit,Race circuit,Nico Rosberg,4,5,8683,1120,MYS,DEU,GBR,0,0,216.0
2009,Renault,Sepang International Circuit,Race circuit,Fernando Alonso,4,5,10112,2954,MYS,ESP,FRA,0,0,374.0
2009,Ferrari,Sepang International Circuit,Race circuit,Kimi Räikkönen,4,5,10763,2954,MYS,FIN,ITA,0,0,124.0
2009,Red Bull,Sepang International Circuit,Race circuit,Sebastian Vettel,4,5,7947,658,MYS,DEU,AUT,0,0,-56.0
2009,BMW Sauber,Sepang International Circuit,Race circuit,Robert Kubica,4,5,8885,973,MYS,POL,DEU,0,0,230.0
2009,Red Bull,Shanghai International Circuit,Race circuit,Sebastian Vettel,4,19,7961,672,CHN,DEU,AUT,0,0,-562.0
2009,Red Bull,Shanghai International Circuit,Race circuit,Mark Webber,4,19,11923,2604,CHN,AUS,AUT,0,0,-520.0
2009,Brawn,Shanghai International Circuit,Race circuit,Jenson Button,4,19,10683,3325,CHN,GBR,GBR,0,0,-160.0
2009,Brawn,Shanghai International Circuit,Race circuit,Rubens Barrichello,4,19,13480,5880,CHN,BRA,GBR,0,0,-190.0
2009,McLaren,Shanghai International Circuit,Race circuit,Lewis Hamilton,4,19,8868,763,CHN,GBR,GBR,0,0,48.0
2009,Toro Rosso,Shanghai International Circuit,Race circuit,Sébastien Buemi,4,19,7475,21,CHN,CHE,ITA,0,0,272.0
2009,Renault,Shanghai International Circuit,Race circuit,Fernando Alonso,4,19,10126,2968,CHN,ESP,FRA,0,0,110.0
2009,Ferrari,Shanghai International Circuit,Race circuit,Kimi Räikkönen,4,19,10777,2968,CHN,FIN,ITA,0,0,164.0
2009,Williams,Shanghai International Circuit,Race circuit,Nico Rosberg,4,19,8697,1134,CHN,DEU,GBR,0,0,116.0
2009,Toyota,Shanghai International Circuit,Race circuit,Jarno Trulli,4,19,12699,4424,CHN,ITA,JPN,0,0,-48.0
2009,Brawn,Bahrain International Circuit,Race circuit,Jenson Button,4,26,10690,3332,BHR,GBR,GBR,0,0,0.0
2009,Red Bull,Bahrain International Circuit,Race circuit,Sebastian Vettel,4,26,7968,679,BHR,DEU,AUT,0,0,-368.0
2009,Toyota,Bahrain International Circuit,Race circuit,Jarno Trulli,4,26,12706,4431,BHR,ITA,JPN,0,0,-171.0
2009,McLaren,Bahrain International Circuit,Race circuit,Lewis Hamilton,4,26,8875,770,BHR,GBR,GBR,0,0,9.0
2009,Brawn,Bahrain International Circuit,Race circuit,Rubens Barrichello,4,26,13487,5887,BHR,BRA,GBR,0,0,0.0
2009,Ferrari,Bahrain International Circuit,Race circuit,Kimi Räikkönen,4,26,10784,2975,BHR,FIN,ITA,0,0,-15.0
2009,Toyota,Bahrain International Circuit,Race circuit,Timo Glock,4,26,9901,1778,BHR,DEU,JPN,0,0,-229.0
2009,Renault,Bahrain International Circuit,Race circuit,Fernando Alonso,4,26,10133,2975,BHR,ESP,FRA,0,0,18.0
2009,Williams,Bahrain International Circuit,Race circuit,Nico Rosberg,4,26,8704,1141,BHR,DEU,GBR,0,0,324.0
2009,Ferrari,Bahrain International Circuit,Race circuit,Felipe Massa,4,26,10228,2611,BHR,BRA,ITA,0,0,172.0
2009,Brawn,Circuit de Barcelona-Catalunya,Race circuit,Jenson Button,5,10,10704,3346,ESP,GBR,GBR,0,0,-14.0
2009,Brawn,Circuit de Barcelona-Catalunya,Race circuit,Rubens Barrichello,5,10,13501,5901,ESP,BRA,GBR,0,0,-252.0
2009,Red Bull,Circuit de Barcelona-Catalunya,Race circuit,Mark Webber,5,10,11944,2625,ESP,AUS,AUT,0,0,-199.0
2009,Red Bull,Circuit de Barcelona-Catalunya,Race circuit,Sebastian Vettel,5,10,7982,693,ESP,DEU,AUT,0,0,14.0
2009,Renault,Circuit de Barcelona-Catalunya,Race circuit,Fernando Alonso,5,10,10147,2989,ESP,ESP,FRA,1,0,303.0
2009,Ferrari,Circuit de Barcelona-Catalunya,Race circuit,Felipe Massa,5,10,10242,2625,ESP,BRA,ITA,0,0,-57.0
2009,Williams,Circuit de Barcelona-Catalunya,Race circuit,Nico Rosberg,5,10,8718,1155,ESP,DEU,GBR,0,0,50.0
2009,Toyota,Circuit de Barcelona-Catalunya,Race circuit,Timo Glock,5,10,9915,1792,ESP,DEU,JPN,0,0,-99.0
2009,BMW Sauber,Circuit de Barcelona-Catalunya,Race circuit,Robert Kubica,5,10,8920,1008,ESP,POL,DEU,0,0,202.0
2009,Toyota,Circuit de Barcelona-Catalunya,Race circuit,Jarno Trulli,5,10,12720,4445,ESP,ITA,JPN,0,0,214.0
2009,Brawn,Circuit de Monaco,Street circuit,Jenson Button,5,24,10718,3360,MCO,GBR,GBR,0,0,40.0
2009,Brawn,Circuit de Monaco,Street circuit,Rubens Barrichello,5,24,13515,5915,MCO,BRA,GBR,0,0,-34.0
2009,Ferrari,Circuit de Monaco,Street circuit,Kimi Räikkönen,5,24,10812,3003,MCO,FIN,ITA,0,0,-348.0
2009,Ferrari,Circuit de Monaco,Street circuit,Felipe Massa,5,24,10256,2639,MCO,BRA,ITA,0,0,138.0
2009,Red Bull,Circuit de Monaco,Street circuit,Mark Webber,5,24,11958,2639,MCO,AUS,AUT,0,0,-38.0
2009,Williams,Circuit de Monaco,Street circuit,Nico Rosberg,5,24,8732,1169,MCO,DEU,GBR,0,0,-16.0
2009,Renault,Circuit de Monaco,Street circuit,Fernando Alonso,5,24,10161,3003,MCO,ESP,FRA,0,0,338.0
2009,Williams,Circuit de Monaco,Street circuit,Kazuki Nakajima,5,24,8899,581,MCO,JPN,GBR,0,0,716.0
2009,McLaren,Circuit de Monaco,Street circuit,Heikki Kovalainen,5,24,10079,798,MCO,FIN,GBR,0,0,-54.0
2009,Red Bull,Circuit de Monaco,Street circuit,Sebastian Vettel,5,24,7996,707,MCO,DEU,AUT,0,0,16.0
2009,Brawn,Istanbul Park,Race circuit,Jenson Button,6,7,10732,3374,TUR,GBR,GBR,0,0,-149.0
2009,Red Bull,Istanbul Park,Race circuit,Mark Webber,6,7,11972,2653,TUR,AUS,AUT,0,0,37.0
2009,Red Bull,Istanbul Park,Race circuit,Sebastian Vettel,6,7,8010,721,TUR,DEU,AUT,0,0,-363.0
2009,Toyota,Istanbul Park,Race circuit,Jarno Trulli,6,7,12748,4473,TUR,ITA,JPN,0,0,-184.0
2009,Williams,Istanbul Park,Race circuit,Nico Rosberg,6,7,8746,1183,TUR,DEU,GBR,0,0,39.0
2009,Ferrari,Istanbul Park,Race circuit,Felipe Massa,6,7,10270,2653,TUR,BRA,ITA,0,0,-30.0
2009,BMW Sauber,Istanbul Park,Race circuit,Robert Kubica,6,7,8948,1036,TUR,POL,DEU,0,0,76.0
2009,Ferrari,Istanbul Park,Race circuit,Kimi Räikkönen,6,7,10826,3017,TUR,FIN,ITA,0,0,8.0
2009,Renault,Istanbul Park,Race circuit,Fernando Alonso,6,7,10175,3017,TUR,ESP,FRA,0,0,94.0
2009,Brawn,Istanbul Park,Race circuit,Rubens Barrichello,6,7,13529,5929,TUR,BRA,GBR,0,0,-8.0
2009,Red Bull,Silverstone Circuit,Race circuit,Sebastian Vettel,6,21,8024,735,GBR,DEU,AUT,0,0,-429.0
2009,Red Bull,Silverstone Circuit,Race circuit,Mark Webber,6,21,11986,2667,GBR,AUS,AUT,0,0,-339.0
2009,Brawn,Silverstone Circuit,Race circuit,Rubens Barrichello,6,21,13543,5943,GBR,BRA,GBR,0,1,-213.0
2009,Williams,Silverstone Circuit,Race circuit,Nico Rosberg,6,21,8760,1197,GBR,DEU,GBR,0,1,43.0
2009,Brawn,Silverstone Circuit,Race circuit,Jenson Button,6,21,10746,3388,GBR,GBR,GBR,1,1,115.0
2009,Toyota,Silverstone Circuit,Race circuit,Jarno Trulli,6,21,12762,4487,GBR,ITA,JPN,0,0,-308.0
2009,Ferrari,Silverstone Circuit,Race circuit,Kimi Räikkönen,6,21,10840,3031,GBR,FIN,ITA,0,0,18.0
2009,Toyota,Silverstone Circuit,Race circuit,Timo Glock,6,21,9957,1834,GBR,DEU,JPN,0,0,243.0
2009,Williams,Silverstone Circuit,Race circuit,Kazuki Nakajima,6,21,8927,609,GBR,JPN,GBR,0,1,-18.0
2009,Renault,Silverstone Circuit,Race circuit,Fernando Alonso,6,21,10189,3031,GBR,ESP,FRA,0,0,213.0
2009,Red Bull,Nürburgring,Race circuit,Mark Webber,7,12,12007,2688,DEU,AUS,AUT,0,0,-327.0
2009,Red Bull,Nürburgring,Race circuit,Sebastian Vettel,7,12,8045,756,DEU,DEU,AUT,1,0,-154.0
2009,Ferrari,Nürburgring,Race circuit,Felipe Massa,7,12,10305,2688,DEU,BRA,ITA,0,0,16.0
2009,Brawn,Nürburgring,Race circuit,Jenson Button,7,12,10767,3409,DEU,GBR,GBR,0,0,-16.0
2009,Brawn,Nürburgring,Race circuit,Rubens Barrichello,7,12,13564,5964,DEU,BRA,GBR,0,0,-102.0
2009,McLaren,Nürburgring,Race circuit,Heikki Kovalainen,7,12,10128,847,DEU,FIN,GBR,0,0,297.0
2009,Renault,Nürburgring,Race circuit,Nelson Piquet Jr.,7,12,8753,483,DEU,BRA,FRA,0,0,544.0
2009,Force India,Nürburgring,Race circuit,Adrian Sutil,7,12,9679,847,DEU,DEU,IND,1,0,431.0
2009,McLaren,Nürburgring,Race circuit,Lewis Hamilton,7,12,8952,847,DEU,GBR,GBR,0,0,-111.0
2009,Ferrari,Nürburgring,Race circuit,Kimi Räikkönen,7,12,10861,3052,DEU,FIN,ITA,0,0,285.0
2009,McLaren,Hungaroring,Race circuit,Lewis Hamilton,7,26,8966,861,HUN,GBR,GBR,0,0,-182.0
2009,Ferrari,Hungaroring,Race circuit,Kimi Räikkönen,7,26,10875,3066,HUN,FIN,ITA,0,0,0.0
2009,Red Bull,Hungaroring,Race circuit,Mark Webber,7,26,12021,2702,HUN,AUS,AUT,0,0,-289.0
2009,Williams,Hungaroring,Race circuit,Nico Rosberg,7,26,8795,1232,HUN,DEU,GBR,0,0,146.0
2009,McLaren,Hungaroring,Race circuit,Heikki Kovalainen,7,26,10142,861,HUN,FIN,GBR,0,0,160.0
2009,Brawn,Hungaroring,Race circuit,Jenson Button,7,26,10781,3423,HUN,GBR,GBR,0,0,60.0
2009,Williams,Hungaroring,Race circuit,Kazuki Nakajima,7,26,8962,644,HUN,JPN,GBR,0,0,-77.0
2009,Red Bull,Hungaroring,Race circuit,Sebastian Vettel,7,26,8059,770,HUN,DEU,AUT,0,0,-43.0
2009,Renault,Hungaroring,Race circuit,Fernando Alonso,7,26,10224,3066,HUN,ESP,FRA,0,0,179.0
2009,Brawn,Valencia Street Circuit,Street circuit,Rubens Barrichello,8,23,13606,6006,ESP,BRA,GBR,0,0,-362.0
2009,McLaren,Valencia Street Circuit,Street circuit,Lewis Hamilton,8,23,8994,889,ESP,GBR,GBR,0,0,-256.0
2009,Ferrari,Valencia Street Circuit,Street circuit,Kimi Räikkönen,8,23,10903,3094,ESP,FIN,ITA,0,0,344.0
2009,McLaren,Valencia Street Circuit,Street circuit,Heikki Kovalainen,8,23,10170,889,ESP,FIN,GBR,0,0,-208.0
2009,Williams,Valencia Street Circuit,Street circuit,Nico Rosberg,8,23,8823,1260,ESP,DEU,GBR,0,0,-92.0
2009,Renault,Valencia Street Circuit,Street circuit,Fernando Alonso,8,23,10252,3094,ESP,ESP,FRA,1,0,278.0
2009,Brawn,Valencia Street Circuit,Street circuit,Jenson Button,8,23,10809,3451,ESP,GBR,GBR,0,0,92.0
2009,BMW Sauber,Valencia Street Circuit,Street circuit,Robert Kubica,8,23,9025,1113,ESP,POL,DEU,0,0,308.0
2009,Red Bull,Valencia Street Circuit,Street circuit,Mark Webber,8,23,12049,2730,ESP,AUS,AUT,0,0,186.0
2009,Red Bull,Valencia Street Circuit,Street circuit,Sebastian Vettel,8,23,8087,798,ESP,DEU,AUT,0,0,-166.0
2009,Ferrari,Circuit de Spa-Francorchamps,Race circuit,Kimi Räikkönen,8,30,10910,3101,BEL,FIN,ITA,0,0,182.0
2009,Force India,Circuit de Spa-Francorchamps,Race circuit,Giancarlo Fisichella,8,30,13377,4921,BEL,ITA,IND,0,0,-104.0
2009,Red Bull,Circuit de Spa-Francorchamps,Race circuit,Sebastian Vettel,8,30,8094,805,BEL,DEU,AUT,0,0,-180.0
2009,BMW Sauber,Circuit de Spa-Francorchamps,Race circuit,Robert Kubica,8,30,9032,1120,BEL,POL,DEU,0,0,-214.0
2009,BMW Sauber,Circuit de Spa-Francorchamps,Race circuit,Nick Heidfeld,8,30,11800,3458,BEL,DEU,DEU,0,0,-62.0
2009,Brawn,Circuit de Spa-Francorchamps,Race circuit,Rubens Barrichello,8,30,13613,6013,BEL,BRA,GBR,0,0,62.0
2009,Williams,Circuit de Spa-Francorchamps,Race circuit,Nico Rosberg,8,30,8830,1267,BEL,DEU,GBR,0,0,276.0
2009,Red Bull,Circuit de Spa-Francorchamps,Race circuit,Mark Webber,8,30,12056,2737,BEL,AUS,AUT,0,0,152.0
2009,Toyota,Circuit de Spa-Francorchamps,Race circuit,Timo Glock,8,30,10027,1904,BEL,DEU,JPN,0,0,106.0
2009,Toyota,Circuit de Spa-Francorchamps,Race circuit,Jarno Trulli,8,30,12832,4557,BEL,ITA,JPN,0,0,-268.0
2009,Brawn,Autodromo Nazionale di Monza,Race circuit,Rubens Barrichello,9,13,13627,6027,ITA,BRA,GBR,0,0,-264.0
2009,Brawn,Autodromo Nazionale di Monza,Race circuit,Jenson Button,9,13,10830,3472,ITA,GBR,GBR,0,0,-285.0
2009,Ferrari,Autodromo Nazionale di Monza,Race circuit,Kimi Räikkönen,9,13,10924,3115,ITA,FIN,ITA,0,1,109.0
2009,Force India,Autodromo Nazionale di Monza,Race circuit,Adrian Sutil,9,13,9742,910,ITA,DEU,IND,0,0,-170.0
2009,Renault,Autodromo Nazionale di Monza,Race circuit,Fernando Alonso,9,13,10273,3115,ITA,ESP,FRA,0,0,257.0
2009,McLaren,Autodromo Nazionale di Monza,Race circuit,Heikki Kovalainen,9,13,10191,910,ITA,FIN,GBR,0,0,275.0
2009,Red Bull,Autodromo Nazionale di Monza,Race circuit,Sebastian Vettel,9,13,8108,819,ITA,DEU,AUT,0,0,305.0
2009,McLaren,Autodromo Nazionale di Monza,Race circuit,Lewis Hamilton,9,13,9015,910,ITA,GBR,GBR,0,0,-267.0
2009,Force India,Autodromo Nazionale di Monza,Race circuit,Vitantonio Liuzzi,9,13,10630,1603,ITA,ITA,IND,1,0,-33.0
2009,Red Bull,Autodromo Nazionale di Monza,Race circuit,Mark Webber,9,13,12070,2751,ITA,AUS,AUT,0,0,33.0
2009,McLaren,Marina Bay Street Circuit,Street circuit,Lewis Hamilton,9,27,9029,924,SGP,GBR,GBR,0,0,-80.0
2009,Toyota,Marina Bay Street Circuit,Street circuit,Timo Glock,9,27,10055,1932,SGP,DEU,JPN,0,0,-30.0
2009,Renault,Marina Bay Street Circuit,Street circuit,Fernando Alonso,9,27,10287,3129,SGP,ESP,FRA,0,0,30.0
2009,Red Bull,Marina Bay Street Circuit,Street circuit,Sebastian Vettel,9,27,8122,833,SGP,DEU,AUT,0,0,-375.0
2009,Brawn,Marina Bay Street Circuit,Street circuit,Rubens Barrichello,9,27,13641,6041,SGP,BRA,GBR,0,0,50.0
2009,McLaren,Marina Bay Street Circuit,Street circuit,Heikki Kovalainen,9,27,10205,924,SGP,FIN,GBR,0,0,105.0
2009,BMW Sauber,Marina Bay Street Circuit,Street circuit,Robert Kubica,9,27,9060,1148,SGP,POL,DEU,0,0,76.0
2009,Williams,Marina Bay Street Circuit,Street circuit,Nico Rosberg,9,27,8858,1295,SGP,DEU,GBR,0,0,-540.0
2009,Red Bull,Marina Bay Street Circuit,Street circuit,Mark Webber,9,27,12084,2765,SGP,AUS,AUT,0,0,-409.0
2009,BMW Sauber,Marina Bay Street Circuit,Street circuit,Nick Heidfeld,9,27,11828,3486,SGP,DEU,DEU,0,0,95.0
2009,Red Bull,Suzuka Circuit,Race circuit,Sebastian Vettel,10,4,8129,840,JPN,DEU,AUT,0,0,-625.0
2009,Toyota,Suzuka Circuit,Race circuit,Jarno Trulli,10,4,12867,4592,JPN,ITA,JPN,0,1,-229.0
2009,McLaren,Suzuka Circuit,Race circuit,Lewis Hamilton,10,4,9036,931,JPN,GBR,GBR,0,0,-339.0
2009,Ferrari,Suzuka Circuit,Race circuit,Kimi Räikkönen,10,4,10945,3136,JPN,FIN,ITA,0,0,86.0
2009,BMW Sauber,Suzuka Circuit,Race circuit,Nick Heidfeld,10,4,11835,3493,JPN,DEU,DEU,0,0,294.0
2009,Brawn,Suzuka Circuit,Race circuit,Rubens Barrichello,10,4,13648,6048,JPN,BRA,GBR,0,0,89.0
2009,Brawn,Suzuka Circuit,Race circuit,Jenson Button,10,4,10851,3493,JPN,GBR,GBR,0,0,-86.0
2009,Force India,Suzuka Circuit,Race circuit,Adrian Sutil,10,4,9763,931,JPN,DEU,IND,0,0,256.0
2009,Red Bull,Autódromo José Carlos Pace,Race circuit,Mark Webber,10,18,12105,2786,BRA,AUS,AUT,0,0,-541.0
2009,BMW Sauber,Autódromo José Carlos Pace,Race circuit,Robert Kubica,10,18,9081,1169,BRA,POL,DEU,0,0,422.0
2009,Ferrari,Autódromo José Carlos Pace,Race circuit,Kimi Räikkönen,10,18,10959,3150,BRA,FIN,ITA,0,0,-41.0
2009,Toro Rosso,Autódromo José Carlos Pace,Race circuit,Sébastien Buemi,10,18,7657,203,BRA,CHE,ITA,0,0,41.0
2009,Brawn,Autódromo José Carlos Pace,Race circuit,Rubens Barrichello,10,18,13662,6062,BRA,BRA,GBR,1,0,-633.0
2009,Williams,Autódromo José Carlos Pace,Race circuit,Kazuki Nakajima,10,18,9046,728,BRA,JPN,GBR,0,0,218.0
2009,Williams,Autódromo José Carlos Pace,Race circuit,Nico Rosberg,10,18,8879,1316,BRA,DEU,GBR,0,0,117.0
2009,Force India,Autódromo José Carlos Pace,Race circuit,Adrian Sutil,10,18,9777,945,BRA,DEU,IND,0,0,-297.0
2009,Toyota,Autódromo José Carlos Pace,Race circuit,Jarno Trulli,10,18,12881,4606,BRA,ITA,JPN,0,0,-112.0
2009,Renault,Autódromo José Carlos Pace,Race circuit,Fernando Alonso,10,18,10308,3150,BRA,ESP,FRA,0,0,1213.0
2009,Red Bull,Yas Marina Circuit,Race circuit,Sebastian Vettel,11,1,8157,868,ARE,DEU,AUT,0,0,-413.0
2009,Red Bull,Yas Marina Circuit,Race circuit,Mark Webber,11,1,12119,2800,ARE,AUS,AUT,0,0,-125.0
2009,Brawn,Yas Marina Circuit,Race circuit,Jenson Button,11,1,10879,3521,ARE,GBR,GBR,0,0,-249.0
2009,Brawn,Yas Marina Circuit,Race circuit,Rubens Barrichello,11,1,13676,6076,ARE,BRA,GBR,0,0,24.0
2009,BMW Sauber,Yas Marina Circuit,Race circuit,Nick Heidfeld,11,1,11863,3521,ARE,DEU,DEU,0,0,161.0
2009,Toyota,Yas Marina Circuit,Race circuit,Jarno Trulli,11,1,12895,4620,ARE,ITA,JPN,0,0,-24.0
2009,Toro Rosso,Yas Marina Circuit,Race circuit,Sébastien Buemi,11,1,7671,217,ARE,CHE,ITA,0,0,33.0
2009,Williams,Yas Marina Circuit,Race circuit,Nico Rosberg,11,1,8893,1330,ARE,DEU,GBR,0,0,264.0
2009,BMW Sauber,Yas Marina Circuit,Race circuit,Robert Kubica,11,1,9095,1183,ARE,POL,DEU,0,0,123.0
2009,McLaren,Yas Marina Circuit,Race circuit,Lewis Hamilton,11,1,9064,959,ARE,GBR,GBR,0,0,-702.0
2010,Ferrari,Bahrain International Circuit,Race circuit,Fernando Alonso,3,14,10455,3297,BHR,ESP,ITA,0,0,-522.0
2010,Ferrari,Bahrain International Circuit,Race circuit,Felipe Massa,3,14,10550,2933,BHR,BRA,ITA,0,0,-452.0
2010,McLaren,Bahrain International Circuit,Race circuit,Lewis Hamilton,3,14,9197,1092,BHR,GBR,GBR,0,0,12.0
2010,Red Bull,Bahrain International Circuit,Race circuit,Sebastian Vettel,3,14,8290,1001,BHR,DEU,AUT,0,0,-812.0
2010,Mercedes,Bahrain International Circuit,Race circuit,Nico Rosberg,3,14,9026,1463,BHR,DEU,DEU,0,0,-12.0
2010,Mercedes,Bahrain International Circuit,Race circuit,Michael Schumacher,3,14,15045,6776,BHR,DEU,DEU,0,0,410.0
2010,McLaren,Bahrain International Circuit,Race circuit,Jenson Button,3,14,11012,3654,BHR,GBR,GBR,0,0,474.0
2010,Red Bull,Bahrain International Circuit,Race circuit,Mark Webber,3,14,12252,2933,BHR,AUS,AUT,0,0,-376.0
2010,Renault,Bahrain International Circuit,Race circuit,Robert Kubica,3,14,9228,1316,BHR,POL,FRA,0,0,268.0
2010,Force India,Bahrain International Circuit,Race circuit,Adrian Sutil,3,14,9924,1092,BHR,DEU,IND,0,0,302.0
2010,McLaren,Albert Park Grand Prix Circuit,Street circuit,Jenson Button,3,28,11026,3668,AUS,GBR,GBR,0,0,-282.0
2010,Renault,Albert Park Grand Prix Circuit,Street circuit,Robert Kubica,3,28,9242,1330,AUS,POL,FRA,0,0,310.0
2010,Ferrari,Albert Park Grand Prix Circuit,Street circuit,Felipe Massa,3,28,10564,2947,AUS,BRA,ITA,0,0,24.0
2010,Ferrari,Albert Park Grand Prix Circuit,Street circuit,Fernando Alonso,3,28,10469,3311,AUS,ESP,ITA,0,0,-702.0
2010,Mercedes,Albert Park Grand Prix Circuit,Street circuit,Nico Rosberg,3,28,9040,1477,AUS,DEU,DEU,0,0,-24.0
2010,Williams,Albert Park Grand Prix Circuit,Street circuit,Rubens Barrichello,3,28,13823,6223,AUS,BRA,GBR,0,0,272.0
2010,Red Bull,Albert Park Grand Prix Circuit,Street circuit,Mark Webber,3,28,12266,2947,AUS,AUS,AUT,1,0,-778.0
2010,Mercedes,Albert Park Grand Prix Circuit,Street circuit,Michael Schumacher,3,28,15059,6790,AUS,DEU,DEU,0,0,58.0
2010,Red Bull,Albert Park Grand Prix Circuit,Street circuit,Sebastian Vettel,3,28,8304,1015,AUS,DEU,AUT,0,0,-894.0
2010,Force India,Albert Park Grand Prix Circuit,Street circuit,Adrian Sutil,3,28,9938,1106,AUS,DEU,IND,0,0,234.0
2010,Red Bull,Sepang International Circuit,Race circuit,Sebastian Vettel,4,4,8311,1022,MYS,DEU,AUT,0,0,-776.0
2010,Red Bull,Sepang International Circuit,Race circuit,Mark Webber,4,4,12273,2954,MYS,AUS,AUT,0,0,606.0
2010,Mercedes,Sepang International Circuit,Race circuit,Nico Rosberg,4,4,9047,1484,MYS,DEU,DEU,0,0,-188.0
2010,Renault,Sepang International Circuit,Race circuit,Robert Kubica,4,4,9249,1337,MYS,POL,FRA,0,0,-1322.0
2010,Force India,Sepang International Circuit,Race circuit,Adrian Sutil,4,4,9945,1113,MYS,DEU,IND,0,0,-520.0
2010,Williams,Sepang International Circuit,Race circuit,Nico Hülkenberg,4,4,8264,21,MYS,DEU,GBR,0,0,-258.0
2010,Williams,Sepang International Circuit,Race circuit,Rubens Barrichello,4,4,13830,6230,MYS,BRA,GBR,0,0,766.0
2010,Force India,Sepang International Circuit,Race circuit,Vitantonio Liuzzi,4,4,10833,1806,MYS,ITA,IND,0,0,634.0
2010,Mercedes,Sepang International Circuit,Race circuit,Michael Schumacher,4,4,15066,6797,MYS,DEU,DEU,0,0,796.0
2010,Sauber,Sepang International Circuit,Race circuit,Kamui Kobayashi,4,4,8604,168,MYS,JPN,CHE,0,0,188.0
2010,McLaren,Shanghai International Circuit,Race circuit,Jenson Button,4,18,11047,3689,CHN,GBR,GBR,0,0,26.0
2010,McLaren,Shanghai International Circuit,Race circuit,Lewis Hamilton,4,18,9232,1127,CHN,GBR,GBR,0,0,-26.0
2010,Mercedes,Shanghai International Circuit,Race circuit,Nico Rosberg,4,18,9061,1498,CHN,DEU,DEU,0,0,-30.0
2010,Ferrari,Shanghai International Circuit,Race circuit,Fernando Alonso,4,18,10490,3332,CHN,ESP,ITA,0,0,-40.0
2010,Renault,Shanghai International Circuit,Race circuit,Robert Kubica,4,18,9263,1351,CHN,POL,FRA,0,0,410.0
2010,Red Bull,Shanghai International Circuit,Race circuit,Sebastian Vettel,4,18,8325,1036,CHN,DEU,AUT,0,0,-396.0
2010,Red Bull,Shanghai International Circuit,Race circuit,Mark Webber,4,18,12287,2968,CHN,AUS,AUT,0,0,-146.0
2010,Ferrari,Shanghai International Circuit,Race circuit,Felipe Massa,4,18,10585,2968,CHN,BRA,ITA,0,0,226.0
2010,Mercedes,Shanghai International Circuit,Race circuit,Michael Schumacher,4,18,15080,6811,CHN,DEU,DEU,0,0,692.0
2010,Force India,Shanghai International Circuit,Race circuit,Adrian Sutil,4,18,9959,1127,CHN,DEU,IND,0,0,712.0
2010,Red Bull,Circuit de Barcelona-Catalunya,Race circuit,Mark Webber,5,9,12308,2989,ESP,AUS,AUT,0,0,-1148.0
2010,Ferrari,Circuit de Barcelona-Catalunya,Race circuit,Fernando Alonso,5,9,10511,3353,ESP,ESP,ITA,1,0,-206.0
2010,Red Bull,Circuit de Barcelona-Catalunya,Race circuit,Sebastian Vettel,5,9,8346,1057,ESP,DEU,AUT,0,0,-1042.0
2010,Mercedes,Circuit de Barcelona-Catalunya,Race circuit,Michael Schumacher,5,9,15101,6832,ESP,DEU,DEU,0,0,152.0
2010,McLaren,Circuit de Barcelona-Catalunya,Race circuit,Jenson Button,5,9,11068,3710,ESP,GBR,GBR,0,0,-152.0
2010,Ferrari,Circuit de Barcelona-Catalunya,Race circuit,Felipe Massa,5,9,10606,2989,ESP,BRA,ITA,0,0,442.0
2010,Renault,Circuit de Barcelona-Catalunya,Race circuit,Robert Kubica,5,9,9284,1372,ESP,POL,FRA,0,0,210.0
2010,Sauber,Circuit de Barcelona-Catalunya,Race circuit,Kamui Kobayashi,5,9,8639,203,ESP,JPN,CHE,0,0,582.0
2010,Mercedes,Circuit de Barcelona-Catalunya,Race circuit,Nico Rosberg,5,9,9082,1519,ESP,DEU,DEU,0,0,266.0
2010,McLaren,Circuit de Barcelona-Catalunya,Race circuit,Lewis Hamilton,5,9,9253,1148,ESP,GBR,GBR,0,0,-314.0
2010,Red Bull,Circuit de Monaco,Street circuit,Mark Webber,5,16,12315,2996,MCO,AUS,AUT,0,0,-578.0
2010,Red Bull,Circuit de Monaco,Street circuit,Sebastian Vettel,5,16,8353,1064,MCO,DEU,AUT,0,0,-176.0
2010,Renault,Circuit de Monaco,Street circuit,Robert Kubica,5,16,9291,1379,MCO,POL,FRA,0,0,-284.0
2010,Ferrari,Circuit de Monaco,Street circuit,Felipe Massa,5,16,10613,2996,MCO,BRA,ITA,0,0,-120.0
2010,McLaren,Circuit de Monaco,Street circuit,Lewis Hamilton,5,16,9260,1155,MCO,GBR,GBR,0,0,28.0
2010,Mercedes,Circuit de Monaco,Street circuit,Nico Rosberg,5,16,9089,1526,MCO,DEU,DEU,0,0,-28.0
2010,Force India,Circuit de Monaco,Street circuit,Vitantonio Liuzzi,5,16,10875,1848,MCO,ITA,IND,0,0,658.0
2010,Mercedes,Circuit de Monaco,Street circuit,Michael Schumacher,5,16,15108,6839,MCO,DEU,DEU,0,0,186.0
2010,Williams,Circuit de Monaco,Street circuit,Rubens Barrichello,5,16,13872,6272,MCO,BRA,GBR,0,0,498.0
2010,McLaren,Circuit de Monaco,Street circuit,Jenson Button,5,16,11075,3717,MCO,GBR,GBR,0,0,234.0
2010,McLaren,Istanbul Park,Race circuit,Lewis Hamilton,5,30,9274,1169,TUR,GBR,GBR,0,0,-472.0
2010,McLaren,Istanbul Park,Race circuit,Jenson Button,5,30,11089,3731,TUR,GBR,GBR,0,0,-124.0
2010,Red Bull,Istanbul Park,Race circuit,Mark Webber,5,30,12329,3010,TUR,AUS,AUT,0,0,-610.0
2010,Mercedes,Istanbul Park,Race circuit,Michael Schumacher,5,30,15122,6853,TUR,DEU,DEU,0,0,-48.0
2010,Mercedes,Istanbul Park,Race circuit,Nico Rosberg,5,30,9103,1540,TUR,DEU,DEU,0,0,48.0
2010,Renault,Istanbul Park,Race circuit,Robert Kubica,5,30,9305,1393,TUR,POL,FRA,0,0,134.0
2010,Ferrari,Istanbul Park,Race circuit,Felipe Massa,5,30,10627,3010,TUR,BRA,ITA,0,0,178.0
2010,Sauber,Istanbul Park,Race circuit,Kamui Kobayashi,5,30,8660,224,TUR,JPN,CHE,0,0,530.0
2010,Renault,Istanbul Park,Race circuit,Vitaly Petrov,5,30,9395,77,TUR,RUS,FRA,0,0,482.0
2010,Red Bull,Istanbul Park,Race circuit,Sebastian Vettel,5,30,8367,1078,TUR,DEU,AUT,0,0,-176.0
2010,McLaren,Circuit Gilles Villeneuve,Street circuit,Lewis Hamilton,6,13,9288,1183,CAN,GBR,GBR,0,0,-479.0
2010,McLaren,Circuit Gilles Villeneuve,Street circuit,Jenson Button,6,13,11103,3745,CAN,GBR,GBR,0,0,-64.0
2010,Ferrari,Circuit Gilles Villeneuve,Street circuit,Fernando Alonso,6,13,10546,3388,CAN,ESP,ITA,0,0,-149.0
2010,Red Bull,Circuit Gilles Villeneuve,Street circuit,Sebastian Vettel,6,13,8381,1092,CAN,DEU,AUT,0,0,-164.0
2010,Red Bull,Circuit Gilles Villeneuve,Street circuit,Mark Webber,6,13,12343,3024,CAN,AUS,AUT,0,0,-211.0
2010,Mercedes,Circuit Gilles Villeneuve,Street circuit,Nico Rosberg,6,13,9117,1554,CAN,DEU,DEU,0,0,417.0
2010,Renault,Circuit Gilles Villeneuve,Street circuit,Robert Kubica,6,13,9319,1407,CAN,POL,FRA,0,0,98.0
2010,Force India,Circuit Gilles Villeneuve,Street circuit,Vitantonio Liuzzi,6,13,10903,1876,CAN,ITA,IND,0,0,64.0
2010,Force India,Circuit Gilles Villeneuve,Street circuit,Adrian Sutil,6,13,10015,1183,CAN,DEU,IND,0,0,297.0
2010,Ferrari,Circuit Gilles Villeneuve,Street circuit,Felipe Massa,6,13,10641,3024,CAN,BRA,ITA,0,0,104.0
2010,Red Bull,Valencia Street Circuit,Street circuit,Sebastian Vettel,6,27,8395,1106,ESP,DEU,AUT,0,0,-482.0
2010,McLaren,Valencia Street Circuit,Street circuit,Lewis Hamilton,6,27,9302,1197,ESP,GBR,GBR,0,0,-100.0
2010,McLaren,Valencia Street Circuit,Street circuit,Jenson Button,6,27,11117,3759,ESP,GBR,GBR,0,0,142.0
2010,Williams,Valencia Street Circuit,Street circuit,Rubens Barrichello,6,27,13914,6314,ESP,BRA,GBR,0,0,258.0
2010,Renault,Valencia Street Circuit,Street circuit,Robert Kubica,6,27,9333,1421,ESP,POL,FRA,0,0,-6.0
2010,Ferrari,Valencia Street Circuit,Street circuit,Fernando Alonso,6,27,10560,3402,ESP,ESP,ITA,1,0,6.0
2010,Ferrari,Valencia Street Circuit,Street circuit,Felipe Massa,6,27,10655,3038,ESP,BRA,ITA,0,0,-22.0
2010,Renault,Valencia Street Circuit,Street circuit,Vitaly Petrov,6,27,9423,105,ESP,RUS,FRA,0,0,454.0
2010,Williams,Valencia Street Circuit,Street circuit,Nico Hülkenberg,6,27,8348,105,ESP,DEU,GBR,0,0,360.0
2010,Red Bull,Valencia Street Circuit,Street circuit,Mark Webber,6,27,12357,3038,ESP,AUS,AUT,0,0,-406.0
2010,Red Bull,Silverstone Circuit,Race circuit,Mark Webber,7,11,12371,3052,GBR,AUS,AUT,0,0,-1060.0
2010,McLaren,Silverstone Circuit,Race circuit,Lewis Hamilton,7,11,9316,1211,GBR,GBR,GBR,1,1,-262.0
2010,Mercedes,Silverstone Circuit,Race circuit,Nico Rosberg,7,11,9145,1582,GBR,DEU,DEU,0,0,-192.0
2010,Williams,Silverstone Circuit,Race circuit,Rubens Barrichello,7,11,13928,6328,GBR,BRA,GBR,0,1,308.0
2010,Red Bull,Silverstone Circuit,Race circuit,Sebastian Vettel,7,11,8409,1120,GBR,DEU,AUT,0,0,-1202.0
2010,Mercedes,Silverstone Circuit,Race circuit,Michael Schumacher,7,11,15164,6895,GBR,DEU,DEU,0,0,204.0
2010,Ferrari,Silverstone Circuit,Race circuit,Fernando Alonso,7,11,10574,3416,GBR,ESP,ITA,0,0,-392.0
2010,Ferrari,Silverstone Circuit,Race circuit,Felipe Massa,7,11,10669,3052,GBR,BRA,ITA,0,0,192.0
2010,Sauber,Silverstone Circuit,Race circuit,Pedro de la Rosa,7,11,14382,4144,GBR,ESP,CHE,0,0,456.0
2010,Renault,Silverstone Circuit,Race circuit,Robert Kubica,7,11,9347,1435,GBR,POL,FRA,0,0,222.0
2010,Ferrari,Hockenheimring,Race circuit,Fernando Alonso,7,25,10588,3430,DEU,ESP,ITA,0,0,-664.0
2010,Ferrari,Hockenheimring,Race circuit,Felipe Massa,7,25,10683,3066,DEU,BRA,ITA,0,0,-168.0
2010,Red Bull,Hockenheimring,Race circuit,Sebastian Vettel,7,25,8423,1134,DEU,DEU,AUT,1,0,-666.0
2010,McLaren,Hockenheimring,Race circuit,Lewis Hamilton,7,25,9330,1225,DEU,GBR,GBR,0,0,30.0
2010,McLaren,Hockenheimring,Race circuit,Jenson Button,7,25,11145,3787,DEU,GBR,GBR,0,0,-30.0
2010,Red Bull,Hockenheimring,Race circuit,Mark Webber,7,25,12385,3066,DEU,AUS,AUT,0,0,-118.0
2010,Renault,Hockenheimring,Race circuit,Robert Kubica,7,25,9361,1449,DEU,POL,FRA,0,0,378.0
2010,Mercedes,Hockenheimring,Race circuit,Nico Rosberg,7,25,9159,1596,DEU,DEU,DEU,1,1,560.0
2010,Williams,Hockenheimring,Race circuit,Rubens Barrichello,7,25,13942,6342,DEU,BRA,GBR,0,0,240.0
2010,Williams,Hockenheimring,Race circuit,Nico Hülkenberg,7,25,8376,133,DEU,DEU,GBR,1,0,486.0
2010,Red Bull,Hungaroring,Race circuit,Mark Webber,8,1,12392,3073,HUN,AUS,AUT,0,0,-1464.0
2010,Ferrari,Hungaroring,Race circuit,Fernando Alonso,8,1,10595,3437,HUN,ESP,ITA,0,0,-661.0
2010,Red Bull,Hungaroring,Race circuit,Sebastian Vettel,8,1,8430,1141,HUN,DEU,AUT,0,0,-1875.0
2010,Ferrari,Hungaroring,Race circuit,Felipe Massa,8,1,10690,3073,HUN,BRA,ITA,0,0,-317.0
2010,Renault,Hungaroring,Race circuit,Vitaly Petrov,8,1,9458,140,HUN,RUS,FRA,0,0,149.0
2010,Williams,Hungaroring,Race circuit,Nico Hülkenberg,8,1,8383,140,HUN,DEU,GBR,0,0,627.0
2010,Sauber,Hungaroring,Race circuit,Pedro de la Rosa,8,1,14403,4165,HUN,ESP,CHE,0,0,625.0
2010,McLaren,Hungaroring,Race circuit,Lewis Hamilton,8,1,9337,1232,HUN,GBR,GBR,0,0,-149.0
2010,Renault,Hungaroring,Race circuit,Robert Kubica,8,1,9368,1456,HUN,POL,FRA,0,0,219.0
2010,Mercedes,Hungaroring,Race circuit,Nico Rosberg,8,1,9166,1603,HUN,DEU,DEU,0,0,163.0
2010,McLaren,Circuit de Spa-Francorchamps,Race circuit,Lewis Hamilton,8,29,9365,1260,BEL,GBR,GBR,0,0,-397.0
2010,Red Bull,Circuit de Spa-Francorchamps,Race circuit,Mark Webber,8,29,12420,3101,BEL,AUS,AUT,0,0,-482.0
2010,Renault,Circuit de Spa-Francorchamps,Race circuit,Robert Kubica,8,29,9396,1484,BEL,POL,FRA,0,0,-160.0
2010,Ferrari,Circuit de Spa-Francorchamps,Race circuit,Felipe Massa,8,29,10718,3101,BEL,BRA,ITA,0,0,54.0
2010,Force India,Circuit de Spa-Francorchamps,Race circuit,Adrian Sutil,8,29,10092,1260,BEL,DEU,IND,0,0,399.0
2010,Williams,Circuit de Spa-Francorchamps,Race circuit,Nico Hülkenberg,8,29,8411,168,BEL,DEU,GBR,0,0,793.0
2010,Red Bull,Circuit de Spa-Francorchamps,Race circuit,Sebastian Vettel,8,29,8458,1169,BEL,DEU,AUT,0,0,-133.0
2010,Ferrari,Circuit de Spa-Francorchamps,Race circuit,Fernando Alonso,8,29,10623,3465,BEL,ESP,ITA,0,0,1181.0
2010,McLaren,Circuit de Spa-Francorchamps,Race circuit,Jenson Button,8,29,11180,3822,BEL,GBR,GBR,0,0,-54.0
2010,Williams,Circuit de Spa-Francorchamps,Race circuit,Rubens Barrichello,8,29,13977,6377,BEL,BRA,GBR,0,0,342.0
2010,Ferrari,Autodromo Nazionale di Monza,Race circuit,Fernando Alonso,9,12,10637,3479,ITA,ESP,ITA,0,1,-592.0
2010,McLaren,Autodromo Nazionale di Monza,Race circuit,Jenson Button,9,12,11194,3836,ITA,GBR,GBR,0,0,-470.0
2010,Ferrari,Autodromo Nazionale di Monza,Race circuit,Felipe Massa,9,12,10732,3115,ITA,BRA,ITA,0,1,-261.0
2010,Red Bull,Autodromo Nazionale di Monza,Race circuit,Sebastian Vettel,9,12,8472,1183,ITA,DEU,AUT,0,0,121.0
2010,Mercedes,Autodromo Nazionale di Monza,Race circuit,Nico Rosberg,9,12,9208,1645,ITA,DEU,DEU,0,0,473.0
2010,Red Bull,Autodromo Nazionale di Monza,Race circuit,Mark Webber,9,12,12434,3115,ITA,AUS,AUT,0,0,-121.0
2010,Williams,Autodromo Nazionale di Monza,Race circuit,Nico Hülkenberg,9,12,8425,182,ITA,DEU,GBR,0,0,435.0
2010,Renault,Autodromo Nazionale di Monza,Race circuit,Robert Kubica,9,12,9410,1498,ITA,POL,FRA,0,0,326.0
2010,Williams,Autodromo Nazionale di Monza,Race circuit,Rubens Barrichello,9,12,13991,6391,ITA,BRA,GBR,0,0,588.0
2010,McLaren,Autodromo Nazionale di Monza,Race circuit,Lewis Hamilton,9,12,9379,1274,ITA,GBR,GBR,0,0,-160.0
2010,Ferrari,Marina Bay Street Circuit,Street circuit,Fernando Alonso,9,26,10651,3493,SGP,ESP,ITA,0,0,-700.0
2010,Red Bull,Marina Bay Street Circuit,Street circuit,Sebastian Vettel,9,26,8486,1197,SGP,DEU,AUT,0,0,-633.0
2010,Red Bull,Marina Bay Street Circuit,Street circuit,Mark Webber,9,26,12448,3129,SGP,AUS,AUT,0,0,-182.0
2010,McLaren,Marina Bay Street Circuit,Street circuit,Jenson Button,9,26,11208,3850,SGP,GBR,GBR,0,0,-146.0
2010,Mercedes,Marina Bay Street Circuit,Street circuit,Nico Rosberg,9,26,9222,1659,SGP,DEU,DEU,0,0,353.0
2010,Williams,Marina Bay Street Circuit,Street circuit,Rubens Barrichello,9,26,14005,6405,SGP,BRA,GBR,0,0,146.0
2010,Renault,Marina Bay Street Circuit,Street circuit,Robert Kubica,9,26,9424,1512,SGP,POL,FRA,0,0,503.0
2010,Mercedes,Marina Bay Street Circuit,Street circuit,Michael Schumacher,9,26,15241,6972,SGP,DEU,DEU,0,0,612.0
2010,McLaren,Marina Bay Street Circuit,Street circuit,Lewis Hamilton,9,26,9393,1288,SGP,GBR,GBR,0,0,-519.0
2010,Sauber,Marina Bay Street Circuit,Street circuit,Kamui Kobayashi,9,26,8779,343,SGP,JPN,CHE,0,0,1469.0
2010,Red Bull,Suzuka Circuit,Race circuit,Sebastian Vettel,10,10,8500,1211,JPN,DEU,AUT,0,0,-580.0
2010,Red Bull,Suzuka Circuit,Race circuit,Mark Webber,10,10,12462,3143,JPN,AUS,AUT,0,0,-512.0
2010,Ferrari,Suzuka Circuit,Race circuit,Fernando Alonso,10,10,10665,3507,JPN,ESP,ITA,0,0,-13.0
2010,McLaren,Suzuka Circuit,Race circuit,Jenson Button,10,10,11222,3864,JPN,GBR,GBR,0,0,13.0
2010,McLaren,Suzuka Circuit,Race circuit,Lewis Hamilton,10,10,9407,1302,JPN,GBR,GBR,0,0,-196.0
2010,Mercedes,Suzuka Circuit,Race circuit,Michael Schumacher,10,10,15255,6986,JPN,DEU,DEU,0,0,481.0
2010,Williams,Suzuka Circuit,Race circuit,Rubens Barrichello,10,10,14019,6419,JPN,BRA,GBR,0,0,170.0
2010,Mercedes,Suzuka Circuit,Race circuit,Nico Rosberg,10,10,9236,1673,JPN,DEU,DEU,0,0,129.0
2010,Renault,Suzuka Circuit,Race circuit,Robert Kubica,10,10,9438,1526,JPN,POL,FRA,0,0,-134.0
2010,Williams,Suzuka Circuit,Race circuit,Nico Hülkenberg,10,10,8453,210,JPN,DEU,GBR,0,0,194.0
2010,Ferrari,Korean International Circuit,Race circuit,Fernando Alonso,10,24,10679,3521,KOR,ESP,ITA,0,0,-586.0
2010,McLaren,Korean International Circuit,Race circuit,Lewis Hamilton,10,24,9421,1316,KOR,GBR,GBR,0,0,-290.0
2010,Ferrari,Korean International Circuit,Race circuit,Felipe Massa,10,24,10774,3157,KOR,BRA,ITA,0,0,-183.0
2010,Mercedes,Korean International Circuit,Race circuit,Michael Schumacher,10,24,15269,7000,KOR,DEU,DEU,0,0,598.0
2010,Renault,Korean International Circuit,Race circuit,Robert Kubica,10,24,9452,1540,KOR,POL,FRA,0,0,472.0
2010,Williams,Korean International Circuit,Race circuit,Rubens Barrichello,10,24,14033,6433,KOR,BRA,GBR,0,0,646.0
2010,McLaren,Korean International Circuit,Race circuit,Jenson Button,10,24,11236,3878,KOR,GBR,GBR,0,0,379.0
2010,Red Bull,Korean International Circuit,Race circuit,Sebastian Vettel,10,24,8514,1225,KOR,DEU,AUT,0,0,-767.0
2010,Red Bull,Korean International Circuit,Race circuit,Mark Webber,10,24,12476,3157,KOR,AUS,AUT,0,0,-693.0
2010,Mercedes,Korean International Circuit,Race circuit,Nico Rosberg,10,24,9250,1687,KOR,DEU,DEU,0,0,183.0
2010,Red Bull,Autódromo José Carlos Pace,Race circuit,Sebastian Vettel,11,7,8528,1239,BRA,DEU,AUT,0,0,-577.0
2010,Red Bull,Autódromo José Carlos Pace,Race circuit,Mark Webber,11,7,12490,3171,BRA,AUS,AUT,0,0,-459.0
2010,Ferrari,Autódromo José Carlos Pace,Race circuit,Fernando Alonso,11,7,10693,3535,BRA,ESP,ITA,0,0,-107.0
2010,McLaren,Autódromo José Carlos Pace,Race circuit,Lewis Hamilton,11,7,9435,1330,BRA,GBR,GBR,0,0,-349.0
2010,Mercedes,Autódromo José Carlos Pace,Race circuit,Michael Schumacher,11,7,15283,7014,BRA,DEU,DEU,0,0,829.0
2010,Williams,Autódromo José Carlos Pace,Race circuit,Nico Hülkenberg,11,7,8481,238,BRA,DEU,GBR,0,0,-1626.0
2010,Renault,Autódromo José Carlos Pace,Race circuit,Robert Kubica,11,7,9466,1554,BRA,POL,FRA,0,0,456.0
2010,Williams,Autódromo José Carlos Pace,Race circuit,Rubens Barrichello,11,7,14047,6447,BRA,BRA,GBR,1,0,107.0
2010,Ferrari,Autódromo José Carlos Pace,Race circuit,Felipe Massa,11,7,10788,3171,BRA,BRA,ITA,1,0,1005.0
2010,Renault,Autódromo José Carlos Pace,Race circuit,Vitaly Petrov,11,7,9556,238,BRA,RUS,FRA,0,0,1560.0
2010,Red Bull,Yas Marina Circuit,Race circuit,Sebastian Vettel,11,14,8535,1246,ARE,DEU,AUT,0,0,-598.0
2010,McLaren,Yas Marina Circuit,Race circuit,Lewis Hamilton,11,14,9442,1337,ARE,GBR,GBR,0,0,-568.0
2010,McLaren,Yas Marina Circuit,Race circuit,Jenson Button,11,14,11257,3899,ARE,GBR,GBR,0,0,-170.0
2010,Mercedes,Yas Marina Circuit,Race circuit,Nico Rosberg,11,14,9271,1708,ARE,DEU,DEU,0,0,68.0
2010,Renault,Yas Marina Circuit,Race circuit,Vitaly Petrov,11,14,9563,245,ARE,RUS,FRA,0,0,666.0
2010,Ferrari,Yas Marina Circuit,Race circuit,Fernando Alonso,11,14,10700,3542,ARE,ESP,ITA,0,0,-200.0
2010,Red Bull,Yas Marina Circuit,Race circuit,Mark Webber,11,14,12497,3178,ARE,AUS,AUT,0,0,-68.0
2010,Ferrari,Yas Marina Circuit,Race circuit,Felipe Massa,11,14,10795,3178,ARE,BRA,ITA,0,0,210.0
2010,Williams,Yas Marina Circuit,Race circuit,Rubens Barrichello,11,14,14054,6454,ARE,BRA,GBR,0,0,210.0
2010,Mercedes,Yas Marina Circuit,Race circuit,Michael Schumacher,11,14,15290,7021,ARE,DEU,DEU,0,0,460.0
2011,Red Bull,Albert Park Grand Prix Circuit,Street circuit,Sebastian Vettel,3,27,8668,1379,AUS,DEU,AUT,0,0,-1582.0
2011,McLaren,Albert Park Grand Prix Circuit,Street circuit,Lewis Hamilton,3,27,9575,1470,AUS,GBR,GBR,0,0,-804.0
2011,Renault,Albert Park Grand Prix Circuit,Street circuit,Vitaly Petrov,3,27,9696,378,AUS,RUS,FRA,0,0,136.0
2011,Ferrari,Albert Park Grand Prix Circuit,Street circuit,Fernando Alonso,3,27,10833,3675,AUS,ESP,ITA,0,0,-136.0
2011,Red Bull,Albert Park Grand Prix Circuit,Street circuit,Mark Webber,3,27,12630,3311,AUS,AUS,AUT,1,0,-716.0
2011,McLaren,Albert Park Grand Prix Circuit,Street circuit,Jenson Button,3,27,11390,4032,AUS,GBR,GBR,0,0,-332.0
2011,Ferrari,Albert Park Grand Prix Circuit,Street circuit,Felipe Massa,3,27,10928,3311,AUS,BRA,ITA,0,0,488.0
2011,Toro Rosso,Albert Park Grand Prix Circuit,Street circuit,Sébastien Buemi,3,27,8182,728,AUS,CHE,ITA,0,0,772.0
2011,Mercedes,Albert Park Grand Prix Circuit,Street circuit,Nico Rosberg,3,27,9404,1841,AUS,DEU,DEU,0,0,310.0
2011,Sauber,Albert Park Grand Prix Circuit,Street circuit,Kamui Kobayashi,3,27,8961,525,AUS,JPN,CHE,0,0,294.0
2011,Red Bull,Sepang International Circuit,Race circuit,Sebastian Vettel,4,10,8682,1393,MYS,DEU,AUT,0,0,-1093.0
2011,McLaren,Sepang International Circuit,Race circuit,Jenson Button,4,10,11404,4046,MYS,GBR,GBR,0,0,-763.0
2011,Renault,Sepang International Circuit,Race circuit,Nick Heidfeld,4,10,12388,4046,MYS,DEU,FRA,0,0,161.0
2011,Red Bull,Sepang International Circuit,Race circuit,Mark Webber,4,10,12644,3325,MYS,AUS,AUT,0,0,-784.0
2011,Ferrari,Sepang International Circuit,Race circuit,Felipe Massa,4,10,10942,3325,MYS,BRA,ITA,0,0,288.0
2011,Ferrari,Sepang International Circuit,Race circuit,Fernando Alonso,4,10,10847,3689,MYS,ESP,ITA,0,0,-161.0
2011,Sauber,Sepang International Circuit,Race circuit,Kamui Kobayashi,4,10,8975,539,MYS,JPN,CHE,0,0,728.0
2011,McLaren,Sepang International Circuit,Race circuit,Lewis Hamilton,4,10,9589,1484,MYS,GBR,GBR,0,0,-989.0
2011,Mercedes,Sepang International Circuit,Race circuit,Nico Rosberg,4,10,9418,1855,MYS,DEU,DEU,0,0,425.0
2011,Renault,Sepang International Circuit,Race circuit,Vitaly Petrov,4,10,9710,392,MYS,RUS,FRA,0,0,361.0
2011,McLaren,Shanghai International Circuit,Race circuit,Lewis Hamilton,4,17,9596,1491,CHN,GBR,GBR,0,0,-656.0
2011,Red Bull,Shanghai International Circuit,Race circuit,Sebastian Vettel,4,17,8689,1400,CHN,DEU,AUT,0,0,-1413.0
2011,McLaren,Shanghai International Circuit,Race circuit,Jenson Button,4,17,11411,4053,CHN,GBR,GBR,0,0,-698.0
2011,Mercedes,Shanghai International Circuit,Race circuit,Nico Rosberg,4,17,9425,1862,CHN,DEU,DEU,0,0,-449.0
2011,Ferrari,Shanghai International Circuit,Race circuit,Felipe Massa,4,17,10949,3332,CHN,BRA,ITA,0,0,26.0
2011,Ferrari,Shanghai International Circuit,Race circuit,Fernando Alonso,4,17,10854,3696,CHN,ESP,ITA,0,0,0.0
2011,Force India,Shanghai International Circuit,Race circuit,Paul di Resta,4,17,9132,21,CHN,GBR,IND,0,0,583.0
2011,Toro Rosso,Shanghai International Circuit,Race circuit,Sébastien Buemi,4,17,8203,749,CHN,CHE,ITA,0,0,381.0
2011,Toro Rosso,Shanghai International Circuit,Race circuit,Jaime Alguersuari,4,17,7695,630,CHN,ESP,ITA,0,0,444.0
2011,Red Bull,Istanbul Park,Race circuit,Sebastian Vettel,5,8,8710,1421,TUR,DEU,AUT,0,0,-802.0
2011,Red Bull,Istanbul Park,Race circuit,Mark Webber,5,8,12672,3353,TUR,AUS,AUT,0,0,-397.0
2011,Ferrari,Istanbul Park,Race circuit,Fernando Alonso,5,8,10875,3717,TUR,ESP,ITA,0,0,0.0
2011,McLaren,Istanbul Park,Race circuit,Lewis Hamilton,5,8,9617,1512,TUR,GBR,GBR,0,0,-256.0
2011,Mercedes,Istanbul Park,Race circuit,Nico Rosberg,5,8,9446,1883,TUR,DEU,DEU,0,0,-277.0
2011,McLaren,Istanbul Park,Race circuit,Jenson Button,5,8,11432,4074,TUR,GBR,GBR,0,0,131.0
2011,Renault,Istanbul Park,Race circuit,Nick Heidfeld,5,8,12416,4074,TUR,DEU,FRA,0,0,808.0
2011,Renault,Istanbul Park,Race circuit,Vitaly Petrov,5,8,9738,420,TUR,RUS,FRA,0,0,445.0
2011,Mercedes,Istanbul Park,Race circuit,Michael Schumacher,5,8,15465,7196,TUR,DEU,DEU,0,0,270.0
2011,Red Bull,Circuit de Barcelona-Catalunya,Race circuit,Sebastian Vettel,5,22,8724,1435,ESP,DEU,AUT,0,0,-815.0
2011,McLaren,Circuit de Barcelona-Catalunya,Race circuit,Lewis Hamilton,5,22,9631,1526,ESP,GBR,GBR,0,0,-35.0
2011,McLaren,Circuit de Barcelona-Catalunya,Race circuit,Jenson Button,5,22,11446,4088,ESP,GBR,GBR,0,0,0.0
2011,Red Bull,Circuit de Barcelona-Catalunya,Race circuit,Mark Webber,5,22,12686,3367,ESP,AUS,AUT,0,0,-1015.0
2011,Ferrari,Circuit de Barcelona-Catalunya,Race circuit,Fernando Alonso,5,22,10889,3731,ESP,ESP,ITA,1,0,-32.0
2011,Mercedes,Circuit de Barcelona-Catalunya,Race circuit,Nico Rosberg,5,22,9460,1897,ESP,DEU,DEU,0,0,573.0
2011,Renault,Circuit de Barcelona-Catalunya,Race circuit,Vitaly Petrov,5,22,9752,434,ESP,RUS,FRA,0,0,475.0
2011,Williams,Circuit de Barcelona-Catalunya,Race circuit,Pastor Maldonado,5,22,9570,56,ESP,VEN,GBR,0,0,858.0
2011,Ferrari,Circuit de Barcelona-Catalunya,Race circuit,Felipe Massa,5,22,10984,3367,ESP,BRA,ITA,0,0,892.0
2011,Red Bull,Circuit de Monaco,Street circuit,Sebastian Vettel,5,29,8731,1442,MCO,DEU,AUT,0,0,-927.0
2011,Ferrari,Circuit de Monaco,Street circuit,Fernando Alonso,5,29,10896,3738,MCO,ESP,ITA,0,0,0.0
2011,McLaren,Circuit de Monaco,Street circuit,Jenson Button,5,29,11453,4095,MCO,GBR,GBR,0,0,-486.0
2011,Red Bull,Circuit de Monaco,Street circuit,Mark Webber,5,29,12693,3374,MCO,AUS,AUT,0,0,-464.0
2011,McLaren,Circuit de Monaco,Street circuit,Lewis Hamilton,5,29,9638,1533,MCO,GBR,GBR,0,0,-208.0
2011,Mercedes,Circuit de Monaco,Street circuit,Nico Rosberg,5,29,9467,1904,MCO,DEU,DEU,0,0,258.0
2011,Williams,Circuit de Monaco,Street circuit,Pastor Maldonado,5,29,9577,63,MCO,VEN,GBR,0,0,1062.0
2011,Ferrari,Circuit de Monaco,Street circuit,Felipe Massa,5,29,10991,3374,MCO,BRA,ITA,0,0,165.0
2011,Mercedes,Circuit de Monaco,Street circuit,Michael Schumacher,5,29,15486,7217,MCO,DEU,DEU,0,0,199.0
2011,McLaren,Circuit Gilles Villeneuve,Street circuit,Jenson Button,6,12,11467,4109,CAN,GBR,GBR,0,0,148.0
2011,Red Bull,Circuit Gilles Villeneuve,Street circuit,Sebastian Vettel,6,12,8745,1456,CAN,DEU,AUT,0,0,-676.0
2011,Red Bull,Circuit Gilles Villeneuve,Street circuit,Mark Webber,6,12,12707,3388,CAN,AUS,AUT,0,0,-260.0
2011,Mercedes,Circuit Gilles Villeneuve,Street circuit,Michael Schumacher,6,12,15500,7231,CAN,DEU,DEU,0,0,174.0
2011,Renault,Circuit Gilles Villeneuve,Street circuit,Vitaly Petrov,6,12,9773,455,CAN,RUS,FRA,0,0,396.0
2011,Ferrari,Circuit Gilles Villeneuve,Street circuit,Felipe Massa,6,12,11005,3388,CAN,BRA,ITA,0,0,-472.0
2011,Mercedes,Circuit Gilles Villeneuve,Street circuit,Nico Rosberg,6,12,9481,1918,CAN,DEU,DEU,0,0,124.0
2011,Renault,Circuit Gilles Villeneuve,Street circuit,Nick Heidfeld,6,12,12451,4109,CAN,DEU,FRA,0,0,372.0
2011,Ferrari,Circuit Gilles Villeneuve,Street circuit,Fernando Alonso,6,12,10910,3752,CAN,ESP,ITA,0,0,-490.0
2011,McLaren,Circuit Gilles Villeneuve,Street circuit,Lewis Hamilton,6,12,9652,1547,CAN,GBR,GBR,0,0,-124.0
2011,Red Bull,Valencia Street Circuit,Street circuit,Sebastian Vettel,6,26,8759,1470,ESP,DEU,AUT,0,0,-520.0
2011,Ferrari,Valencia Street Circuit,Street circuit,Fernando Alonso,6,26,10924,3766,ESP,ESP,ITA,1,0,-40.0
2011,Red Bull,Valencia Street Circuit,Street circuit,Mark Webber,6,26,12721,3402,ESP,AUS,AUT,0,0,-332.0
2011,McLaren,Valencia Street Circuit,Street circuit,Lewis Hamilton,6,26,9666,1561,ESP,GBR,GBR,0,0,-114.0
2011,Ferrari,Valencia Street Circuit,Street circuit,Felipe Massa,6,26,11019,3402,ESP,BRA,ITA,0,0,40.0
2011,McLaren,Valencia Street Circuit,Street circuit,Jenson Button,6,26,11481,4123,ESP,GBR,GBR,0,0,150.0
2011,Mercedes,Valencia Street Circuit,Street circuit,Nico Rosberg,6,26,9495,1932,ESP,DEU,DEU,0,0,736.0
2011,Mercedes,Valencia Street Circuit,Street circuit,Michael Schumacher,6,26,15514,7245,ESP,DEU,DEU,0,0,746.0
2011,Ferrari,Silverstone Circuit,Race circuit,Fernando Alonso,7,10,10938,3780,GBR,ESP,ITA,0,0,-1398.0
2011,Red Bull,Silverstone Circuit,Race circuit,Sebastian Vettel,7,10,8773,1484,GBR,DEU,AUT,0,0,-1482.0
2011,Red Bull,Silverstone Circuit,Race circuit,Mark Webber,7,10,12735,3416,GBR,AUS,AUT,0,0,-1514.0
2011,McLaren,Silverstone Circuit,Race circuit,Lewis Hamilton,7,10,9680,1575,GBR,GBR,GBR,1,1,462.0
2011,Ferrari,Silverstone Circuit,Race circuit,Felipe Massa,7,10,11033,3416,GBR,BRA,ITA,0,0,-790.0
2011,Mercedes,Silverstone Circuit,Race circuit,Nico Rosberg,7,10,9509,1946,GBR,DEU,DEU,0,0,296.0
2011,Williams,Silverstone Circuit,Race circuit,Pastor Maldonado,7,10,9619,105,GBR,VEN,GBR,0,1,20.0
2011,Force India,Silverstone Circuit,Race circuit,Paul di Resta,7,10,9216,105,GBR,GBR,IND,1,0,16.0
2011,McLaren,Silverstone Circuit,Race circuit,Jenson Button,7,10,11495,4137,GBR,GBR,GBR,1,1,-16.0
2011,Sauber,Silverstone Circuit,Race circuit,Kamui Kobayashi,7,10,9066,630,GBR,JPN,CHE,0,0,214.0
2011,McLaren,Nürburgring,Race circuit,Lewis Hamilton,7,24,9694,1589,DEU,GBR,GBR,0,0,-952.0
2011,Ferrari,Nürburgring,Race circuit,Fernando Alonso,7,24,10952,3794,DEU,ESP,ITA,0,0,-644.0
2011,Red Bull,Nürburgring,Race circuit,Mark Webber,7,24,12749,3430,DEU,AUS,AUT,0,0,-1008.0
2011,Red Bull,Nürburgring,Race circuit,Sebastian Vettel,7,24,8787,1498,DEU,DEU,AUT,1,0,-870.0
2011,Ferrari,Nürburgring,Race circuit,Felipe Massa,7,24,11047,3430,DEU,BRA,ITA,0,0,-176.0
2011,Force India,Nürburgring,Race circuit,Adrian Sutil,7,24,10421,1589,DEU,DEU,IND,1,0,722.0
2011,Mercedes,Nürburgring,Race circuit,Nico Rosberg,7,24,9523,1960,DEU,DEU,DEU,1,1,176.0
2011,Mercedes,Nürburgring,Race circuit,Michael Schumacher,7,24,15542,7273,DEU,DEU,DEU,1,1,1094.0
2011,Renault,Nürburgring,Race circuit,Vitaly Petrov,7,24,9815,497,DEU,RUS,FRA,0,0,898.0
2011,McLaren,Nürburgring,Race circuit,Jenson Button,7,24,11509,4151,DEU,GBR,GBR,0,0,202.0
2011,McLaren,Hungaroring,Race circuit,Jenson Button,7,31,11516,4158,HUN,GBR,GBR,0,0,-326.0
2011,Red Bull,Hungaroring,Race circuit,Sebastian Vettel,7,31,8794,1505,HUN,DEU,AUT,0,0,-535.0
2011,Ferrari,Hungaroring,Race circuit,Fernando Alonso,7,31,10959,3801,HUN,ESP,ITA,0,0,-88.0
2011,McLaren,Hungaroring,Race circuit,Lewis Hamilton,7,31,9701,1596,HUN,GBR,GBR,0,0,-372.0
2011,Red Bull,Hungaroring,Race circuit,Mark Webber,7,31,12756,3437,HUN,AUS,AUT,0,0,124.0
2011,Ferrari,Hungaroring,Race circuit,Felipe Massa,7,31,11054,3437,HUN,BRA,ITA,0,0,0.0
2011,Mercedes,Hungaroring,Race circuit,Nico Rosberg,7,31,9530,1967,HUN,DEU,DEU,0,0,748.0
2011,Force India,Hungaroring,Race circuit,Adrian Sutil,7,31,10428,1596,HUN,DEU,IND,0,0,1095.0
2011,Mercedes,Hungaroring,Race circuit,Michael Schumacher,7,31,15549,7280,HUN,DEU,DEU,0,0,1502.0
2011,Red Bull,Circuit de Spa-Francorchamps,Race circuit,Sebastian Vettel,8,28,8822,1533,BEL,DEU,AUT,0,0,-2364.0
2011,Red Bull,Circuit de Spa-Francorchamps,Race circuit,Mark Webber,8,28,12784,3465,BEL,AUS,AUT,0,0,-1286.0
2011,Ferrari,Circuit de Spa-Francorchamps,Race circuit,Fernando Alonso,8,28,10987,3829,BEL,ESP,ITA,0,0,588.0
2011,Mercedes,Circuit de Spa-Francorchamps,Race circuit,Nico Rosberg,8,28,9558,1995,BEL,DEU,DEU,0,0,-110.0
2011,Ferrari,Circuit de Spa-Francorchamps,Race circuit,Felipe Massa,8,28,11082,3465,BEL,BRA,ITA,0,0,-406.0
2011,Renault,Circuit de Spa-Francorchamps,Race circuit,Vitaly Petrov,8,28,9850,532,BEL,RUS,FRA,0,0,1640.0
2011,Renault,Circuit de Spa-Francorchamps,Race circuit,Bruno Senna,8,28,10179,532,BEL,BRA,FRA,0,0,458.0
2011,Sauber,Circuit de Spa-Francorchamps,Race circuit,Sergio Pérez,8,28,7884,154,BEL,MEX,CHE,0,0,712.0
2011,McLaren,Circuit de Spa-Francorchamps,Race circuit,Lewis Hamilton,8,28,9729,1624,BEL,GBR,GBR,0,0,-1932.0
2011,Toro Rosso,Circuit de Spa-Francorchamps,Race circuit,Jaime Alguersuari,8,28,7828,763,BEL,ESP,ITA,0,0,110.0
2011,Red Bull,Autodromo Nazionale di Monza,Race circuit,Sebastian Vettel,9,11,8836,1547,ITA,DEU,AUT,0,0,-697.0
2011,McLaren,Autodromo Nazionale di Monza,Race circuit,Jenson Button,9,11,11558,4200,ITA,GBR,GBR,0,0,-195.0
2011,Ferrari,Autodromo Nazionale di Monza,Race circuit,Fernando Alonso,9,11,11001,3843,ITA,ESP,ITA,0,1,-131.0
2011,McLaren,Autodromo Nazionale di Monza,Race circuit,Lewis Hamilton,9,11,9743,1638,ITA,GBR,GBR,0,0,-247.0
2011,Mercedes,Autodromo Nazionale di Monza,Race circuit,Michael Schumacher,9,11,15591,7322,ITA,DEU,DEU,0,0,699.0
2011,Ferrari,Autodromo Nazionale di Monza,Race circuit,Felipe Massa,9,11,11096,3479,ITA,BRA,ITA,0,1,216.0
2011,Red Bull,Autodromo Nazionale di Monza,Race circuit,Mark Webber,9,11,12798,3479,ITA,AUS,AUT,0,0,0.0
2011,Renault,Autodromo Nazionale di Monza,Race circuit,Vitaly Petrov,9,11,9864,546,ITA,RUS,FRA,0,0,558.0
2011,Mercedes,Autodromo Nazionale di Monza,Race circuit,Nico Rosberg,9,11,9572,2009,ITA,DEU,DEU,0,0,363.0
2011,Red Bull,Marina Bay Street Circuit,Street circuit,Sebastian Vettel,9,25,8850,1561,SGP,DEU,AUT,0,0,-428.0
2011,McLaren,Marina Bay Street Circuit,Street circuit,Jenson Button,9,25,11572,4214,SGP,GBR,GBR,0,0,-5.0
2011,Red Bull,Marina Bay Street Circuit,Street circuit,Mark Webber,9,25,12812,3493,SGP,AUS,AUT,0,0,-77.0
2011,Ferrari,Marina Bay Street Circuit,Street circuit,Fernando Alonso,9,25,11015,3857,SGP,ESP,ITA,0,0,65.0
2011,McLaren,Marina Bay Street Circuit,Street circuit,Lewis Hamilton,9,25,9757,1652,SGP,GBR,GBR,0,0,0.0
2011,Mercedes,Marina Bay Street Circuit,Street circuit,Nico Rosberg,9,25,9586,2023,SGP,DEU,DEU,0,0,1204.0
2011,Ferrari,Marina Bay Street Circuit,Street circuit,Felipe Massa,9,25,11110,3493,SGP,BRA,ITA,0,0,991.0
2011,McLaren,Suzuka Circuit,Race circuit,Jenson Button,10,9,11586,4228,JPN,GBR,GBR,0,0,-236.0
2011,Ferrari,Suzuka Circuit,Race circuit,Fernando Alonso,10,9,11029,3871,JPN,ESP,ITA,0,0,176.0
2011,Red Bull,Suzuka Circuit,Race circuit,Sebastian Vettel,10,9,8864,1575,JPN,DEU,AUT,0,0,-244.0
2011,Red Bull,Suzuka Circuit,Race circuit,Mark Webber,10,9,12826,3507,JPN,AUS,AUT,0,0,446.0
2011,McLaren,Suzuka Circuit,Race circuit,Lewis Hamilton,10,9,9771,1666,JPN,GBR,GBR,0,0,-94.0
2011,Ferrari,Suzuka Circuit,Race circuit,Felipe Massa,10,9,11124,3507,JPN,BRA,ITA,0,0,94.0
2011,Red Bull,Korean International Circuit,Race circuit,Sebastian Vettel,10,16,8871,1582,KOR,DEU,AUT,0,0,-608.0
2011,McLaren,Korean International Circuit,Race circuit,Lewis Hamilton,10,16,9778,1673,KOR,GBR,GBR,0,0,-830.0
2011,Red Bull,Korean International Circuit,Race circuit,Mark Webber,10,16,12833,3514,KOR,AUS,AUT,0,0,-182.0
2011,McLaren,Korean International Circuit,Race circuit,Jenson Button,10,16,11593,4235,KOR,GBR,GBR,0,0,-524.0
2011,Ferrari,Korean International Circuit,Race circuit,Fernando Alonso,10,16,11036,3878,KOR,ESP,ITA,0,0,330.0
2011,Ferrari,Korean International Circuit,Race circuit,Felipe Massa,10,16,11131,3514,KOR,BRA,ITA,0,0,182.0
2011,Mercedes,Korean International Circuit,Race circuit,Nico Rosberg,10,16,9607,2044,KOR,DEU,DEU,0,0,1104.0
2011,Renault,Korean International Circuit,Race circuit,Vitaly Petrov,10,16,9899,581,KOR,RUS,FRA,0,0,1474.0
2011,Red Bull,Buddh International Circuit,Race circuit,Sebastian Vettel,10,30,8885,1596,IND,DEU,AUT,0,0,-341.0
2011,McLaren,Buddh International Circuit,Race circuit,Jenson Button,10,30,11607,4249,IND,GBR,GBR,0,0,431.0
2011,Ferrari,Buddh International Circuit,Race circuit,Fernando Alonso,10,30,11050,3892,IND,ESP,ITA,0,0,0.0
2011,Red Bull,Buddh International Circuit,Race circuit,Mark Webber,10,30,12847,3528,IND,AUS,AUT,0,0,-11.0
2011,Mercedes,Buddh International Circuit,Race circuit,Nico Rosberg,10,30,9621,2058,IND,DEU,DEU,0,0,932.0
2011,McLaren,Buddh International Circuit,Race circuit,Lewis Hamilton,10,30,9792,1687,IND,GBR,GBR,0,0,-45.0
2011,Ferrari,Buddh International Circuit,Race circuit,Felipe Massa,10,30,11145,3528,IND,BRA,ITA,0,0,603.0
2011,McLaren,Yas Marina Circuit,Race circuit,Lewis Hamilton,11,13,9806,1701,ARE,GBR,GBR,0,0,-624.0
2011,Ferrari,Yas Marina Circuit,Race circuit,Fernando Alonso,11,13,11064,3906,ARE,ESP,ITA,0,0,0.0
2011,McLaren,Yas Marina Circuit,Race circuit,Jenson Button,11,13,11621,4263,ARE,GBR,GBR,0,0,-427.0
2011,Red Bull,Yas Marina Circuit,Race circuit,Mark Webber,11,13,12861,3542,ARE,AUS,AUT,0,0,-237.0
2011,Ferrari,Yas Marina Circuit,Race circuit,Felipe Massa,11,13,11159,3542,ARE,BRA,ITA,0,0,565.0
2011,Mercedes,Yas Marina Circuit,Race circuit,Nico Rosberg,11,13,9635,2072,ARE,DEU,DEU,0,0,362.0
2011,Mercedes,Yas Marina Circuit,Race circuit,Michael Schumacher,11,13,15654,7385,ARE,DEU,DEU,0,0,1496.0
2011,Force India,Yas Marina Circuit,Race circuit,Adrian Sutil,11,13,10533,1701,ARE,DEU,IND,0,0,1147.0
2011,Red Bull,Yas Marina Circuit,Race circuit,Sebastian Vettel,11,13,8899,1610,ARE,DEU,AUT,0,0,-577.0
2011,Red Bull,Autódromo José Carlos Pace,Race circuit,Mark Webber,11,27,12875,3556,BRA,AUS,AUT,0,0,-470.0
2011,Red Bull,Autódromo José Carlos Pace,Race circuit,Sebastian Vettel,11,27,8913,1624,BRA,DEU,AUT,0,0,-651.0
2011,McLaren,Autódromo José Carlos Pace,Race circuit,Jenson Button,11,27,11635,4277,BRA,GBR,GBR,0,0,-286.0
2011,Ferrari,Autódromo José Carlos Pace,Race circuit,Fernando Alonso,11,27,11078,3920,BRA,ESP,ITA,0,0,22.0
2011,Ferrari,Autódromo José Carlos Pace,Race circuit,Felipe Massa,11,27,11173,3556,BRA,BRA,ITA,1,0,499.0
2011,Force India,Autódromo José Carlos Pace,Race circuit,Adrian Sutil,11,27,10547,1715,BRA,DEU,IND,0,0,692.0
2011,Mercedes,Autódromo José Carlos Pace,Race circuit,Nico Rosberg,11,27,9649,2086,BRA,DEU,DEU,0,0,0.0
2011,Renault,Autódromo José Carlos Pace,Race circuit,Bruno Senna,11,27,10270,623,BRA,BRA,FRA,1,0,731.0
2011,McLaren,Autódromo José Carlos Pace,Race circuit,Lewis Hamilton,11,27,9820,1715,BRA,GBR,GBR,0,0,-89.0
2012,McLaren,Albert Park Grand Prix Circuit,Street circuit,Jenson Button,3,18,11747,4389,AUS,GBR,GBR,0,0,-395.0
2012,Red Bull,Albert Park Grand Prix Circuit,Street circuit,Sebastian Vettel,3,18,9025,1736,AUS,DEU,AUT,0,0,199.0
2012,McLaren,Albert Park Grand Prix Circuit,Street circuit,Lewis Hamilton,3,18,9932,1827,AUS,GBR,GBR,0,0,-547.0
2012,Red Bull,Albert Park Grand Prix Circuit,Street circuit,Mark Webber,3,18,12987,3668,AUS,AUS,AUT,1,0,182.0
2012,Mercedes,Albert Park Grand Prix Circuit,Street circuit,Nico Rosberg,3,18,9761,2198,AUS,DEU,DEU,0,0,0.0
2012,Williams,Albert Park Grand Prix Circuit,Street circuit,Pastor Maldonado,3,18,9871,357,AUS,VEN,GBR,0,0,439.0
2012,Mercedes,Albert Park Grand Prix Circuit,Street circuit,Michael Schumacher,3,18,15780,7511,AUS,DEU,DEU,0,0,-133.0
2012,Lotus F1,Albert Park Grand Prix Circuit,Street circuit,Romain Grosjean,3,18,9467,938,AUS,FRA,GBR,0,0,-167.0
2012,Force India,Albert Park Grand Prix Circuit,Street circuit,Nico Hülkenberg,3,18,8978,735,AUS,DEU,IND,0,0,845.0
2012,Ferrari,Sepang International Circuit,Race circuit,Fernando Alonso,3,25,11197,4039,MYS,ESP,ITA,0,0,832.0
2012,Sauber,Sepang International Circuit,Race circuit,Sergio Pérez,3,25,8094,364,MYS,MEX,CHE,0,0,930.0
2012,McLaren,Sepang International Circuit,Race circuit,Lewis Hamilton,3,25,9939,1834,MYS,GBR,GBR,0,0,-328.0
2012,Red Bull,Sepang International Circuit,Race circuit,Mark Webber,3,25,12994,3675,MYS,AUS,AUT,0,0,-86.0
2012,Lotus F1,Sepang International Circuit,Race circuit,Kimi Räikkönen,3,25,11848,4039,MYS,FIN,GBR,0,0,-86.0
2012,Mercedes,Sepang International Circuit,Race circuit,Michael Schumacher,3,25,15787,7518,MYS,DEU,DEU,0,0,-156.0
2012,Red Bull,Sepang International Circuit,Race circuit,Sebastian Vettel,3,25,9032,1743,MYS,DEU,AUT,0,0,86.0
2012,Mercedes,Sepang International Circuit,Race circuit,Nico Rosberg,3,25,9768,2205,MYS,DEU,DEU,0,0,116.0
2012,McLaren,Sepang International Circuit,Race circuit,Jenson Button,3,25,11754,4396,MYS,GBR,GBR,0,0,-180.0
2012,Lotus F1,Sepang International Circuit,Race circuit,Romain Grosjean,3,25,9474,945,MYS,FRA,GBR,0,0,110.0
2012,Mercedes,Shanghai International Circuit,Race circuit,Nico Rosberg,4,15,9789,2226,CHN,DEU,DEU,0,0,-663.0
2012,McLaren,Shanghai International Circuit,Race circuit,Jenson Button,4,15,11775,4417,CHN,GBR,GBR,0,0,158.0
2012,McLaren,Shanghai International Circuit,Race circuit,Lewis Hamilton,4,15,9960,1855,CHN,GBR,GBR,0,0,-158.0
2012,Red Bull,Shanghai International Circuit,Race circuit,Mark Webber,4,15,13015,3696,CHN,AUS,AUT,0,0,-84.0
2012,Ferrari,Shanghai International Circuit,Race circuit,Fernando Alonso,4,15,11218,4060,CHN,ESP,ITA,0,0,198.0
2012,Sauber,Shanghai International Circuit,Race circuit,Kamui Kobayashi,4,15,9346,910,CHN,JPN,CHE,0,0,0.0
2012,Sauber,Shanghai International Circuit,Race circuit,Sergio Pérez,4,15,8115,385,CHN,MEX,CHE,0,0,47.0
2012,Lotus F1,Shanghai International Circuit,Race circuit,Kimi Räikkönen,4,15,11869,4060,CHN,FIN,GBR,0,0,114.0
2012,Mercedes,Shanghai International Circuit,Race circuit,Michael Schumacher,4,15,15808,7539,CHN,DEU,DEU,0,0,-93.0
2012,Red Bull,Bahrain International Circuit,Race circuit,Sebastian Vettel,4,22,9060,1771,BHR,DEU,AUT,0,0,-344.0
2012,Lotus F1,Bahrain International Circuit,Race circuit,Romain Grosjean,4,22,9502,973,BHR,FRA,GBR,0,0,242.0
2012,Red Bull,Bahrain International Circuit,Race circuit,Mark Webber,4,22,13022,3703,BHR,AUS,AUT,0,0,-129.0
2012,Mercedes,Bahrain International Circuit,Race circuit,Nico Rosberg,4,22,9796,2233,BHR,DEU,DEU,0,0,55.0
2012,McLaren,Bahrain International Circuit,Race circuit,Lewis Hamilton,4,22,9967,1862,BHR,GBR,GBR,0,0,-246.0
2012,Sauber,Bahrain International Circuit,Race circuit,Sergio Pérez,4,22,8122,392,BHR,MEX,CHE,0,0,628.0
2012,Toro Rosso,Bahrain International Circuit,Race circuit,Daniel Ricciardo,4,22,8331,287,BHR,AUS,ITA,0,0,146.0
2012,McLaren,Bahrain International Circuit,Race circuit,Jenson Button,4,22,11782,4424,BHR,GBR,GBR,0,0,-55.0
2012,Williams,Circuit de Barcelona-Catalunya,Race circuit,Pastor Maldonado,5,13,9927,413,ESP,VEN,GBR,0,0,-319.0
2012,Ferrari,Circuit de Barcelona-Catalunya,Race circuit,Fernando Alonso,5,13,11246,4088,ESP,ESP,ITA,1,0,-122.0
2012,Lotus F1,Circuit de Barcelona-Catalunya,Race circuit,Kimi Räikkönen,5,13,11897,4088,ESP,FIN,GBR,0,0,63.0
2012,Lotus F1,Circuit de Barcelona-Catalunya,Race circuit,Romain Grosjean,5,13,9523,994,ESP,FRA,GBR,0,0,0.0
2012,Mercedes,Circuit de Barcelona-Catalunya,Race circuit,Nico Rosberg,5,13,9817,2254,ESP,DEU,DEU,0,0,458.0
2012,McLaren,Circuit de Barcelona-Catalunya,Race circuit,Lewis Hamilton,5,13,9988,1883,ESP,GBR,GBR,0,0,-717.0
2012,Sauber,Circuit de Barcelona-Catalunya,Race circuit,Sergio Pérez,5,13,8143,413,ESP,MEX,CHE,0,0,109.0
2012,Red Bull,Circuit de Monaco,Street circuit,Mark Webber,5,27,13057,3738,MCO,AUS,AUT,0,0,-258.0
2012,Mercedes,Circuit de Monaco,Street circuit,Nico Rosberg,5,27,9831,2268,MCO,DEU,DEU,0,0,-191.0
2012,Ferrari,Circuit de Monaco,Street circuit,Fernando Alonso,5,27,11260,4102,MCO,ESP,ITA,0,0,309.0
2012,McLaren,Circuit de Monaco,Street circuit,Lewis Hamilton,5,27,10002,1897,MCO,GBR,GBR,0,0,-56.0
2012,Ferrari,Circuit de Monaco,Street circuit,Felipe Massa,5,27,11355,3738,MCO,BRA,ITA,0,0,272.0
2012,Lotus F1,Circuit de Monaco,Street circuit,Kimi Räikkönen,5,27,11911,4102,MCO,FIN,GBR,0,0,560.0
2012,Mercedes,Circuit de Monaco,Street circuit,Michael Schumacher,5,27,15850,7581,MCO,DEU,DEU,0,0,-338.0
2012,Williams,Circuit de Monaco,Street circuit,Pastor Maldonado,5,27,9941,427,MCO,VEN,GBR,0,0,387.0
2012,Lotus F1,Circuit de Monaco,Street circuit,Romain Grosjean,5,27,9537,1008,MCO,FRA,GBR,0,0,0.0
2012,McLaren,Circuit Gilles Villeneuve,Street circuit,Lewis Hamilton,6,10,10016,1911,CAN,GBR,GBR,0,0,-351.0
2012,Lotus F1,Circuit Gilles Villeneuve,Street circuit,Romain Grosjean,6,10,9551,1022,CAN,FRA,GBR,0,0,189.0
2012,Red Bull,Circuit Gilles Villeneuve,Street circuit,Sebastian Vettel,6,10,9109,1820,CAN,DEU,AUT,0,0,-654.0
2012,Ferrari,Circuit Gilles Villeneuve,Street circuit,Fernando Alonso,6,10,11274,4116,CAN,ESP,ITA,0,0,-287.0
2012,Mercedes,Circuit Gilles Villeneuve,Street circuit,Nico Rosberg,6,10,9845,2282,CAN,DEU,DEU,0,0,-27.0
2012,Red Bull,Circuit Gilles Villeneuve,Street circuit,Mark Webber,6,10,13071,3752,CAN,AUS,AUT,0,0,-92.0
2012,Ferrari,Circuit Gilles Villeneuve,Street circuit,Felipe Massa,6,10,11369,3752,CAN,BRA,ITA,0,0,27.0
2012,Force India,Circuit Gilles Villeneuve,Street circuit,Paul di Resta,6,10,9552,441,CAN,GBR,IND,0,0,201.0
2012,McLaren,Circuit Gilles Villeneuve,Street circuit,Jenson Button,6,10,11831,4473,CAN,GBR,GBR,0,0,242.0
2012,Mercedes,Circuit Gilles Villeneuve,Street circuit,Michael Schumacher,6,10,15864,7595,CAN,DEU,DEU,0,0,42.0
2012,Lotus F1,Valencia Street Circuit,Street circuit,Kimi Räikkönen,6,24,11939,4130,ESP,FIN,GBR,0,0,4.0
2012,Force India,Valencia Street Circuit,Street circuit,Nico Hülkenberg,6,24,9076,833,ESP,DEU,IND,0,0,180.0
2012,Mercedes,Valencia Street Circuit,Street circuit,Nico Rosberg,6,24,9859,2296,ESP,DEU,DEU,0,0,-4.0
2012,Force India,Valencia Street Circuit,Street circuit,Paul di Resta,6,24,9566,455,ESP,GBR,IND,0,0,10.0
2012,McLaren,Valencia Street Circuit,Street circuit,Jenson Button,6,24,11845,4487,ESP,GBR,GBR,0,0,54.0
2012,Williams,Valencia Street Circuit,Street circuit,Pastor Maldonado,6,24,9969,455,ESP,VEN,GBR,0,0,-34.0
2012,McLaren,Valencia Street Circuit,Street circuit,Lewis Hamilton,6,24,10030,1925,ESP,GBR,GBR,0,0,-98.0
2012,Lotus F1,Valencia Street Circuit,Street circuit,Romain Grosjean,6,24,9565,1036,ESP,FRA,GBR,0,0,-20.0
2012,Red Bull,Valencia Street Circuit,Street circuit,Sebastian Vettel,6,24,9123,1834,ESP,DEU,AUT,0,0,-422.0
2012,Sauber,Valencia Street Circuit,Street circuit,Kamui Kobayashi,6,24,9416,980,ESP,JPN,CHE,0,0,194.0
2012,Red Bull,Silverstone Circuit,Race circuit,Mark Webber,7,8,13099,3780,GBR,AUS,AUT,0,0,705.0
2012,Ferrari,Silverstone Circuit,Race circuit,Fernando Alonso,7,8,11302,4144,GBR,ESP,ITA,0,0,-56.0
2012,Red Bull,Silverstone Circuit,Race circuit,Sebastian Vettel,7,8,9137,1848,GBR,DEU,AUT,0,0,-292.0
2012,Ferrari,Silverstone Circuit,Race circuit,Felipe Massa,7,8,11397,3780,GBR,BRA,ITA,0,0,830.0
2012,Lotus F1,Silverstone Circuit,Race circuit,Kimi Räikkönen,7,8,11953,4144,GBR,FIN,GBR,0,1,738.0
2012,Mercedes,Silverstone Circuit,Race circuit,Michael Schumacher,7,8,15892,7623,GBR,DEU,DEU,0,0,0.0
2012,McLaren,Silverstone Circuit,Race circuit,Lewis Hamilton,7,8,10044,1939,GBR,GBR,GBR,1,1,862.0
2012,Force India,Silverstone Circuit,Race circuit,Nico Hülkenberg,7,8,9090,847,GBR,DEU,IND,0,0,-237.0
2012,Williams,Silverstone Circuit,Race circuit,Pastor Maldonado,7,8,9983,469,GBR,VEN,GBR,0,1,-122.0
2012,Ferrari,Hockenheimring,Race circuit,Fernando Alonso,7,22,11316,4158,DEU,ESP,ITA,0,0,-238.0
2012,McLaren,Hockenheimring,Race circuit,Jenson Button,7,22,11873,4515,DEU,GBR,GBR,0,0,196.0
2012,Lotus F1,Hockenheimring,Race circuit,Kimi Räikkönen,7,22,11967,4158,DEU,FIN,GBR,0,0,-618.0
2012,Red Bull,Hockenheimring,Race circuit,Sebastian Vettel,7,22,9151,1862,DEU,DEU,AUT,1,0,82.0
2012,Mercedes,Hockenheimring,Race circuit,Michael Schumacher,7,22,15906,7637,DEU,DEU,DEU,1,1,374.0
2012,Red Bull,Hockenheimring,Race circuit,Mark Webber,7,22,13113,3794,DEU,AUS,AUT,0,0,188.0
2012,Force India,Hockenheimring,Race circuit,Nico Hülkenberg,7,22,9104,861,DEU,DEU,IND,1,0,-40.0
2012,Force India,Hockenheimring,Race circuit,Paul di Resta,7,22,9594,483,DEU,GBR,IND,0,0,40.0
2012,Williams,Hockenheimring,Race circuit,Pastor Maldonado,7,22,9997,483,DEU,VEN,GBR,0,0,-130.0
2012,McLaren,Hockenheimring,Race circuit,Lewis Hamilton,7,22,10058,1953,DEU,GBR,GBR,0,0,-90.0
2012,McLaren,Hungaroring,Race circuit,Lewis Hamilton,7,29,10065,1960,HUN,GBR,GBR,0,0,-606.0
2012,Lotus F1,Hungaroring,Race circuit,Kimi Räikkönen,7,29,11974,4165,HUN,FIN,GBR,0,0,24.0
2012,Lotus F1,Hungaroring,Race circuit,Romain Grosjean,7,29,9600,1071,HUN,FRA,GBR,0,0,-192.0
2012,Red Bull,Hungaroring,Race circuit,Sebastian Vettel,7,29,9158,1869,HUN,DEU,AUT,0,0,-152.0
2012,Ferrari,Hungaroring,Race circuit,Fernando Alonso,7,29,11323,4165,HUN,ESP,ITA,0,0,40.0
2012,McLaren,Hungaroring,Race circuit,Jenson Button,7,29,11880,4522,HUN,GBR,GBR,0,0,24.0
2012,Williams,Hungaroring,Race circuit,Bruno Senna,7,29,10515,868,HUN,BRA,GBR,0,0,138.0
2012,Ferrari,Hungaroring,Race circuit,Felipe Massa,7,29,11418,3801,HUN,BRA,ITA,0,0,-24.0
2012,Force India,Hungaroring,Race circuit,Nico Hülkenberg,7,29,9111,868,HUN,DEU,IND,0,0,94.0
2012,Williams,Hungaroring,Race circuit,Pastor Maldonado,7,29,10004,490,HUN,VEN,GBR,0,0,-54.0
2012,McLaren,Circuit de Spa-Francorchamps,Race circuit,Jenson Button,9,2,11915,4557,BEL,GBR,GBR,0,0,-686.0
2012,Lotus F1,Circuit de Spa-Francorchamps,Race circuit,Kimi Räikkönen,9,2,12009,4200,BEL,FIN,GBR,0,0,-54.0
2012,Red Bull,Circuit de Spa-Francorchamps,Race circuit,Mark Webber,9,2,13155,3836,BEL,AUS,AUT,0,0,133.0
2012,Force India,Circuit de Spa-Francorchamps,Race circuit,Paul di Resta,9,2,9636,525,BEL,GBR,IND,0,0,470.0
2012,Sauber,Circuit de Spa-Francorchamps,Race circuit,Kamui Kobayashi,9,2,9486,1050,BEL,JPN,CHE,0,0,-388.0
2012,Williams,Circuit de Spa-Francorchamps,Race circuit,Pastor Maldonado,9,2,10039,525,BEL,VEN,GBR,0,0,-366.0
2012,Sauber,Circuit de Spa-Francorchamps,Race circuit,Sergio Pérez,9,2,8255,525,BEL,MEX,CHE,0,0,-279.0
2012,Ferrari,Circuit de Spa-Francorchamps,Race circuit,Fernando Alonso,9,2,11358,4200,BEL,ESP,ITA,0,0,54.0
2012,McLaren,Circuit de Spa-Francorchamps,Race circuit,Lewis Hamilton,9,2,10100,1995,BEL,GBR,GBR,0,0,135.0
2012,Lotus F1,Circuit de Spa-Francorchamps,Race circuit,Romain Grosjean,9,2,9635,1106,BEL,FRA,GBR,0,0,279.0
2012,McLaren,Autodromo Nazionale di Monza,Race circuit,Lewis Hamilton,9,9,10107,2002,ITA,GBR,GBR,0,0,-400.0
2012,Ferrari,Autodromo Nazionale di Monza,Race circuit,Fernando Alonso,9,9,11365,4207,ITA,ESP,ITA,0,1,-234.0
2012,Ferrari,Autodromo Nazionale di Monza,Race circuit,Felipe Massa,9,9,11460,3843,ITA,BRA,ITA,0,1,-162.0
2012,Lotus F1,Autodromo Nazionale di Monza,Race circuit,Kimi Räikkönen,9,9,12016,4207,ITA,FIN,GBR,0,0,332.0
2012,Mercedes,Autodromo Nazionale di Monza,Race circuit,Michael Schumacher,9,9,15955,7686,ITA,DEU,DEU,0,0,130.0
2012,Mercedes,Autodromo Nazionale di Monza,Race circuit,Nico Rosberg,9,9,9936,2373,ITA,DEU,DEU,0,0,106.0
2012,Force India,Autodromo Nazionale di Monza,Race circuit,Paul di Resta,9,9,9643,532,ITA,GBR,IND,0,0,-106.0
2012,Sauber,Autodromo Nazionale di Monza,Race circuit,Kamui Kobayashi,9,9,9493,1057,ITA,JPN,CHE,0,0,274.0
2012,Red Bull,Autodromo Nazionale di Monza,Race circuit,Sebastian Vettel,9,9,9200,1911,ITA,DEU,AUT,0,0,278.0
2012,McLaren,Autodromo Nazionale di Monza,Race circuit,Jenson Button,9,9,11922,4564,ITA,GBR,GBR,0,0,-276.0
2012,Red Bull,Marina Bay Street Circuit,Street circuit,Sebastian Vettel,9,23,9214,1925,SGP,DEU,AUT,0,0,-286.0
2012,McLaren,Marina Bay Street Circuit,Street circuit,Jenson Button,9,23,11936,4578,SGP,GBR,GBR,0,0,-138.0
2012,Ferrari,Marina Bay Street Circuit,Street circuit,Fernando Alonso,9,23,11379,4221,SGP,ESP,ITA,0,0,138.0
2012,Force India,Marina Bay Street Circuit,Street circuit,Paul di Resta,9,23,9657,546,SGP,GBR,IND,0,0,164.0
2012,Lotus F1,Marina Bay Street Circuit,Street circuit,Romain Grosjean,9,23,9656,1127,SGP,FRA,GBR,0,0,452.0
2012,Red Bull,Marina Bay Street Circuit,Street circuit,Mark Webber,9,23,13176,3857,SGP,AUS,AUT,0,0,398.0
2012,Williams,Marina Bay Street Circuit,Street circuit,Pastor Maldonado,9,23,10060,546,SGP,VEN,GBR,0,0,-274.0
2012,McLaren,Marina Bay Street Circuit,Street circuit,Lewis Hamilton,9,23,10121,2016,SGP,GBR,GBR,0,0,-716.0
2012,Red Bull,Suzuka Circuit,Race circuit,Sebastian Vettel,10,7,9228,1939,JPN,DEU,AUT,0,0,-987.0
2012,Sauber,Suzuka Circuit,Race circuit,Kamui Kobayashi,10,7,9521,1085,JPN,JPN,CHE,1,0,-126.0
2012,McLaren,Suzuka Circuit,Race circuit,Jenson Button,10,7,11950,4592,JPN,GBR,GBR,0,0,-536.0
2012,McLaren,Suzuka Circuit,Race circuit,Lewis Hamilton,10,7,10135,2030,JPN,GBR,GBR,0,0,295.0
2012,Lotus F1,Suzuka Circuit,Race circuit,Kimi Räikkönen,10,7,12044,4235,JPN,FIN,GBR,0,0,0.0
2012,Red Bull,Suzuka Circuit,Race circuit,Mark Webber,10,7,13190,3871,JPN,AUS,AUT,0,0,-736.0
2012,Lotus F1,Suzuka Circuit,Race circuit,Romain Grosjean,10,7,9670,1141,JPN,FRA,GBR,0,0,72.0
2012,Sauber,Suzuka Circuit,Race circuit,Sergio Pérez,10,7,8290,560,JPN,MEX,CHE,0,0,196.0
2012,Ferrari,Suzuka Circuit,Race circuit,Fernando Alonso,10,7,11393,4235,JPN,ESP,ITA,0,0,7.0
2012,Red Bull,Korean International Circuit,Race circuit,Sebastian Vettel,10,14,9235,1946,KOR,DEU,AUT,0,0,-438.0
2012,Red Bull,Korean International Circuit,Race circuit,Mark Webber,10,14,13197,3878,KOR,AUS,AUT,0,0,-512.0
2012,Ferrari,Korean International Circuit,Race circuit,Fernando Alonso,10,14,11400,4242,KOR,ESP,ITA,0,0,-220.0
2012,Ferrari,Korean International Circuit,Race circuit,Felipe Massa,10,14,11495,3878,KOR,BRA,ITA,0,0,130.0
2012,Lotus F1,Korean International Circuit,Race circuit,Kimi Räikkönen,10,14,12051,4242,KOR,FIN,GBR,0,0,-130.0
2012,Force India,Korean International Circuit,Race circuit,Nico Hülkenberg,10,14,9188,945,KOR,DEU,IND,0,0,512.0
2012,Lotus F1,Korean International Circuit,Race circuit,Romain Grosjean,10,14,9677,1148,KOR,FRA,GBR,0,0,180.0
2012,McLaren,Korean International Circuit,Race circuit,Lewis Hamilton,10,14,10142,2037,KOR,GBR,GBR,0,0,-286.0
2012,Mercedes,Korean International Circuit,Race circuit,Michael Schumacher,10,14,15990,7721,KOR,DEU,DEU,0,0,682.0
2012,Mercedes,Korean International Circuit,Race circuit,Nico Rosberg,10,14,9971,2408,KOR,DEU,DEU,0,0,606.0
2012,Red Bull,Buddh International Circuit,Race circuit,Sebastian Vettel,10,28,9249,1960,IND,DEU,AUT,0,0,-490.0
2012,Ferrari,Buddh International Circuit,Race circuit,Fernando Alonso,10,28,11414,4256,IND,ESP,ITA,0,0,0.0
2012,Red Bull,Buddh International Circuit,Race circuit,Mark Webber,10,28,13211,3892,IND,AUS,AUT,0,0,-446.0
2012,McLaren,Buddh International Circuit,Race circuit,Lewis Hamilton,10,28,10156,2051,IND,GBR,GBR,0,0,-229.0
2012,McLaren,Buddh International Circuit,Race circuit,Jenson Button,10,28,11971,4613,IND,GBR,GBR,0,0,-306.0
2012,Ferrari,Buddh International Circuit,Race circuit,Felipe Massa,10,28,11509,3892,IND,BRA,ITA,0,0,84.0
2012,Lotus F1,Buddh International Circuit,Race circuit,Kimi Räikkönen,10,28,12065,4256,IND,FIN,GBR,0,0,328.0
2012,Williams,Buddh International Circuit,Race circuit,Pastor Maldonado,10,28,10095,581,IND,VEN,GBR,0,0,210.0
2012,Sauber,Buddh International Circuit,Race circuit,Sergio Pérez,10,28,8311,581,IND,MEX,CHE,0,0,303.0
2012,Lotus F1,Yas Marina Circuit,Race circuit,Kimi Räikkönen,11,4,12072,4263,ARE,FIN,GBR,0,0,-15.0
2012,Ferrari,Yas Marina Circuit,Race circuit,Fernando Alonso,11,4,11421,4263,ARE,ESP,ITA,0,0,239.0
2012,Red Bull,Yas Marina Circuit,Race circuit,Sebastian Vettel,11,4,9256,1967,ARE,DEU,AUT,0,0,-202.0
2012,McLaren,Yas Marina Circuit,Race circuit,Jenson Button,11,4,11978,4620,ARE,GBR,GBR,0,0,15.0
2012,Williams,Yas Marina Circuit,Race circuit,Pastor Maldonado,11,4,10102,588,ARE,VEN,GBR,0,0,-49.0
2012,Ferrari,Yas Marina Circuit,Race circuit,Felipe Massa,11,4,11516,3899,ARE,BRA,ITA,0,0,448.0
2012,Lotus F1,Yas Marina Circuit,Race circuit,Romain Grosjean,11,4,9698,1169,ARE,FRA,GBR,0,0,345.0
2012,Red Bull,Yas Marina Circuit,Race circuit,Mark Webber,11,4,13218,3899,ARE,AUS,AUT,0,0,-297.0
2012,McLaren,Yas Marina Circuit,Race circuit,Lewis Hamilton,11,4,10163,2058,ARE,GBR,GBR,0,0,-645.0
2012,Mercedes,Yas Marina Circuit,Race circuit,Nico Rosberg,11,4,9992,2429,ARE,DEU,DEU,0,0,328.0
2012,McLaren,Circuit of the Americas,Race circuit,Lewis Hamilton,11,18,10177,2072,USA,GBR,GBR,0,0,-882.0
2012,Red Bull,Circuit of the Americas,Race circuit,Sebastian Vettel,11,18,9270,1981,USA,DEU,AUT,0,0,-990.0
2012,Ferrari,Circuit of the Americas,Race circuit,Fernando Alonso,11,18,11435,4277,USA,ESP,ITA,0,0,476.0
2012,Ferrari,Circuit of the Americas,Race circuit,Felipe Massa,11,18,11530,3913,USA,BRA,ITA,0,0,-98.0
2012,Lotus F1,Circuit of the Americas,Race circuit,Kimi Räikkönen,11,18,12086,4277,USA,FIN,GBR,0,0,60.0
2012,Lotus F1,Circuit of the Americas,Race circuit,Romain Grosjean,11,18,9712,1183,USA,FRA,GBR,0,0,-60.0
2012,Force India,Circuit of the Americas,Race circuit,Nico Hülkenberg,11,18,9223,980,USA,DEU,IND,0,0,418.0
2012,Williams,Circuit of the Americas,Race circuit,Pastor Maldonado,11,18,10116,602,USA,VEN,GBR,0,0,364.0
2012,Mercedes,Circuit of the Americas,Race circuit,Michael Schumacher,11,18,16025,7756,USA,DEU,DEU,0,0,146.0
2012,Red Bull,Circuit of the Americas,Race circuit,Mark Webber,11,18,13232,3913,USA,AUS,AUT,0,0,-474.0
2012,McLaren,Autódromo José Carlos Pace,Race circuit,Jenson Button,11,25,11999,4641,BRA,GBR,GBR,0,0,-568.0
2012,Ferrari,Autódromo José Carlos Pace,Race circuit,Fernando Alonso,11,25,11442,4284,BRA,ESP,ITA,0,0,172.0
2012,Ferrari,Autódromo José Carlos Pace,Race circuit,Felipe Massa,11,25,11537,3920,BRA,BRA,ITA,1,0,-94.0
2012,Red Bull,Autódromo José Carlos Pace,Race circuit,Mark Webber,11,25,13239,3920,BRA,AUS,AUT,0,0,-500.0
2012,Force India,Autódromo José Carlos Pace,Race circuit,Nico Hülkenberg,11,25,9230,987,BRA,DEU,IND,0,0,126.0
2012,Red Bull,Autódromo José Carlos Pace,Race circuit,Sebastian Vettel,11,25,9277,1988,BRA,DEU,AUT,0,0,-320.0
2012,Lotus F1,Autódromo José Carlos Pace,Race circuit,Kimi Räikkönen,11,25,12093,4284,BRA,FIN,GBR,0,0,218.0
2012,Mercedes,Autódromo José Carlos Pace,Race circuit,Nico Rosberg,11,25,10013,2450,BRA,DEU,DEU,0,0,408.0
2012,McLaren,Autódromo José Carlos Pace,Race circuit,Lewis Hamilton,11,25,10184,2079,BRA,GBR,GBR,0,0,-622.0
2012,Williams,Autódromo José Carlos Pace,Race circuit,Pastor Maldonado,11,25,10123,609,BRA,VEN,GBR,0,0,94.0
2013,Lotus F1,Albert Park Grand Prix Circuit,Street circuit,Kimi Räikkönen,3,17,12205,4396,AUS,FIN,GBR,0,0,230.0
2013,Ferrari,Albert Park Grand Prix Circuit,Street circuit,Fernando Alonso,3,17,11554,4396,AUS,ESP,ITA,0,0,-15.0
2013,Red Bull,Albert Park Grand Prix Circuit,Street circuit,Sebastian Vettel,3,17,9389,2100,AUS,DEU,AUT,0,0,-1101.0
2013,Ferrari,Albert Park Grand Prix Circuit,Street circuit,Felipe Massa,3,17,11649,4032,AUS,BRA,ITA,0,0,-18.0
2013,Mercedes,Albert Park Grand Prix Circuit,Street circuit,Lewis Hamilton,3,17,10296,2191,AUS,GBR,DEU,0,0,-421.0
2013,Red Bull,Albert Park Grand Prix Circuit,Street circuit,Mark Webber,3,17,13351,4032,AUS,AUS,AUT,1,0,-681.0
2013,Force India,Albert Park Grand Prix Circuit,Street circuit,Paul di Resta,3,17,9832,721,AUS,GBR,IND,0,0,797.0
2013,McLaren,Albert Park Grand Prix Circuit,Street circuit,Jenson Button,3,17,12111,4753,AUS,GBR,GBR,0,0,1849.0
2013,Lotus F1,Albert Park Grand Prix Circuit,Street circuit,Romain Grosjean,3,17,9831,1302,AUS,FRA,GBR,0,0,505.0
2013,Mercedes,Albert Park Grand Prix Circuit,Street circuit,Nico Rosberg,3,17,10125,2562,AUS,DEU,DEU,0,0,15.0
2013,Red Bull,Sepang International Circuit,Race circuit,Sebastian Vettel,3,24,9396,2107,MYS,DEU,AUT,0,0,404.0
2013,Red Bull,Sepang International Circuit,Race circuit,Mark Webber,3,24,13358,4039,MYS,AUS,AUT,0,0,-392.0
2013,Mercedes,Sepang International Circuit,Race circuit,Lewis Hamilton,3,24,10303,2198,MYS,GBR,DEU,0,0,-324.0
2013,Mercedes,Sepang International Circuit,Race circuit,Nico Rosberg,3,24,10132,2569,MYS,DEU,DEU,0,0,-652.0
2013,Ferrari,Sepang International Circuit,Race circuit,Felipe Massa,3,24,11656,4039,MYS,BRA,ITA,0,0,32.0
2013,Lotus F1,Sepang International Circuit,Race circuit,Kimi Räikkönen,3,24,12212,4403,MYS,FIN,GBR,0,0,-202.0
2013,McLaren,Sepang International Circuit,Race circuit,Sergio Pérez,3,24,8458,728,MYS,MEX,GBR,0,0,500.0
2013,McLaren,Sepang International Circuit,Race circuit,Jenson Button,3,24,12118,4760,MYS,GBR,GBR,0,0,276.0
2013,Force India,Sepang International Circuit,Race circuit,Adrian Sutil,3,24,11030,2198,MYS,DEU,IND,0,0,-32.0
2013,Ferrari,Sepang International Circuit,Race circuit,Fernando Alonso,3,24,11561,4403,MYS,ESP,ITA,0,0,36.0
2013,Ferrari,Shanghai International Circuit,Race circuit,Fernando Alonso,4,14,11582,4424,CHN,ESP,ITA,0,0,-109.0
2013,Lotus F1,Shanghai International Circuit,Race circuit,Kimi Räikkönen,4,14,12233,4424,CHN,FIN,GBR,0,0,-136.0
2013,Mercedes,Shanghai International Circuit,Race circuit,Lewis Hamilton,4,14,10324,2219,CHN,GBR,DEU,0,0,-413.0
2013,McLaren,Shanghai International Circuit,Race circuit,Jenson Button,4,14,12139,4781,CHN,GBR,GBR,0,0,887.0
2013,Ferrari,Shanghai International Circuit,Race circuit,Felipe Massa,4,14,11677,4060,CHN,BRA,ITA,0,0,36.0
2013,Toro Rosso,Shanghai International Circuit,Race circuit,Daniel Ricciardo,4,14,8688,644,CHN,AUS,ITA,0,0,1101.0
2013,Lotus F1,Shanghai International Circuit,Race circuit,Romain Grosjean,4,14,9859,1330,CHN,FRA,GBR,0,0,467.0
2013,Mercedes,Shanghai International Circuit,Race circuit,Nico Rosberg,4,14,10153,2590,CHN,DEU,DEU,0,0,-36.0
2013,Red Bull,Bahrain International Circuit,Race circuit,Sebastian Vettel,4,21,9424,2135,BHR,DEU,AUT,0,0,-494.0
2013,Lotus F1,Bahrain International Circuit,Race circuit,Kimi Räikkönen,4,21,12240,4431,BHR,FIN,GBR,0,0,68.0
2013,Force India,Bahrain International Circuit,Race circuit,Paul di Resta,4,21,9867,756,BHR,GBR,IND,0,0,157.0
2013,Mercedes,Bahrain International Circuit,Race circuit,Lewis Hamilton,4,21,10331,2226,BHR,GBR,DEU,0,0,-316.0
2013,Red Bull,Bahrain International Circuit,Race circuit,Mark Webber,4,21,13386,4067,BHR,AUS,AUT,0,0,0.0
2013,Ferrari,Bahrain International Circuit,Race circuit,Fernando Alonso,4,21,11589,4431,BHR,ESP,ITA,0,0,-411.0
2013,Mercedes,Bahrain International Circuit,Race circuit,Nico Rosberg,4,21,10160,2597,BHR,DEU,DEU,0,0,-748.0
2013,Force India,Bahrain International Circuit,Race circuit,Adrian Sutil,4,21,11058,2226,BHR,DEU,IND,0,0,168.0
2013,Ferrari,Bahrain International Circuit,Race circuit,Felipe Massa,4,21,11684,4067,BHR,BRA,ITA,0,0,129.0
2013,Ferrari,Circuit de Barcelona-Catalunya,Race circuit,Fernando Alonso,5,12,11610,4452,ESP,ESP,ITA,1,0,-0.0
2013,Lotus F1,Circuit de Barcelona-Catalunya,Race circuit,Kimi Räikkönen,5,12,12261,4452,ESP,FIN,GBR,0,0,-42.0
2013,Ferrari,Circuit de Barcelona-Catalunya,Race circuit,Felipe Massa,5,12,11705,4088,ESP,BRA,ITA,0,0,0.0
2013,Red Bull,Circuit de Barcelona-Catalunya,Race circuit,Sebastian Vettel,5,12,9445,2156,ESP,DEU,AUT,0,0,-164.0
2013,Red Bull,Circuit de Barcelona-Catalunya,Race circuit,Mark Webber,5,12,13407,4088,ESP,AUS,AUT,0,0,352.0
2013,Mercedes,Circuit de Barcelona-Catalunya,Race circuit,Nico Rosberg,5,12,10181,2618,ESP,DEU,DEU,0,0,-500.0
2013,Force India,Circuit de Barcelona-Catalunya,Race circuit,Paul di Resta,5,12,9888,777,ESP,GBR,IND,0,0,800.0
2013,McLaren,Circuit de Barcelona-Catalunya,Race circuit,Sergio Pérez,5,12,8507,777,ESP,MEX,GBR,0,0,572.0
2013,Mercedes,Circuit de Barcelona-Catalunya,Race circuit,Lewis Hamilton,5,12,10352,2247,ESP,GBR,DEU,0,0,-246.0
2013,Lotus F1,Circuit de Barcelona-Catalunya,Race circuit,Romain Grosjean,5,12,9887,1358,ESP,FRA,GBR,0,0,90.0
2013,Mercedes,Circuit de Monaco,Street circuit,Nico Rosberg,5,26,10195,2632,MCO,DEU,DEU,0,0,-947.0
2013,Red Bull,Circuit de Monaco,Street circuit,Sebastian Vettel,5,26,9459,2170,MCO,DEU,AUT,0,0,-843.0
2013,Red Bull,Circuit de Monaco,Street circuit,Mark Webber,5,26,13421,4102,MCO,AUS,AUT,0,0,-642.0
2013,Mercedes,Circuit de Monaco,Street circuit,Lewis Hamilton,5,26,10366,2261,MCO,GBR,DEU,0,0,-856.0
2013,Force India,Circuit de Monaco,Street circuit,Adrian Sutil,5,26,11093,2261,MCO,DEU,IND,0,0,560.0
2013,McLaren,Circuit de Monaco,Street circuit,Jenson Button,5,26,12181,4823,MCO,GBR,GBR,0,0,824.0
2013,Ferrari,Circuit de Monaco,Street circuit,Fernando Alonso,5,26,11624,4466,MCO,ESP,ITA,0,0,1.0
2013,Toro Rosso,Circuit de Monaco,Street circuit,Jean-Éric Vergne,5,26,8432,434,MCO,FRA,ITA,0,0,880.0
2013,Lotus F1,Circuit de Monaco,Street circuit,Kimi Räikkönen,5,26,12275,4466,MCO,FIN,GBR,0,0,-1.0
2013,McLaren,Circuit de Monaco,Street circuit,Sergio Pérez,5,26,8521,791,MCO,MEX,GBR,0,0,315.0
2013,Red Bull,Circuit Gilles Villeneuve,Street circuit,Sebastian Vettel,6,9,9473,2184,CAN,DEU,AUT,0,0,-1502.0
2013,Ferrari,Circuit Gilles Villeneuve,Street circuit,Fernando Alonso,6,9,11638,4480,CAN,ESP,ITA,0,0,-596.0
2013,Mercedes,Circuit Gilles Villeneuve,Street circuit,Lewis Hamilton,6,9,10380,2275,CAN,GBR,DEU,0,0,-20.0
2013,Red Bull,Circuit Gilles Villeneuve,Street circuit,Mark Webber,6,9,13435,4116,CAN,AUS,AUT,0,0,-574.0
2013,Mercedes,Circuit Gilles Villeneuve,Street circuit,Nico Rosberg,6,9,10209,2646,CAN,DEU,DEU,0,0,20.0
2013,Toro Rosso,Circuit Gilles Villeneuve,Street circuit,Jean-Éric Vergne,6,9,8446,448,CAN,FRA,ITA,0,0,338.0
2013,Lotus F1,Circuit Gilles Villeneuve,Street circuit,Kimi Räikkönen,6,9,12289,4480,CAN,FIN,GBR,0,0,630.0
2013,Force India,Circuit Gilles Villeneuve,Street circuit,Adrian Sutil,6,9,11107,2275,CAN,DEU,IND,0,0,730.0
2013,Williams,Circuit Gilles Villeneuve,Street circuit,Valtteri Bottas,6,9,8686,84,CAN,FIN,GBR,0,0,-374.0
2013,Toro Rosso,Circuit Gilles Villeneuve,Street circuit,Daniel Ricciardo,6,9,8744,700,CAN,AUS,ITA,0,0,950.0
2013,Mercedes,Silverstone Circuit,Race circuit,Nico Rosberg,6,30,10230,2667,GBR,DEU,DEU,0,0,-688.0
2013,Red Bull,Silverstone Circuit,Race circuit,Mark Webber,6,30,13456,4137,GBR,AUS,AUT,0,0,-526.0
2013,Ferrari,Silverstone Circuit,Race circuit,Fernando Alonso,6,30,11659,4501,GBR,ESP,ITA,0,0,232.0
2013,Mercedes,Silverstone Circuit,Race circuit,Lewis Hamilton,6,30,10401,2296,GBR,GBR,DEU,1,0,-1140.0
2013,Lotus F1,Silverstone Circuit,Race circuit,Kimi Räikkönen,6,30,12310,4501,GBR,FIN,GBR,0,1,216.0
2013,Force India,Silverstone Circuit,Race circuit,Adrian Sutil,6,30,11128,2296,GBR,DEU,IND,0,0,162.0
2013,Toro Rosso,Silverstone Circuit,Race circuit,Daniel Ricciardo,6,30,8765,721,GBR,AUS,ITA,0,0,10.0
2013,Force India,Silverstone Circuit,Race circuit,Paul di Resta,6,30,9937,826,GBR,GBR,IND,1,0,-10.0
2013,Lotus F1,Silverstone Circuit,Race circuit,Romain Grosjean,6,30,9936,1407,GBR,FRA,GBR,0,1,208.0
2013,Red Bull,Silverstone Circuit,Race circuit,Sebastian Vettel,6,30,9494,2205,GBR,DEU,AUT,0,0,-536.0
2013,Red Bull,Nürburgring,Race circuit,Sebastian Vettel,7,7,9501,2212,DEU,DEU,AUT,1,0,-338.0
2013,Lotus F1,Nürburgring,Race circuit,Kimi Räikkönen,7,7,12317,4508,DEU,FIN,GBR,0,0,14.0
2013,Lotus F1,Nürburgring,Race circuit,Romain Grosjean,7,7,9943,1414,DEU,FRA,GBR,0,0,120.0
2013,Ferrari,Nürburgring,Race circuit,Fernando Alonso,7,7,11666,4508,DEU,ESP,ITA,0,0,124.0
2013,Mercedes,Nürburgring,Race circuit,Lewis Hamilton,7,7,10408,2303,DEU,GBR,DEU,0,1,-440.0
2013,Red Bull,Nürburgring,Race circuit,Mark Webber,7,7,13463,4144,DEU,AUS,AUT,0,0,-230.0
2013,Toro Rosso,Nürburgring,Race circuit,Daniel Ricciardo,7,7,8772,728,DEU,AUS,ITA,0,0,384.0
2013,Ferrari,Nürburgring,Race circuit,Felipe Massa,7,7,11761,4144,DEU,BRA,ITA,0,0,-14.0
2013,Mercedes,Hungaroring,Race circuit,Lewis Hamilton,7,28,10429,2324,HUN,GBR,DEU,0,0,-403.0
2013,Lotus F1,Hungaroring,Race circuit,Kimi Räikkönen,7,28,12338,4529,HUN,FIN,GBR,0,0,60.0
2013,Red Bull,Hungaroring,Race circuit,Sebastian Vettel,7,28,9522,2233,HUN,DEU,AUT,0,0,-365.0
2013,Ferrari,Hungaroring,Race circuit,Fernando Alonso,7,28,11687,4529,HUN,ESP,ITA,0,0,0.0
2013,Lotus F1,Hungaroring,Race circuit,Romain Grosjean,7,28,9964,1435,HUN,FRA,GBR,0,0,-196.0
2013,Ferrari,Hungaroring,Race circuit,Felipe Massa,7,28,11782,4165,HUN,BRA,ITA,0,0,138.0
2013,McLaren,Hungaroring,Race circuit,Sergio Pérez,7,28,8584,854,HUN,MEX,GBR,0,0,754.0
2013,Toro Rosso,Hungaroring,Race circuit,Daniel Ricciardo,7,28,8793,749,HUN,AUS,ITA,0,0,736.0
2013,Mercedes,Hungaroring,Race circuit,Nico Rosberg,7,28,10258,2695,HUN,DEU,DEU,0,0,-71.0
2013,Red Bull,Circuit de Spa-Francorchamps,Race circuit,Sebastian Vettel,8,25,9550,2261,BEL,DEU,AUT,0,0,2.0
2013,Ferrari,Circuit de Spa-Francorchamps,Race circuit,Fernando Alonso,8,25,11715,4557,BEL,ESP,ITA,0,0,-334.0
2013,Mercedes,Circuit de Spa-Francorchamps,Race circuit,Lewis Hamilton,8,25,10457,2352,BEL,GBR,DEU,0,0,424.0
2013,Mercedes,Circuit de Spa-Francorchamps,Race circuit,Nico Rosberg,8,25,10286,2723,BEL,DEU,DEU,0,0,-92.0
2013,Red Bull,Circuit de Spa-Francorchamps,Race circuit,Mark Webber,8,25,13512,4193,BEL,AUS,AUT,0,0,-2.0
2013,McLaren,Circuit de Spa-Francorchamps,Race circuit,Jenson Button,8,25,12272,4914,BEL,GBR,GBR,0,0,-2.0
2013,Ferrari,Circuit de Spa-Francorchamps,Race circuit,Felipe Massa,8,25,11810,4193,BEL,BRA,ITA,0,0,376.0
2013,Lotus F1,Circuit de Spa-Francorchamps,Race circuit,Romain Grosjean,8,25,9992,1463,BEL,FRA,GBR,0,0,6.0
2013,Force India,Circuit de Spa-Francorchamps,Race circuit,Paul di Resta,8,25,9993,882,BEL,GBR,IND,0,0,282.0
2013,Lotus F1,Circuit de Spa-Francorchamps,Race circuit,Kimi Räikkönen,8,25,12366,4557,BEL,FIN,GBR,0,0,-348.0
2013,Red Bull,Autodromo Nazionale di Monza,Race circuit,Sebastian Vettel,9,8,9564,2275,ITA,DEU,AUT,0,0,-412.0
2013,Ferrari,Autodromo Nazionale di Monza,Race circuit,Fernando Alonso,9,8,11729,4571,ITA,ESP,ITA,0,1,-25.0
2013,Red Bull,Autodromo Nazionale di Monza,Race circuit,Mark Webber,9,8,13526,4207,ITA,AUS,AUT,0,0,-199.0
2013,Ferrari,Autodromo Nazionale di Monza,Race circuit,Felipe Massa,9,8,11824,4207,ITA,BRA,ITA,0,1,-35.0
2013,Sauber,Autodromo Nazionale di Monza,Race circuit,Nico Hülkenberg,9,8,9517,1274,ITA,DEU,CHE,0,0,-102.0
2013,Mercedes,Autodromo Nazionale di Monza,Race circuit,Nico Rosberg,9,8,10300,2737,ITA,DEU,DEU,0,0,25.0
2013,Toro Rosso,Autodromo Nazionale di Monza,Race circuit,Daniel Ricciardo,9,8,8835,791,ITA,AUS,ITA,0,1,42.0
2013,McLaren,Autodromo Nazionale di Monza,Race circuit,Jenson Button,9,8,12286,4928,ITA,GBR,GBR,0,0,348.0
2013,McLaren,Autodromo Nazionale di Monza,Race circuit,Sergio Pérez,9,8,8626,896,ITA,MEX,GBR,0,0,335.0
2013,Toro Rosso,Autodromo Nazionale di Monza,Race circuit,Jean-Éric Vergne,9,8,8537,539,ITA,FRA,ITA,0,1,408.0
2013,Red Bull,Marina Bay Street Circuit,Street circuit,Sebastian Vettel,9,22,9578,2289,SGP,DEU,AUT,0,0,-413.0
2013,Ferrari,Marina Bay Street Circuit,Street circuit,Fernando Alonso,9,22,11743,4585,SGP,ESP,ITA,0,0,684.0
2013,Mercedes,Marina Bay Street Circuit,Street circuit,Nico Rosberg,9,22,10314,2751,SGP,DEU,DEU,0,0,-322.0
2013,Mercedes,Marina Bay Street Circuit,Street circuit,Lewis Hamilton,9,22,10485,2380,SGP,GBR,DEU,0,0,0.0
2013,Ferrari,Marina Bay Street Circuit,Street circuit,Felipe Massa,9,22,11838,4221,SGP,BRA,ITA,0,0,636.0
2013,McLaren,Marina Bay Street Circuit,Street circuit,Jenson Button,9,22,12300,4942,SGP,GBR,GBR,0,0,1028.0
2013,Red Bull,Marina Bay Street Circuit,Street circuit,Mark Webber,9,22,13540,4221,SGP,AUS,AUT,0,0,-102.0
2013,Lotus F1,Marina Bay Street Circuit,Street circuit,Romain Grosjean,9,22,10020,1491,SGP,FRA,GBR,0,0,-196.0
2013,Toro Rosso,Marina Bay Street Circuit,Street circuit,Daniel Ricciardo,9,22,8849,805,SGP,AUS,ITA,0,0,1153.0
2013,Red Bull,Korean International Circuit,Race circuit,Sebastian Vettel,10,6,9592,2303,KOR,DEU,AUT,0,0,-594.0
2013,Lotus F1,Korean International Circuit,Race circuit,Kimi Räikkönen,10,6,12408,4599,KOR,FIN,GBR,0,0,385.0
2013,Lotus F1,Korean International Circuit,Race circuit,Romain Grosjean,10,6,10034,1505,KOR,FRA,GBR,0,0,-265.0
2013,Sauber,Korean International Circuit,Race circuit,Nico Hülkenberg,10,6,9545,1302,KOR,DEU,CHE,0,0,117.0
2013,Mercedes,Korean International Circuit,Race circuit,Lewis Hamilton,10,6,10499,2394,KOR,GBR,DEU,0,0,-376.0
2013,Ferrari,Korean International Circuit,Race circuit,Fernando Alonso,10,6,11757,4599,KOR,ESP,ITA,0,0,182.0
2013,Mercedes,Korean International Circuit,Race circuit,Nico Rosberg,10,6,10328,2765,KOR,DEU,DEU,0,0,-117.0
2013,Ferrari,Korean International Circuit,Race circuit,Felipe Massa,10,6,11852,4235,KOR,BRA,ITA,0,0,427.0
2013,Sauber,Korean International Circuit,Race circuit,Esteban Gutiérrez,10,6,8098,203,KOR,MEX,CHE,0,0,531.0
2013,Red Bull,Korean International Circuit,Race circuit,Mark Webber,10,6,13554,4235,KOR,AUS,AUT,0,0,-332.0
2013,Red Bull,Suzuka Circuit,Race circuit,Sebastian Vettel,10,13,9599,2310,JPN,DEU,AUT,0,0,-298.0
2013,Red Bull,Suzuka Circuit,Race circuit,Mark Webber,10,13,13561,4242,JPN,AUS,AUT,0,0,-472.0
2013,Lotus F1,Suzuka Circuit,Race circuit,Romain Grosjean,10,13,10041,1512,JPN,FRA,GBR,0,0,-22.0
2013,Ferrari,Suzuka Circuit,Race circuit,Fernando Alonso,10,13,11764,4606,JPN,ESP,ITA,0,0,278.0
2013,Lotus F1,Suzuka Circuit,Race circuit,Kimi Räikkönen,10,13,12415,4606,JPN,FIN,GBR,0,0,274.0
2013,Sauber,Suzuka Circuit,Race circuit,Nico Hülkenberg,10,13,9552,1309,JPN,DEU,CHE,0,0,256.0
2013,Mercedes,Suzuka Circuit,Race circuit,Nico Rosberg,10,13,10335,2772,JPN,DEU,DEU,0,0,10.0
2013,McLaren,Suzuka Circuit,Race circuit,Jenson Button,10,13,12321,4963,JPN,GBR,GBR,0,0,440.0
2013,Ferrari,Suzuka Circuit,Race circuit,Felipe Massa,10,13,11859,4242,JPN,BRA,ITA,0,0,-10.0
2013,Mercedes,Suzuka Circuit,Race circuit,Lewis Hamilton,10,13,10506,2401,JPN,GBR,DEU,0,0,-134.0
2013,Red Bull,Buddh International Circuit,Race circuit,Sebastian Vettel,10,27,9613,2324,IND,DEU,AUT,0,0,-1000.0
2013,Mercedes,Buddh International Circuit,Race circuit,Nico Rosberg,10,27,10349,2786,IND,DEU,DEU,0,0,-248.0
2013,Ferrari,Buddh International Circuit,Race circuit,Felipe Massa,10,27,11873,4256,IND,BRA,ITA,0,0,82.0
2013,McLaren,Buddh International Circuit,Race circuit,Sergio Pérez,10,27,8675,945,IND,MEX,GBR,0,0,246.0
2013,Mercedes,Buddh International Circuit,Race circuit,Lewis Hamilton,10,27,10520,2415,IND,GBR,DEU,0,0,-178.0
2013,Lotus F1,Buddh International Circuit,Race circuit,Kimi Räikkönen,10,27,12429,4620,IND,FIN,GBR,0,0,72.0
2013,Ferrari,Buddh International Circuit,Race circuit,Fernando Alonso,10,27,11778,4620,IND,ESP,ITA,0,0,-234.0
2013,McLaren,Buddh International Circuit,Race circuit,Jenson Button,10,27,12335,4977,IND,GBR,GBR,0,0,339.0
2013,Sauber,Buddh International Circuit,Race circuit,Nico Hülkenberg,10,27,9566,1323,IND,DEU,CHE,0,0,215.0
2013,Red Bull,Buddh International Circuit,Race circuit,Mark Webber,10,27,13575,4256,IND,AUS,AUT,0,0,-72.0
2013,Red Bull,Yas Marina Circuit,Race circuit,Sebastian Vettel,11,3,9620,2331,ARE,DEU,AUT,0,0,-484.0
2013,Red Bull,Yas Marina Circuit,Race circuit,Mark Webber,11,3,13582,4263,ARE,AUS,AUT,0,0,-602.0
2013,Mercedes,Yas Marina Circuit,Race circuit,Nico Rosberg,11,3,10356,2793,ARE,DEU,DEU,0,0,-140.0
2013,Lotus F1,Yas Marina Circuit,Race circuit,Romain Grosjean,11,3,10062,1533,ARE,FRA,GBR,0,0,389.0
2013,Mercedes,Yas Marina Circuit,Race circuit,Lewis Hamilton,11,3,10527,2422,ARE,GBR,DEU,0,0,-82.0
2013,Ferrari,Yas Marina Circuit,Race circuit,Felipe Massa,11,3,11880,4263,ARE,BRA,ITA,0,0,430.0
2013,McLaren,Yas Marina Circuit,Race circuit,Sergio Pérez,11,3,8682,952,ARE,MEX,GBR,0,0,253.0
2013,Sauber,Yas Marina Circuit,Race circuit,Nico Hülkenberg,11,3,9573,1330,ARE,DEU,CHE,0,0,17.0
2013,Toro Rosso,Yas Marina Circuit,Race circuit,Daniel Ricciardo,11,3,8891,847,ARE,AUS,ITA,0,0,293.0
2013,Lotus F1,Yas Marina Circuit,Race circuit,Kimi Räikkönen,11,3,12436,4627,ARE,FIN,GBR,0,0,-17.0
2013,Red Bull,Circuit of the Americas,Race circuit,Sebastian Vettel,11,17,9634,2345,USA,DEU,AUT,0,0,-1018.0
2013,Lotus F1,Circuit of the Americas,Race circuit,Romain Grosjean,11,17,10076,1547,USA,FRA,GBR,0,0,-202.0
2013,Red Bull,Circuit of the Americas,Race circuit,Mark Webber,11,17,13596,4277,USA,AUS,AUT,0,0,-916.0
2013,Mercedes,Circuit of the Americas,Race circuit,Lewis Hamilton,11,17,10541,2436,USA,GBR,DEU,0,0,-12.0
2013,Ferrari,Circuit of the Americas,Race circuit,Fernando Alonso,11,17,11799,4641,USA,ESP,ITA,0,0,12.0
2013,Sauber,Circuit of the Americas,Race circuit,Nico Hülkenberg,11,17,9587,1344,USA,DEU,CHE,0,0,-60.0
2013,McLaren,Circuit of the Americas,Race circuit,Sergio Pérez,11,17,8696,966,USA,MEX,GBR,0,0,96.0
2013,Williams,Circuit of the Americas,Race circuit,Valtteri Bottas,11,17,8847,245,USA,FIN,GBR,0,0,82.0
2013,Sauber,Circuit of the Americas,Race circuit,Esteban Gutiérrez,11,17,8140,245,USA,MEX,CHE,0,0,674.0
2013,Lotus F1,Circuit of the Americas,Race circuit,Heikki Kovalainen,11,17,11717,2436,USA,FIN,GBR,0,0,358.0
2013,Red Bull,Autódromo José Carlos Pace,Race circuit,Sebastian Vettel,11,24,9641,2352,BRA,DEU,AUT,0,0,-994.0
2013,Red Bull,Autódromo José Carlos Pace,Race circuit,Mark Webber,11,24,13603,4284,BRA,AUS,AUT,0,0,314.0
2013,Ferrari,Autódromo José Carlos Pace,Race circuit,Fernando Alonso,11,24,11806,4648,BRA,ESP,ITA,0,0,214.0
2013,Mercedes,Autódromo José Carlos Pace,Race circuit,Nico Rosberg,11,24,10377,2814,BRA,DEU,DEU,0,0,-820.0
2013,Ferrari,Autódromo José Carlos Pace,Race circuit,Felipe Massa,11,24,11901,4284,BRA,BRA,ITA,1,0,442.0
2013,Sauber,Autódromo José Carlos Pace,Race circuit,Nico Hülkenberg,11,24,9594,1351,BRA,DEU,CHE,0,0,-304.0
2013,Mercedes,Autódromo José Carlos Pace,Race circuit,Lewis Hamilton,11,24,10548,2443,BRA,GBR,DEU,0,0,-1034.0
2013,Toro Rosso,Autódromo José Carlos Pace,Race circuit,Daniel Ricciardo,11,24,8912,868,BRA,AUS,ITA,0,0,702.0
2013,Toro Rosso,Autódromo José Carlos Pace,Race circuit,Jean-Éric Vergne,11,24,8614,616,BRA,FRA,ITA,0,0,748.0
2013,Lotus F1,Autódromo José Carlos Pace,Race circuit,Romain Grosjean,11,24,10083,1554,BRA,FRA,GBR,0,0,-214.0
2014,Mercedes,Albert Park Grand Prix Circuit,Street circuit,Nico Rosberg,3,16,10489,2926,AUS,DEU,DEU,0,0,914.0
2014,McLaren,Albert Park Grand Prix Circuit,Street circuit,Kevin Magnussen,3,16,7832,0,AUS,DNK,GBR,0,0,-701.0
2014,Ferrari,Albert Park Grand Prix Circuit,Street circuit,Fernando Alonso,3,16,11918,4760,AUS,ESP,ITA,0,0,-262.0
2014,Williams,Albert Park Grand Prix Circuit,Street circuit,Valtteri Bottas,3,16,8966,364,AUS,FIN,GBR,0,0,-49.0
2014,Force India,Albert Park Grand Prix Circuit,Street circuit,Nico Hülkenberg,3,16,9706,1463,AUS,DEU,IND,0,0,2243.0
2014,Toro Rosso,Albert Park Grand Prix Circuit,Street circuit,Jean-Éric Vergne,3,16,8726,728,AUS,FRA,ITA,0,0,1838.0
2014,Toro Rosso,Albert Park Grand Prix Circuit,Street circuit,Daniil Kvyat,3,16,7264,0,AUS,RUS,ITA,0,0,2127.0
2014,Mercedes,Albert Park Grand Prix Circuit,Street circuit,Lewis Hamilton,3,16,10660,2555,AUS,GBR,DEU,0,0,49.0
2014,Williams,Albert Park Grand Prix Circuit,Street circuit,Felipe Massa,3,16,12013,4396,AUS,BRA,GBR,0,0,-422.0
2014,Red Bull,Albert Park Grand Prix Circuit,Street circuit,Daniel Ricciardo,3,16,9024,980,AUS,AUS,AUT,1,0,-875.0
2014,Mercedes,Sepang International Circuit,Race circuit,Lewis Hamilton,3,30,10674,2569,MYS,GBR,DEU,0,0,-1699.0
2014,Mercedes,Sepang International Circuit,Race circuit,Nico Rosberg,3,30,10503,2940,MYS,DEU,DEU,0,0,-1718.0
2014,Red Bull,Sepang International Circuit,Race circuit,Sebastian Vettel,3,30,9767,2478,MYS,DEU,AUT,0,0,-1247.0
2014,Ferrari,Sepang International Circuit,Race circuit,Fernando Alonso,3,30,11932,4774,MYS,ESP,ITA,0,0,-12.0
2014,Force India,Sepang International Circuit,Race circuit,Nico Hülkenberg,3,30,9720,1477,MYS,DEU,IND,0,0,-18.0
2014,McLaren,Sepang International Circuit,Race circuit,Jenson Button,3,30,12489,5131,MYS,GBR,GBR,0,0,1988.0
2014,McLaren,Sepang International Circuit,Race circuit,Kevin Magnussen,3,30,7846,14,MYS,DNK,GBR,0,0,1455.0
2014,Ferrari,Sepang International Circuit,Race circuit,Kimi Räikkönen,3,30,12583,4774,MYS,FIN,ITA,0,0,356.0
2014,Red Bull,Sepang International Circuit,Race circuit,Daniel Ricciardo,3,30,9038,994,MYS,AUS,AUT,0,0,12.0
2014,Toro Rosso,Sepang International Circuit,Race circuit,Jean-Éric Vergne,3,30,8740,742,MYS,FRA,ITA,0,0,2788.0
2014,Mercedes,Bahrain International Circuit,Race circuit,Lewis Hamilton,4,6,10681,2576,BHR,GBR,DEU,0,0,-893.0
2014,Mercedes,Bahrain International Circuit,Race circuit,Nico Rosberg,4,6,10510,2947,BHR,DEU,DEU,0,0,-1172.0
2014,Force India,Bahrain International Circuit,Race circuit,Sergio Pérez,4,6,8836,1106,BHR,MEX,IND,0,0,-11.0
2014,Red Bull,Bahrain International Circuit,Race circuit,Daniel Ricciardo,4,6,9045,1001,BHR,AUS,AUT,0,0,-306.0
2014,Williams,Bahrain International Circuit,Race circuit,Felipe Massa,4,6,12034,4417,BHR,BRA,GBR,0,0,154.0
2014,Williams,Bahrain International Circuit,Race circuit,Valtteri Bottas,4,6,8987,385,BHR,FIN,GBR,0,0,-110.0
2014,Ferrari,Bahrain International Circuit,Race circuit,Fernando Alonso,4,6,11939,4781,BHR,ESP,ITA,0,0,366.0
2014,Ferrari,Bahrain International Circuit,Race circuit,Kimi Räikkönen,4,6,12590,4781,BHR,FIN,ITA,0,0,11.0
2014,McLaren,Bahrain International Circuit,Race circuit,Jenson Button,4,6,12496,5138,BHR,GBR,GBR,0,0,30.0
2014,McLaren,Bahrain International Circuit,Race circuit,Kevin Magnussen,4,6,7853,21,BHR,DNK,GBR,0,0,355.0
2014,Mercedes,Shanghai International Circuit,Race circuit,Lewis Hamilton,4,20,10695,2590,CHN,GBR,DEU,0,0,-1915.0
2014,Mercedes,Shanghai International Circuit,Race circuit,Nico Rosberg,4,20,10524,2961,CHN,DEU,DEU,0,0,-632.0
2014,Ferrari,Shanghai International Circuit,Race circuit,Fernando Alonso,4,20,11953,4795,CHN,ESP,ITA,0,0,-138.0
2014,Red Bull,Shanghai International Circuit,Race circuit,Daniel Ricciardo,4,20,9059,1015,CHN,AUS,AUT,0,0,-1320.0
2014,Red Bull,Shanghai International Circuit,Race circuit,Sebastian Vettel,4,20,9788,2499,CHN,DEU,AUT,0,0,-1276.0
2014,Force India,Shanghai International Circuit,Race circuit,Nico Hülkenberg,4,20,9741,1498,CHN,DEU,IND,0,0,138.0
2014,Williams,Shanghai International Circuit,Race circuit,Valtteri Bottas,4,20,9001,399,CHN,FIN,GBR,0,0,478.0
2014,Toro Rosso,Shanghai International Circuit,Race circuit,Jean-Éric Vergne,4,20,8761,763,CHN,FRA,ITA,0,0,809.0
2014,Williams,Shanghai International Circuit,Race circuit,Felipe Massa,4,20,12048,4431,CHN,BRA,GBR,0,0,372.0
2014,Lotus F1,Shanghai International Circuit,Race circuit,Romain Grosjean,4,20,10230,1701,CHN,FRA,GBR,0,0,632.0
2014,Mercedes,Circuit de Barcelona-Catalunya,Race circuit,Lewis Hamilton,5,11,10716,2611,ESP,GBR,DEU,0,0,-1728.0
2014,Mercedes,Circuit de Barcelona-Catalunya,Race circuit,Nico Rosberg,5,11,10545,2982,ESP,DEU,DEU,0,0,-1560.0
2014,Red Bull,Circuit de Barcelona-Catalunya,Race circuit,Daniel Ricciardo,5,11,9080,1036,ESP,AUS,AUT,0,0,-675.0
2014,Williams,Circuit de Barcelona-Catalunya,Race circuit,Valtteri Bottas,5,11,9022,420,ESP,FIN,GBR,0,0,-328.0
2014,Ferrari,Circuit de Barcelona-Catalunya,Race circuit,Fernando Alonso,5,11,11974,4816,ESP,ESP,ITA,1,0,180.0
2014,Ferrari,Circuit de Barcelona-Catalunya,Race circuit,Kimi Räikkönen,5,11,12625,4816,ESP,FIN,ITA,0,0,144.0
2014,Lotus F1,Circuit de Barcelona-Catalunya,Race circuit,Romain Grosjean,5,11,10251,1722,ESP,FRA,GBR,0,0,0.0
2014,McLaren,Circuit de Barcelona-Catalunya,Race circuit,Jenson Button,5,11,12531,5173,ESP,GBR,GBR,0,0,375.0
2014,Williams,Circuit de Barcelona-Catalunya,Race circuit,Felipe Massa,5,11,12069,4452,ESP,BRA,GBR,0,0,56.0
2014,Mercedes,Circuit de Monaco,Street circuit,Nico Rosberg,5,25,10559,2996,MCO,DEU,DEU,0,0,-1048.0
2014,Mercedes,Circuit de Monaco,Street circuit,Lewis Hamilton,5,25,10730,2625,MCO,GBR,DEU,0,0,-990.0
2014,Red Bull,Circuit de Monaco,Street circuit,Daniel Ricciardo,5,25,9094,1050,MCO,AUS,AUT,0,0,-654.0
2014,Ferrari,Circuit de Monaco,Street circuit,Fernando Alonso,5,25,11988,4830,MCO,ESP,ITA,0,0,-352.0
2014,McLaren,Circuit de Monaco,Street circuit,Kevin Magnussen,5,25,7902,70,MCO,DNK,GBR,0,0,518.0
2014,Ferrari,Circuit de Monaco,Street circuit,Kimi Räikkönen,5,25,12639,4830,MCO,FIN,ITA,0,0,352.0
2014,Toro Rosso,Circuit de Monaco,Street circuit,Jean-Éric Vergne,5,25,8796,798,MCO,FRA,ITA,0,0,502.0
2014,Toro Rosso,Circuit de Monaco,Street circuit,Daniil Kvyat,5,25,7334,70,MCO,RUS,ITA,0,0,556.0
2014,Red Bull,Circuit de Monaco,Street circuit,Sebastian Vettel,5,25,9823,2534,MCO,DEU,AUT,0,0,-490.0
2014,Force India,Circuit de Monaco,Street circuit,Sergio Pérez,5,25,8885,1155,MCO,MEX,IND,0,0,718.0
2014,Red Bull,Circuit Gilles Villeneuve,Street circuit,Daniel Ricciardo,6,8,9108,1064,CAN,AUS,AUT,0,0,6.0
2014,Mercedes,Circuit Gilles Villeneuve,Street circuit,Nico Rosberg,6,8,10573,3010,CAN,DEU,DEU,0,0,-710.0
2014,Red Bull,Circuit Gilles Villeneuve,Street circuit,Sebastian Vettel,6,8,9837,2548,CAN,DEU,AUT,0,0,-36.0
2014,McLaren,Circuit Gilles Villeneuve,Street circuit,Jenson Button,6,8,12559,5201,CAN,GBR,GBR,0,0,598.0
2014,Ferrari,Circuit Gilles Villeneuve,Street circuit,Fernando Alonso,6,8,12002,4844,CAN,ESP,ITA,0,0,230.0
2014,Williams,Circuit Gilles Villeneuve,Street circuit,Valtteri Bottas,6,8,9050,448,CAN,FIN,GBR,0,0,-34.0
2014,Toro Rosso,Circuit Gilles Villeneuve,Street circuit,Jean-Éric Vergne,6,8,8810,812,CAN,FRA,ITA,0,0,578.0
2014,Ferrari,Circuit Gilles Villeneuve,Street circuit,Kimi Räikkönen,6,8,12653,4844,CAN,FIN,ITA,0,0,630.0
2014,Williams,Circuit Gilles Villeneuve,Street circuit,Felipe Massa,6,8,12097,4480,CAN,BRA,GBR,0,0,-6.0
2014,Mercedes,Circuit Gilles Villeneuve,Street circuit,Lewis Hamilton,6,8,10744,2639,CAN,GBR,DEU,0,0,-630.0
2014,Mercedes,Red Bull Ring,Race circuit,Nico Rosberg,6,22,10587,3024,AUT,DEU,DEU,0,0,-432.0
2014,Williams,Red Bull Ring,Race circuit,Valtteri Bottas,6,22,9064,462,AUT,FIN,GBR,0,0,-530.0
2014,Williams,Red Bull Ring,Race circuit,Felipe Massa,6,22,12111,4494,AUT,BRA,GBR,0,0,-616.0
2014,Ferrari,Red Bull Ring,Race circuit,Fernando Alonso,6,22,12016,4858,AUT,ESP,ITA,0,0,-90.0
2014,McLaren,Red Bull Ring,Race circuit,Kevin Magnussen,6,22,7930,98,AUT,DNK,GBR,0,0,98.0
2014,Red Bull,Red Bull Ring,Race circuit,Daniel Ricciardo,6,22,9122,1078,AUT,AUS,AUT,0,1,90.0
2014,Ferrari,Red Bull Ring,Race circuit,Kimi Räikkönen,6,22,12667,4858,AUT,FIN,ITA,0,0,282.0
2014,Toro Rosso,Red Bull Ring,Race circuit,Daniil Kvyat,6,22,7362,98,AUT,RUS,ITA,0,0,114.0
2014,Mercedes,Silverstone Circuit,Race circuit,Lewis Hamilton,7,6,10772,2667,GBR,GBR,DEU,1,0,-2092.0
2014,Red Bull,Silverstone Circuit,Race circuit,Daniel Ricciardo,7,6,9136,1092,GBR,AUS,AUT,0,0,1204.0
2014,McLaren,Silverstone Circuit,Race circuit,Jenson Button,7,6,12587,5229,GBR,GBR,GBR,1,1,-384.0
2014,Red Bull,Silverstone Circuit,Race circuit,Sebastian Vettel,7,6,9865,2576,GBR,DEU,AUT,0,0,-552.0
2014,McLaren,Silverstone Circuit,Race circuit,Kevin Magnussen,7,6,7944,112,GBR,DNK,GBR,0,1,408.0
2014,Force India,Silverstone Circuit,Race circuit,Nico Hülkenberg,7,6,9818,1575,GBR,DEU,IND,0,0,150.0
2014,Toro Rosso,Silverstone Circuit,Race circuit,Daniil Kvyat,7,6,7376,112,GBR,RUS,ITA,0,0,-150.0
2014,Toro Rosso,Silverstone Circuit,Race circuit,Jean-Éric Vergne,7,6,8838,840,GBR,FRA,ITA,0,0,838.0
2014,Force India,Silverstone Circuit,Race circuit,Sergio Pérez,7,6,8927,1197,GBR,MEX,IND,0,0,388.0
2014,Mercedes,Silverstone Circuit,Race circuit,Nico Rosberg,7,6,10601,3038,GBR,DEU,DEU,0,0,-1784.0
2014,Mercedes,Hockenheimring,Race circuit,Nico Rosberg,7,20,10615,3052,DEU,DEU,DEU,1,1,-885.0
2014,Williams,Hockenheimring,Race circuit,Valtteri Bottas,7,20,9092,490,DEU,FIN,GBR,0,0,-666.0
2014,Red Bull,Hockenheimring,Race circuit,Sebastian Vettel,7,20,9879,2590,DEU,DEU,AUT,1,0,152.0
2014,Ferrari,Hockenheimring,Race circuit,Fernando Alonso,7,20,12044,4886,DEU,ESP,ITA,0,0,224.0
2014,Red Bull,Hockenheimring,Race circuit,Daniel Ricciardo,7,20,9150,1106,DEU,AUS,AUT,0,0,-152.0
2014,Force India,Hockenheimring,Race circuit,Nico Hülkenberg,7,20,9832,1589,DEU,DEU,IND,1,0,589.0
2014,McLaren,Hockenheimring,Race circuit,Kevin Magnussen,7,20,7958,126,DEU,DNK,GBR,0,0,-211.0
2014,Force India,Hockenheimring,Race circuit,Sergio Pérez,7,20,8941,1211,DEU,MEX,IND,0,0,610.0
2014,Toro Rosso,Hockenheimring,Race circuit,Daniil Kvyat,7,20,7390,126,DEU,RUS,ITA,0,0,540.0
2014,Williams,Hockenheimring,Race circuit,Felipe Massa,7,20,12139,4522,DEU,BRA,GBR,0,0,-347.0
2014,Red Bull,Hungaroring,Race circuit,Daniel Ricciardo,7,27,9157,1113,HUN,AUS,AUT,0,0,-518.0
2014,Ferrari,Hungaroring,Race circuit,Fernando Alonso,7,27,12051,4893,HUN,ESP,ITA,0,0,0.0
2014,Mercedes,Hungaroring,Race circuit,Nico Rosberg,7,27,10622,3059,HUN,DEU,DEU,0,0,-1194.0
2014,Williams,Hungaroring,Race circuit,Felipe Massa,7,27,12146,4529,HUN,BRA,GBR,0,0,121.0
2014,Red Bull,Hungaroring,Race circuit,Sebastian Vettel,7,27,9886,2597,HUN,DEU,AUT,0,0,-708.0
2014,Williams,Hungaroring,Race circuit,Valtteri Bottas,7,27,9099,497,HUN,FIN,GBR,0,0,-555.0
2014,Toro Rosso,Hungaroring,Race circuit,Jean-Éric Vergne,7,27,8859,861,HUN,FRA,ITA,0,0,728.0
2014,McLaren,Hungaroring,Race circuit,Jenson Button,7,27,12608,5250,HUN,GBR,GBR,0,0,385.0
2014,Force India,Hungaroring,Race circuit,Nico Hülkenberg,7,27,9839,1596,HUN,DEU,IND,0,0,738.0
2014,Red Bull,Circuit de Spa-Francorchamps,Race circuit,Daniel Ricciardo,8,24,9185,1141,BEL,AUS,AUT,0,0,-69.0
2014,Mercedes,Circuit de Spa-Francorchamps,Race circuit,Nico Rosberg,8,24,10650,3087,BEL,DEU,DEU,0,0,-2389.0
2014,Williams,Circuit de Spa-Francorchamps,Race circuit,Valtteri Bottas,8,24,9127,525,BEL,FIN,GBR,0,0,69.0
2014,Ferrari,Circuit de Spa-Francorchamps,Race circuit,Kimi Räikkönen,8,24,12730,4921,BEL,FIN,ITA,0,0,666.0
2014,Red Bull,Circuit de Spa-Francorchamps,Race circuit,Sebastian Vettel,8,24,9914,2625,BEL,DEU,AUT,0,0,-263.0
2014,McLaren,Circuit de Spa-Francorchamps,Race circuit,Jenson Button,8,24,12636,5278,BEL,GBR,GBR,0,0,1292.0
2014,Ferrari,Circuit de Spa-Francorchamps,Race circuit,Fernando Alonso,8,24,12079,4921,BEL,ESP,ITA,0,0,-194.0
2014,McLaren,Circuit de Spa-Francorchamps,Race circuit,Kevin Magnussen,8,24,7993,161,BEL,DNK,GBR,0,0,699.0
2014,Williams,Circuit de Spa-Francorchamps,Race circuit,Felipe Massa,8,24,12174,4557,BEL,BRA,GBR,0,0,423.0
2014,Mercedes,Circuit de Spa-Francorchamps,Race circuit,Lewis Hamilton,8,24,10821,2716,BEL,GBR,DEU,0,0,-2161.0
2014,Mercedes,Autodromo Nazionale di Monza,Race circuit,Lewis Hamilton,9,7,10835,2730,ITA,GBR,DEU,0,0,-1238.0
2014,Mercedes,Autodromo Nazionale di Monza,Race circuit,Nico Rosberg,9,7,10664,3101,ITA,DEU,DEU,0,0,-964.0
2014,Williams,Autodromo Nazionale di Monza,Race circuit,Felipe Massa,9,7,12188,4571,ITA,BRA,GBR,0,0,-482.0
2014,Williams,Autodromo Nazionale di Monza,Race circuit,Valtteri Bottas,9,7,9141,539,ITA,FIN,GBR,0,0,-650.0
2014,Red Bull,Autodromo Nazionale di Monza,Race circuit,Daniel Ricciardo,9,7,9199,1155,ITA,AUS,AUT,0,0,362.0
2014,Red Bull,Autodromo Nazionale di Monza,Race circuit,Sebastian Vettel,9,7,9928,2639,ITA,DEU,AUT,0,0,90.0
2014,Force India,Autodromo Nazionale di Monza,Race circuit,Sergio Pérez,9,7,8990,1260,ITA,MEX,IND,0,0,516.0
2014,McLaren,Autodromo Nazionale di Monza,Race circuit,Jenson Button,9,7,12650,5292,ITA,GBR,GBR,0,0,32.0
2014,McLaren,Autodromo Nazionale di Monza,Race circuit,Kevin Magnussen,9,7,8007,175,ITA,DNK,GBR,0,0,-32.0
2014,Ferrari,Autodromo Nazionale di Monza,Race circuit,Fernando Alonso,9,7,12093,4935,ITA,ESP,ITA,0,1,84.0
2014,Mercedes,Marina Bay Street Circuit,Street circuit,Lewis Hamilton,9,21,10849,2744,SGP,GBR,DEU,0,0,-272.0
2014,Red Bull,Marina Bay Street Circuit,Street circuit,Sebastian Vettel,9,21,9942,2653,SGP,DEU,AUT,0,0,-52.0
2014,Red Bull,Marina Bay Street Circuit,Street circuit,Daniel Ricciardo,9,21,9213,1169,SGP,AUS,AUT,0,0,-100.0
2014,Ferrari,Marina Bay Street Circuit,Street circuit,Fernando Alonso,9,21,12107,4949,SGP,ESP,ITA,0,0,-46.0
2014,Williams,Marina Bay Street Circuit,Street circuit,Felipe Massa,9,21,12202,4585,SGP,BRA,GBR,0,0,46.0
2014,Ferrari,Marina Bay Street Circuit,Street circuit,Kimi Räikkönen,9,21,12758,4949,SGP,FIN,ITA,0,0,216.0
2014,McLaren,Marina Bay Street Circuit,Street circuit,Kevin Magnussen,9,21,8021,189,SGP,DNK,GBR,0,0,296.0
2014,Williams,Marina Bay Street Circuit,Street circuit,Valtteri Bottas,9,21,9155,553,SGP,FIN,GBR,0,0,234.0
2014,Toro Rosso,Marina Bay Street Circuit,Street circuit,Daniil Kvyat,9,21,7453,189,SGP,RUS,ITA,0,0,972.0
2014,Mercedes,Marina Bay Street Circuit,Street circuit,Nico Rosberg,9,21,10678,3115,SGP,DEU,DEU,0,0,-266.0
2014,Mercedes,Suzuka Circuit,Race circuit,Lewis Hamilton,10,5,10863,2758,JPN,GBR,DEU,0,0,-1172.0
2014,Mercedes,Suzuka Circuit,Race circuit,Nico Rosberg,10,5,10692,3129,JPN,DEU,DEU,0,0,-1369.0
2014,Red Bull,Suzuka Circuit,Race circuit,Sebastian Vettel,10,5,9956,2667,JPN,DEU,AUT,0,0,557.0
2014,Red Bull,Suzuka Circuit,Race circuit,Daniel Ricciardo,10,5,9227,1183,JPN,AUS,AUT,0,0,200.0
2014,McLaren,Suzuka Circuit,Race circuit,Jenson Button,10,5,12678,5320,JPN,GBR,GBR,0,0,442.0
2014,Williams,Suzuka Circuit,Race circuit,Valtteri Bottas,10,5,9169,567,JPN,FIN,GBR,0,0,-747.0
2014,Williams,Suzuka Circuit,Race circuit,Felipe Massa,10,5,12216,4599,JPN,BRA,GBR,0,0,-348.0
2014,Ferrari,Suzuka Circuit,Race circuit,Kimi Räikkönen,10,5,12772,4963,JPN,FIN,ITA,0,0,673.0
2014,McLaren,Suzuka Circuit,Race circuit,Kevin Magnussen,10,5,8035,203,JPN,DNK,GBR,0,0,354.0
2014,Ferrari,Suzuka Circuit,Race circuit,Fernando Alonso,10,5,12121,4963,JPN,ESP,ITA,0,0,-200.0
2014,Mercedes,Sochi Autodrom,Race circuit,Lewis Hamilton,10,12,10870,2765,RUS,GBR,DEU,0,0,-861.0
2014,Mercedes,Sochi Autodrom,Race circuit,Nico Rosberg,10,12,10699,3136,RUS,DEU,DEU,0,0,-593.0
2014,Williams,Sochi Autodrom,Race circuit,Valtteri Bottas,10,12,9176,574,RUS,FIN,GBR,0,0,-279.0
2014,McLaren,Sochi Autodrom,Race circuit,Jenson Button,10,12,12685,5327,RUS,GBR,GBR,0,0,-78.0
2014,McLaren,Sochi Autodrom,Race circuit,Kevin Magnussen,10,12,8042,210,RUS,DNK,GBR,0,0,-177.0
2014,Ferrari,Sochi Autodrom,Race circuit,Fernando Alonso,10,12,12128,4970,RUS,ESP,ITA,0,0,510.0
2014,Red Bull,Sochi Autodrom,Race circuit,Daniel Ricciardo,10,12,9234,1190,RUS,AUS,AUT,0,0,436.0
2014,Ferrari,Sochi Autodrom,Race circuit,Kimi Räikkönen,10,12,12779,4970,RUS,FIN,ITA,0,0,572.0
2014,Toro Rosso,Sochi Autodrom,Race circuit,Jean-Éric Vergne,10,12,8936,938,RUS,FRA,ITA,0,0,730.0
2014,Toro Rosso,Sochi Autodrom,Race circuit,Daniil Kvyat,10,12,7474,210,RUS,RUS,ITA,1,0,78.0
2014,Mercedes,Circuit of the Americas,Race circuit,Lewis Hamilton,11,2,10891,2786,USA,GBR,DEU,0,0,-984.0
2014,Mercedes,Circuit of the Americas,Race circuit,Nico Rosberg,11,2,10720,3157,USA,DEU,DEU,0,0,-1360.0
2014,Red Bull,Circuit of the Americas,Race circuit,Daniel Ricciardo,11,2,9255,1211,USA,AUS,AUT,0,0,-183.0
2014,Williams,Circuit of the Americas,Race circuit,Felipe Massa,11,2,12244,4627,USA,BRA,GBR,0,0,-222.0
2014,Williams,Circuit of the Americas,Race circuit,Valtteri Bottas,11,2,9197,595,USA,FIN,GBR,0,0,-521.0
2014,Ferrari,Circuit of the Americas,Race circuit,Fernando Alonso,11,2,12149,4991,USA,ESP,ITA,0,0,183.0
2014,McLaren,Circuit of the Americas,Race circuit,Kevin Magnussen,11,2,8063,231,USA,DNK,GBR,0,0,279.0
2014,McLaren,Circuit of the Americas,Race circuit,Jenson Button,11,2,12706,5348,USA,GBR,GBR,0,0,228.0
2014,Ferrari,Circuit of the Americas,Race circuit,Kimi Räikkönen,11,2,12800,4991,USA,FIN,ITA,0,0,377.0
2014,Sauber,Circuit of the Americas,Race circuit,Adrian Sutil,11,2,11618,2786,USA,DEU,CHE,0,0,951.0
2014,Mercedes,Autódromo José Carlos Pace,Race circuit,Nico Rosberg,11,9,10727,3164,BRA,DEU,DEU,0,0,-911.0
2014,Mercedes,Autódromo José Carlos Pace,Race circuit,Lewis Hamilton,11,9,10898,2793,BRA,GBR,DEU,0,0,-878.0
2014,Williams,Autódromo José Carlos Pace,Race circuit,Felipe Massa,11,9,12251,4634,BRA,BRA,GBR,1,0,-687.0
2014,McLaren,Autódromo José Carlos Pace,Race circuit,Jenson Button,11,9,12713,5355,BRA,GBR,GBR,0,0,-4.0
2014,Red Bull,Autódromo José Carlos Pace,Race circuit,Sebastian Vettel,11,9,9991,2702,BRA,DEU,AUT,0,0,4.0
2014,Ferrari,Autódromo José Carlos Pace,Race circuit,Fernando Alonso,11,9,12156,4998,BRA,ESP,ITA,0,0,43.0
2014,Ferrari,Autódromo José Carlos Pace,Race circuit,Kimi Räikkönen,11,9,12807,4998,BRA,FIN,ITA,0,0,165.0
2014,McLaren,Autódromo José Carlos Pace,Race circuit,Kevin Magnussen,11,9,8070,238,BRA,DNK,GBR,0,0,35.0
2014,Williams,Autódromo José Carlos Pace,Race circuit,Valtteri Bottas,11,9,9204,602,BRA,FIN,GBR,0,0,-629.0
2014,Red Bull,Autódromo José Carlos Pace,Race circuit,Daniel Ricciardo,11,9,9262,1218,BRA,AUS,AUT,0,0,141.0
2014,Mercedes,Yas Marina Circuit,Race circuit,Lewis Hamilton,11,23,10912,2807,ARE,GBR,DEU,0,0,-631.0
2014,Williams,Yas Marina Circuit,Race circuit,Felipe Massa,11,23,12265,4648,ARE,BRA,GBR,0,0,-378.0
2014,Williams,Yas Marina Circuit,Race circuit,Valtteri Bottas,11,23,9218,616,ARE,FIN,GBR,0,0,-472.0
2014,McLaren,Yas Marina Circuit,Race circuit,Jenson Button,11,23,12727,5369,ARE,GBR,GBR,0,0,378.0
2014,Ferrari,Yas Marina Circuit,Race circuit,Fernando Alonso,11,23,12170,5012,ARE,ESP,ITA,0,0,443.0
2014,Ferrari,Yas Marina Circuit,Race circuit,Kimi Räikkönen,11,23,12821,5012,ARE,FIN,ITA,0,0,671.0
2014,Mercedes,Yas Marina Circuit,Race circuit,Nico Rosberg,11,23,10741,3178,ARE,DEU,DEU,0,0,-1017.0
2014,Toro Rosso,Yas Marina Circuit,Race circuit,Daniil Kvyat,11,23,7516,252,ARE,RUS,ITA,0,0,411.0
2015,Mercedes,Albert Park Grand Prix Circuit,Street circuit,Lewis Hamilton,3,15,11024,2919,AUS,GBR,DEU,0,0,-1466.0
2015,Mercedes,Albert Park Grand Prix Circuit,Street circuit,Nico Rosberg,3,15,10853,3290,AUS,DEU,DEU,0,0,-872.0
2015,Ferrari,Albert Park Grand Prix Circuit,Street circuit,Sebastian Vettel,3,15,10117,2828,AUS,DEU,ITA,0,0,-51.0
2015,Williams,Albert Park Grand Prix Circuit,Street circuit,Felipe Massa,3,15,12377,4760,AUS,BRA,GBR,0,0,-75.0
2015,Red Bull,Albert Park Grand Prix Circuit,Street circuit,Daniel Ricciardo,3,15,9388,1344,AUS,AUS,AUT,1,0,536.0
2015,Toro Rosso,Albert Park Grand Prix Circuit,Street circuit,Carlos Sainz,3,15,7500,0,AUS,ESP,ITA,0,0,717.0
2015,Ferrari,Albert Park Grand Prix Circuit,Street circuit,Kimi Räikkönen,3,15,12933,5124,AUS,FIN,ITA,0,0,-3.0
2015,Lotus F1,Albert Park Grand Prix Circuit,Street circuit,Romain Grosjean,3,15,10559,2030,AUS,FRA,GBR,0,0,767.0
2015,Lotus F1,Albert Park Grand Prix Circuit,Street circuit,Pastor Maldonado,3,15,10963,1449,AUS,VEN,GBR,0,0,933.0
2015,Williams,Albert Park Grand Prix Circuit,Street circuit,Valtteri Bottas,3,15,9330,728,AUS,FIN,GBR,0,0,3.0
2015,Ferrari,Sepang International Circuit,Race circuit,Sebastian Vettel,3,29,10131,2842,MYS,DEU,ITA,0,0,-690.0
2015,Mercedes,Sepang International Circuit,Race circuit,Lewis Hamilton,3,29,11038,2933,MYS,GBR,DEU,0,0,-1052.0
2015,Mercedes,Sepang International Circuit,Race circuit,Nico Rosberg,3,29,10867,3304,MYS,DEU,DEU,0,0,-948.0
2015,Williams,Sepang International Circuit,Race circuit,Valtteri Bottas,3,29,9344,742,MYS,FIN,GBR,0,0,-72.0
2015,Williams,Sepang International Circuit,Race circuit,Felipe Massa,3,29,12391,4774,MYS,BRA,GBR,0,0,222.0
2015,Toro Rosso,Sepang International Circuit,Race circuit,Max Verstappen,3,29,6389,14,MYS,NLD,ITA,0,0,472.0
2015,Red Bull,Sepang International Circuit,Race circuit,Daniil Kvyat,3,29,7642,378,MYS,RUS,AUT,0,0,224.0
2015,Red Bull,Sepang International Circuit,Race circuit,Daniel Ricciardo,3,29,9402,1358,MYS,AUS,AUT,0,0,182.0
2015,Lotus F1,Sepang International Circuit,Race circuit,Romain Grosjean,3,29,10573,2044,MYS,FRA,GBR,0,0,-18.0
2015,Sauber,Sepang International Circuit,Race circuit,Marcus Ericsson,3,29,8974,378,MYS,SWE,CHE,0,0,18.0
2015,Mercedes,Shanghai International Circuit,Race circuit,Lewis Hamilton,4,12,11052,2947,CHN,GBR,DEU,0,0,-1344.0
2015,Mercedes,Shanghai International Circuit,Race circuit,Nico Rosberg,4,12,10881,3318,CHN,DEU,DEU,0,0,-1298.0
2015,Ferrari,Shanghai International Circuit,Race circuit,Sebastian Vettel,4,12,10145,2856,CHN,DEU,ITA,0,0,-439.0
2015,Ferrari,Shanghai International Circuit,Race circuit,Kimi Räikkönen,4,12,12961,5152,CHN,FIN,ITA,0,0,-17.0
2015,Williams,Shanghai International Circuit,Race circuit,Felipe Massa,4,12,12405,4788,CHN,BRA,GBR,0,0,-172.0
2015,Williams,Shanghai International Circuit,Race circuit,Valtteri Bottas,4,12,9358,756,CHN,FIN,GBR,0,0,17.0
2015,Lotus F1,Shanghai International Circuit,Race circuit,Romain Grosjean,4,12,10587,2058,CHN,FRA,GBR,0,0,779.0
2015,Sauber,Shanghai International Circuit,Race circuit,Felipe Nasr,4,12,8269,28,CHN,BRA,CHE,0,0,891.0
2015,Red Bull,Shanghai International Circuit,Race circuit,Daniel Ricciardo,4,12,9416,1372,CHN,AUS,AUT,0,0,414.0
2015,Sauber,Shanghai International Circuit,Race circuit,Marcus Ericsson,4,12,8988,392,CHN,SWE,CHE,0,0,1001.0
2015,Mercedes,Bahrain International Circuit,Race circuit,Lewis Hamilton,4,19,11059,2954,BHR,GBR,DEU,0,0,-895.0
2015,Ferrari,Bahrain International Circuit,Race circuit,Kimi Räikkönen,4,19,12968,5159,BHR,FIN,ITA,0,0,-239.0
2015,Mercedes,Bahrain International Circuit,Race circuit,Nico Rosberg,4,19,10888,3325,BHR,DEU,DEU,0,0,-337.0
2015,Williams,Bahrain International Circuit,Race circuit,Valtteri Bottas,4,19,9365,763,BHR,FIN,GBR,0,0,-85.0
2015,Ferrari,Bahrain International Circuit,Race circuit,Sebastian Vettel,4,19,10152,2863,BHR,DEU,ITA,0,0,-484.0
2015,Red Bull,Bahrain International Circuit,Race circuit,Daniel Ricciardo,4,19,9423,1379,BHR,AUS,AUT,0,0,366.0
2015,Lotus F1,Bahrain International Circuit,Race circuit,Romain Grosjean,4,19,10594,2065,BHR,FRA,GBR,0,0,657.0
2015,Williams,Bahrain International Circuit,Race circuit,Felipe Massa,4,19,12412,4795,BHR,BRA,GBR,0,0,85.0
2015,Force India,Bahrain International Circuit,Race circuit,Nico Hülkenberg,4,19,10105,1862,BHR,DEU,IND,0,0,984.0
2015,Toro Rosso,Bahrain International Circuit,Race circuit,Carlos Sainz,4,19,7535,35,BHR,ESP,ITA,0,0,996.0
2015,Mercedes,Circuit de Barcelona-Catalunya,Race circuit,Nico Rosberg,5,10,10909,3346,ESP,DEU,DEU,0,0,-1395.0
2015,Mercedes,Circuit de Barcelona-Catalunya,Race circuit,Lewis Hamilton,5,10,11080,2975,ESP,GBR,DEU,0,0,-1128.0
2015,Ferrari,Circuit de Barcelona-Catalunya,Race circuit,Sebastian Vettel,5,10,10173,2884,ESP,DEU,ITA,0,0,-618.0
2015,Williams,Circuit de Barcelona-Catalunya,Race circuit,Valtteri Bottas,5,10,9386,784,ESP,FIN,GBR,0,0,-382.0
2015,Ferrari,Circuit de Barcelona-Catalunya,Race circuit,Kimi Räikkönen,5,10,12989,5180,ESP,FIN,ITA,0,0,-60.0
2015,Williams,Circuit de Barcelona-Catalunya,Race circuit,Felipe Massa,5,10,12433,4816,ESP,BRA,GBR,0,0,71.0
2015,Red Bull,Circuit de Barcelona-Catalunya,Race circuit,Daniel Ricciardo,5,10,9444,1400,ESP,AUS,AUT,0,0,616.0
2015,Toro Rosso,Circuit de Barcelona-Catalunya,Race circuit,Carlos Sainz,5,10,7556,56,ESP,ESP,ITA,1,0,60.0
2015,Red Bull,Circuit de Barcelona-Catalunya,Race circuit,Daniil Kvyat,5,10,7684,420,ESP,RUS,AUT,0,0,553.0
2015,Toro Rosso,Circuit de Barcelona-Catalunya,Race circuit,Max Verstappen,5,10,6431,56,ESP,NLD,ITA,0,0,173.0
2015,Mercedes,Circuit de Monaco,Street circuit,Nico Rosberg,5,24,10923,3360,MCO,DEU,DEU,0,0,-864.0
2015,Ferrari,Circuit de Monaco,Street circuit,Sebastian Vettel,5,24,10187,2898,MCO,DEU,ITA,0,0,-456.0
2015,Mercedes,Circuit de Monaco,Street circuit,Lewis Hamilton,5,24,11094,2989,MCO,GBR,DEU,0,0,-1206.0
2015,Red Bull,Circuit de Monaco,Street circuit,Daniil Kvyat,5,24,7698,434,MCO,RUS,AUT,0,0,-122.0
2015,Red Bull,Circuit de Monaco,Street circuit,Daniel Ricciardo,5,24,9458,1414,MCO,AUS,AUT,0,0,-264.0
2015,Ferrari,Circuit de Monaco,Street circuit,Kimi Räikkönen,5,24,13003,5194,MCO,FIN,ITA,0,0,122.0
2015,Force India,Circuit de Monaco,Street circuit,Sergio Pérez,5,24,9249,1519,MCO,MEX,IND,0,0,504.0
2015,Toro Rosso,Circuit de Monaco,Street circuit,Carlos Sainz,5,24,7570,70,MCO,ESP,ITA,0,0,458.0
2015,Toro Rosso,Circuit de Monaco,Street circuit,Max Verstappen,5,24,6445,70,MCO,NLD,ITA,0,0,242.0
2015,Lotus F1,Circuit de Monaco,Street circuit,Pastor Maldonado,5,24,11033,1519,MCO,VEN,GBR,0,0,470.0
2015,Mercedes,Circuit Gilles Villeneuve,Street circuit,Lewis Hamilton,6,7,11108,3003,CAN,GBR,DEU,0,0,-865.0
2015,Mercedes,Circuit Gilles Villeneuve,Street circuit,Nico Rosberg,6,7,10937,3374,CAN,DEU,DEU,0,0,-585.0
2015,Williams,Circuit Gilles Villeneuve,Street circuit,Valtteri Bottas,6,7,9414,812,CAN,FIN,GBR,0,0,-156.0
2015,Ferrari,Circuit Gilles Villeneuve,Street circuit,Kimi Räikkönen,6,7,13017,5208,CAN,FIN,ITA,0,0,-244.0
2015,Lotus F1,Circuit Gilles Villeneuve,Street circuit,Pastor Maldonado,6,7,11047,1533,CAN,VEN,GBR,0,0,71.0
2015,Force India,Circuit Gilles Villeneuve,Street circuit,Nico Hülkenberg,6,7,10154,1911,CAN,DEU,IND,0,0,356.0
2015,Red Bull,Circuit Gilles Villeneuve,Street circuit,Daniil Kvyat,6,7,7712,448,CAN,RUS,AUT,0,0,633.0
2015,Lotus F1,Circuit Gilles Villeneuve,Street circuit,Romain Grosjean,6,7,10643,2114,CAN,FRA,GBR,0,0,-71.0
2015,Force India,Circuit Gilles Villeneuve,Street circuit,Sergio Pérez,6,7,9263,1533,CAN,MEX,IND,0,0,716.0
2015,Red Bull,Circuit Gilles Villeneuve,Street circuit,Daniel Ricciardo,6,7,9472,1428,CAN,AUS,AUT,0,0,748.0
2015,Mercedes,Red Bull Ring,Race circuit,Nico Rosberg,6,21,10951,3388,AUT,DEU,DEU,0,0,-644.0
2015,Mercedes,Red Bull Ring,Race circuit,Lewis Hamilton,6,21,11122,3017,AUT,GBR,DEU,0,0,-823.0
2015,Williams,Red Bull Ring,Race circuit,Felipe Massa,6,21,12475,4858,AUT,BRA,GBR,0,0,-86.0
2015,Ferrari,Red Bull Ring,Race circuit,Sebastian Vettel,6,21,10215,2926,AUT,DEU,ITA,0,0,-468.0
2015,Williams,Red Bull Ring,Race circuit,Valtteri Bottas,6,21,9428,826,AUT,FIN,GBR,0,0,41.0
2015,Force India,Red Bull Ring,Race circuit,Nico Hülkenberg,6,21,10168,1925,AUT,DEU,IND,0,0,0.0
2015,Toro Rosso,Red Bull Ring,Race circuit,Max Verstappen,6,21,6473,98,AUT,NLD,ITA,0,0,334.0
2015,Sauber,Red Bull Ring,Race circuit,Felipe Nasr,6,21,8339,98,AUT,BRA,CHE,0,0,374.0
2015,Red Bull,Red Bull Ring,Race circuit,Daniil Kvyat,6,21,7726,462,AUT,RUS,AUT,0,1,416.0
2015,Mercedes,Silverstone Circuit,Race circuit,Lewis Hamilton,7,5,11136,3031,GBR,GBR,DEU,1,0,-1202.0
2015,Mercedes,Silverstone Circuit,Race circuit,Nico Rosberg,7,5,10965,3402,GBR,DEU,DEU,0,0,-1088.0
2015,Ferrari,Silverstone Circuit,Race circuit,Sebastian Vettel,7,5,10229,2940,GBR,DEU,ITA,0,0,98.0
2015,Williams,Silverstone Circuit,Race circuit,Felipe Massa,7,5,12489,4872,GBR,BRA,GBR,0,1,-364.0
2015,Williams,Silverstone Circuit,Race circuit,Valtteri Bottas,7,5,9442,840,GBR,FIN,GBR,0,1,-430.0
2015,Red Bull,Silverstone Circuit,Race circuit,Daniil Kvyat,7,5,7740,476,GBR,RUS,AUT,0,0,70.0
2015,Force India,Silverstone Circuit,Race circuit,Nico Hülkenberg,7,5,10182,1939,GBR,DEU,IND,0,0,224.0
2015,Ferrari,Silverstone Circuit,Race circuit,Kimi Räikkönen,7,5,13045,5236,GBR,FIN,ITA,0,0,-70.0
2015,Toro Rosso,Silverstone Circuit,Race circuit,Carlos Sainz,7,5,7612,112,GBR,ESP,ITA,0,0,200.0
2015,Red Bull,Silverstone Circuit,Race circuit,Daniel Ricciardo,7,5,9500,1456,GBR,AUS,AUT,0,0,300.0
2015,Ferrari,Hungaroring,Race circuit,Sebastian Vettel,7,26,10250,2961,HUN,DEU,ITA,0,0,-382.0
2015,Red Bull,Hungaroring,Race circuit,Daniil Kvyat,7,26,7761,497,HUN,RUS,AUT,0,0,211.0
2015,Red Bull,Hungaroring,Race circuit,Daniel Ricciardo,7,26,9521,1477,HUN,AUS,AUT,0,0,-347.0
2015,Toro Rosso,Hungaroring,Race circuit,Max Verstappen,7,26,6508,133,HUN,NLD,ITA,0,0,558.0
2015,Mercedes,Hungaroring,Race circuit,Lewis Hamilton,7,26,11157,3052,HUN,GBR,DEU,0,0,-1101.0
2015,Lotus F1,Hungaroring,Race circuit,Romain Grosjean,7,26,10692,2163,HUN,FRA,GBR,0,0,684.0
2015,Mercedes,Hungaroring,Race circuit,Nico Rosberg,7,26,10986,3423,HUN,DEU,DEU,0,0,-526.0
2015,Williams,Hungaroring,Race circuit,Felipe Massa,7,26,12510,4893,HUN,BRA,GBR,0,0,416.0
2015,Williams,Hungaroring,Race circuit,Valtteri Bottas,7,26,9463,861,HUN,FIN,GBR,0,0,101.0
2015,Ferrari,Hungaroring,Race circuit,Kimi Räikkönen,7,26,13066,5257,HUN,FIN,ITA,0,0,-101.0
2015,Mercedes,Circuit de Spa-Francorchamps,Race circuit,Lewis Hamilton,8,23,11185,3080,BEL,GBR,DEU,0,0,-1422.0
2015,Mercedes,Circuit de Spa-Francorchamps,Race circuit,Nico Rosberg,8,23,11014,3451,BEL,DEU,DEU,0,0,-964.0
2015,Lotus F1,Circuit de Spa-Francorchamps,Race circuit,Romain Grosjean,8,23,10720,2191,BEL,FRA,GBR,0,0,-58.0
2015,Force India,Circuit de Spa-Francorchamps,Race circuit,Sergio Pérez,8,23,9340,1610,BEL,MEX,IND,0,0,-20.0
2015,Williams,Circuit de Spa-Francorchamps,Race circuit,Felipe Massa,8,23,12538,4921,BEL,BRA,GBR,0,0,66.0
2015,Williams,Circuit de Spa-Francorchamps,Race circuit,Valtteri Bottas,8,23,9491,889,BEL,FIN,GBR,0,0,-82.0
2015,Ferrari,Circuit de Spa-Francorchamps,Race circuit,Sebastian Vettel,8,23,10278,2989,BEL,DEU,ITA,0,0,142.0
2015,Toro Rosso,Circuit de Spa-Francorchamps,Race circuit,Carlos Sainz,8,23,7661,161,BEL,ESP,ITA,0,0,446.0
2015,Red Bull,Circuit de Spa-Francorchamps,Race circuit,Daniel Ricciardo,8,23,9549,1505,BEL,AUS,AUT,0,0,20.0
2015,Lotus F1,Circuit de Spa-Francorchamps,Race circuit,Pastor Maldonado,8,23,11124,1610,BEL,VEN,GBR,0,0,135.0
2015,Mercedes,Autodromo Nazionale di Monza,Race circuit,Lewis Hamilton,9,6,11199,3094,ITA,GBR,DEU,0,0,-650.0
2015,Ferrari,Autodromo Nazionale di Monza,Race circuit,Sebastian Vettel,9,6,10292,3003,ITA,DEU,ITA,0,1,-456.0
2015,Williams,Autodromo Nazionale di Monza,Race circuit,Felipe Massa,9,6,12552,4935,ITA,BRA,GBR,0,0,-94.0
2015,Williams,Autodromo Nazionale di Monza,Race circuit,Valtteri Bottas,9,6,9505,903,ITA,FIN,GBR,0,0,94.0
2015,Ferrari,Autodromo Nazionale di Monza,Race circuit,Kimi Räikkönen,9,6,13108,5299,ITA,FIN,ITA,0,1,-402.0
2015,Force India,Autodromo Nazionale di Monza,Race circuit,Sergio Pérez,9,6,9354,1624,ITA,MEX,IND,0,0,346.0
2015,Force India,Autodromo Nazionale di Monza,Race circuit,Nico Hülkenberg,9,6,10245,2002,ITA,DEU,IND,0,0,476.0
2015,Sauber,Autodromo Nazionale di Monza,Race circuit,Marcus Ericsson,9,6,9135,539,ITA,SWE,CHE,0,0,424.0
2015,Mercedes,Autodromo Nazionale di Monza,Race circuit,Nico Rosberg,9,6,11028,3465,ITA,DEU,DEU,0,0,-330.0
2015,Lotus F1,Autodromo Nazionale di Monza,Race circuit,Romain Grosjean,9,6,10734,2205,ITA,FRA,GBR,0,0,414.0
2015,Ferrari,Marina Bay Street Circuit,Street circuit,Sebastian Vettel,9,20,10306,3017,SGP,DEU,ITA,0,0,-1472.0
2015,Red Bull,Marina Bay Street Circuit,Street circuit,Daniel Ricciardo,9,20,9577,1533,SGP,AUS,AUT,0,0,-930.0
2015,Ferrari,Marina Bay Street Circuit,Street circuit,Kimi Räikkönen,9,20,13122,5313,SGP,FIN,ITA,0,0,-690.0
2015,Mercedes,Marina Bay Street Circuit,Street circuit,Nico Rosberg,9,20,11042,3479,SGP,DEU,DEU,0,0,58.0
2015,Williams,Marina Bay Street Circuit,Street circuit,Valtteri Bottas,9,20,9519,917,SGP,FIN,GBR,0,0,318.0
2015,Red Bull,Marina Bay Street Circuit,Street circuit,Daniil Kvyat,9,20,7817,553,SGP,RUS,AUT,0,0,-612.0
2015,Toro Rosso,Marina Bay Street Circuit,Street circuit,Max Verstappen,9,20,6564,189,SGP,NLD,ITA,0,0,278.0
2015,Lotus F1,Marina Bay Street Circuit,Street circuit,Romain Grosjean,9,20,10748,2219,SGP,FRA,GBR,0,0,448.0
2015,Mercedes,Marina Bay Street Circuit,Street circuit,Lewis Hamilton,9,20,11213,3108,SGP,GBR,DEU,0,0,-58.0
2015,Williams,Marina Bay Street Circuit,Street circuit,Felipe Massa,9,20,12566,4949,SGP,BRA,GBR,0,0,344.0
2015,Mercedes,Suzuka Circuit,Race circuit,Lewis Hamilton,9,27,11220,3115,JPN,GBR,DEU,0,0,-631.0
2015,Mercedes,Suzuka Circuit,Race circuit,Nico Rosberg,9,27,11049,3486,JPN,DEU,DEU,0,0,-707.0
2015,Ferrari,Suzuka Circuit,Race circuit,Sebastian Vettel,9,27,10313,3024,JPN,DEU,ITA,0,0,-46.0
2015,Ferrari,Suzuka Circuit,Race circuit,Kimi Räikkönen,9,27,13129,5320,JPN,FIN,ITA,0,0,56.0
2015,Williams,Suzuka Circuit,Race circuit,Valtteri Bottas,9,27,9526,924,JPN,FIN,GBR,0,0,-267.0
2015,Lotus F1,Suzuka Circuit,Race circuit,Romain Grosjean,9,27,10755,2226,JPN,FRA,GBR,0,0,676.0
2015,Red Bull,Suzuka Circuit,Race circuit,Daniel Ricciardo,9,27,9584,1540,JPN,AUS,AUT,0,0,206.0
2015,Williams,Suzuka Circuit,Race circuit,Felipe Massa,9,27,12573,4956,JPN,BRA,GBR,0,0,46.0
2015,Mercedes,Sochi Autodrom,Race circuit,Lewis Hamilton,10,11,11234,3129,RUS,GBR,DEU,0,0,-1008.0
2015,Ferrari,Sochi Autodrom,Race circuit,Sebastian Vettel,10,11,10327,3038,RUS,DEU,ITA,0,0,-476.0
2015,Force India,Sochi Autodrom,Race circuit,Sergio Pérez,10,11,9389,1659,RUS,MEX,IND,0,0,250.0
2015,Ferrari,Sochi Autodrom,Race circuit,Kimi Räikkönen,10,11,13143,5334,RUS,FIN,ITA,0,0,-218.0
2015,Toro Rosso,Sochi Autodrom,Race circuit,Max Verstappen,10,11,6585,210,RUS,NLD,ITA,0,0,482.0
2015,Williams,Sochi Autodrom,Race circuit,Valtteri Bottas,10,11,9540,938,RUS,FIN,GBR,0,0,-530.0
2015,Red Bull,Sochi Autodrom,Race circuit,Daniel Ricciardo,10,11,9598,1554,RUS,AUS,AUT,0,0,564.0
2015,Lotus F1,Sochi Autodrom,Race circuit,Romain Grosjean,10,11,10769,2240,RUS,FRA,GBR,0,0,312.0
2015,Mercedes,Sochi Autodrom,Race circuit,Nico Rosberg,10,11,11063,3500,RUS,DEU,DEU,0,0,-1328.0
2015,Force India,Sochi Autodrom,Race circuit,Nico Hülkenberg,10,11,10280,2037,RUS,DEU,IND,0,0,218.0
2015,Mercedes,Autódromo Hermanos Rodríguez,Race circuit,Nico Rosberg,11,1,11084,3521,MEX,DEU,DEU,0,0,-944.0
2015,Mercedes,Autódromo Hermanos Rodríguez,Race circuit,Lewis Hamilton,11,1,11255,3150,MEX,GBR,DEU,0,0,-756.0
2015,Williams,Autódromo Hermanos Rodríguez,Race circuit,Valtteri Bottas,11,1,9561,959,MEX,FIN,GBR,0,0,24.0
2015,Red Bull,Autódromo Hermanos Rodríguez,Race circuit,Daniil Kvyat,11,1,7859,595,MEX,RUS,AUT,0,0,-26.0
2015,Red Bull,Autódromo Hermanos Rodríguez,Race circuit,Daniel Ricciardo,11,1,9619,1575,MEX,AUS,AUT,0,0,-24.0
2015,Williams,Autódromo Hermanos Rodríguez,Race circuit,Felipe Massa,11,1,12608,4991,MEX,BRA,GBR,0,0,144.0
2015,Force India,Autódromo Hermanos Rodríguez,Race circuit,Nico Hülkenberg,11,1,10301,2058,MEX,DEU,IND,0,0,364.0
2015,Force India,Autódromo Hermanos Rodríguez,Race circuit,Sergio Pérez,11,1,9410,1680,MEX,MEX,IND,1,0,246.0
2015,Toro Rosso,Autódromo Hermanos Rodríguez,Race circuit,Max Verstappen,11,1,6606,231,MEX,NLD,ITA,0,0,286.0
2015,Ferrari,Autódromo Hermanos Rodríguez,Race circuit,Sebastian Vettel,11,1,10348,3059,MEX,DEU,ITA,0,0,-574.0
2015,Mercedes,Autódromo José Carlos Pace,Race circuit,Nico Rosberg,11,15,11098,3535,BRA,DEU,DEU,0,0,-922.0
2015,Mercedes,Autódromo José Carlos Pace,Race circuit,Lewis Hamilton,11,15,11269,3164,BRA,GBR,DEU,0,0,-844.0
2015,Ferrari,Autódromo José Carlos Pace,Race circuit,Sebastian Vettel,11,15,10362,3073,BRA,DEU,ITA,0,0,-400.0
2015,Ferrari,Autódromo José Carlos Pace,Race circuit,Kimi Räikkönen,11,15,13178,5369,BRA,FIN,ITA,0,0,-60.0
2015,Williams,Autódromo José Carlos Pace,Race circuit,Valtteri Bottas,11,15,9575,973,BRA,FIN,GBR,0,0,-120.0
2015,Force India,Autódromo José Carlos Pace,Race circuit,Nico Hülkenberg,11,15,10315,2072,BRA,DEU,IND,0,0,60.0
2015,Red Bull,Autódromo José Carlos Pace,Race circuit,Daniil Kvyat,11,15,7873,609,BRA,RUS,AUT,0,0,118.0
2015,Toro Rosso,Autódromo José Carlos Pace,Race circuit,Max Verstappen,11,15,6620,245,BRA,NLD,ITA,0,0,508.0
2015,Red Bull,Autódromo José Carlos Pace,Race circuit,Daniel Ricciardo,11,15,9633,1589,BRA,AUS,AUT,0,0,212.0
2015,Williams,Autódromo José Carlos Pace,Race circuit,Felipe Massa,11,15,12622,5005,BRA,BRA,GBR,1,0,210.0
2015,Mercedes,Yas Marina Circuit,Race circuit,Nico Rosberg,11,29,11112,3549,ARE,DEU,DEU,0,0,-1313.0
2015,Mercedes,Yas Marina Circuit,Race circuit,Lewis Hamilton,11,29,11283,3178,ARE,GBR,DEU,0,0,-936.0
2015,Ferrari,Yas Marina Circuit,Race circuit,Kimi Räikkönen,11,29,13192,5383,ARE,FIN,ITA,0,0,-499.0
2015,Force India,Yas Marina Circuit,Race circuit,Sergio Pérez,11,29,9438,1708,ARE,MEX,IND,0,0,-366.0
2015,Red Bull,Yas Marina Circuit,Race circuit,Daniel Ricciardo,11,29,9647,1603,ARE,AUS,AUT,0,0,-106.0
2015,Force India,Yas Marina Circuit,Race circuit,Nico Hülkenberg,11,29,10329,2086,ARE,DEU,IND,0,0,136.0
2015,Williams,Yas Marina Circuit,Race circuit,Felipe Massa,11,29,12636,5019,ARE,BRA,GBR,0,0,209.0
2015,Red Bull,Yas Marina Circuit,Race circuit,Daniil Kvyat,11,29,7887,623,ARE,RUS,AUT,0,0,383.0
2015,Toro Rosso,Yas Marina Circuit,Race circuit,Carlos Sainz,11,29,7759,259,ARE,ESP,ITA,0,0,932.0
2015,Williams,Yas Marina Circuit,Race circuit,Valtteri Bottas,11,29,9589,987,ARE,FIN,GBR,0,0,106.0
2016,Mercedes,Albert Park Grand Prix Circuit,Street circuit,Nico Rosberg,3,20,11224,3661,AUS,DEU,DEU,0,0,-1012.0
2016,Mercedes,Albert Park Grand Prix Circuit,Street circuit,Lewis Hamilton,3,20,11395,3290,AUS,GBR,DEU,0,0,-1372.0
2016,Ferrari,Albert Park Grand Prix Circuit,Street circuit,Sebastian Vettel,3,20,10488,3199,AUS,DEU,ITA,0,0,-534.0
2016,Red Bull,Albert Park Grand Prix Circuit,Street circuit,Daniel Ricciardo,3,20,9759,1715,AUS,AUS,AUT,1,0,380.0
2016,Williams,Albert Park Grand Prix Circuit,Street circuit,Felipe Massa,3,20,12748,5131,AUS,BRA,GBR,0,0,250.0
2016,Toro Rosso,Albert Park Grand Prix Circuit,Street circuit,Carlos Sainz,3,20,7871,371,AUS,ESP,ITA,0,0,176.0
2016,Toro Rosso,Albert Park Grand Prix Circuit,Street circuit,Max Verstappen,3,20,6746,371,AUS,NLD,ITA,0,0,226.0
2016,Ferrari,Albert Park Grand Prix Circuit,Street circuit,Kimi Räikkönen,3,20,13304,5495,AUS,FIN,ITA,0,0,-176.0
2016,Mercedes,Bahrain International Circuit,Race circuit,Nico Rosberg,4,3,11238,3675,BHR,DEU,DEU,0,0,-979.0
2016,Ferrari,Bahrain International Circuit,Race circuit,Kimi Räikkönen,4,3,13318,5509,BHR,FIN,ITA,0,0,-305.0
2016,Mercedes,Bahrain International Circuit,Race circuit,Lewis Hamilton,4,3,11409,3304,BHR,GBR,DEU,0,0,-1056.0
2016,Red Bull,Bahrain International Circuit,Race circuit,Daniel Ricciardo,4,3,9773,1729,BHR,AUS,AUT,0,0,305.0
2016,Williams,Bahrain International Circuit,Race circuit,Felipe Massa,4,3,12762,5145,BHR,BRA,GBR,0,0,606.0
2016,Williams,Bahrain International Circuit,Race circuit,Valtteri Bottas,4,3,9715,1113,BHR,FIN,GBR,0,0,382.0
2016,Force India,Bahrain International Circuit,Race circuit,Nico Hülkenberg,4,3,10455,2212,BHR,DEU,IND,0,0,1055.0
2016,Ferrari,Bahrain International Circuit,Race circuit,Sebastian Vettel,4,3,10502,3213,BHR,DEU,ITA,0,0,-537.0
2016,Mercedes,Shanghai International Circuit,Race circuit,Nico Rosberg,4,17,11252,3689,CHN,DEU,DEU,0,0,-894.0
2016,Ferrari,Shanghai International Circuit,Race circuit,Sebastian Vettel,4,17,10516,3227,CHN,DEU,ITA,0,0,-113.0
2016,Red Bull,Shanghai International Circuit,Race circuit,Daniil Kvyat,4,17,8027,763,CHN,RUS,AUT,0,0,103.0
2016,Red Bull,Shanghai International Circuit,Race circuit,Daniel Ricciardo,4,17,9787,1743,CHN,AUS,AUT,0,0,-379.0
2016,Ferrari,Shanghai International Circuit,Race circuit,Kimi Räikkönen,4,17,13332,5523,CHN,FIN,ITA,0,0,-324.0
2016,Toro Rosso,Shanghai International Circuit,Race circuit,Max Verstappen,4,17,6774,399,CHN,NLD,ITA,0,0,898.0
2016,Toro Rosso,Shanghai International Circuit,Race circuit,Carlos Sainz,4,17,7899,399,CHN,ESP,ITA,0,0,585.0
2016,Williams,Shanghai International Circuit,Race circuit,Valtteri Bottas,4,17,9729,1127,CHN,FIN,GBR,0,0,0.0
2016,Force India,Shanghai International Circuit,Race circuit,Sergio Pérez,4,17,9578,1848,CHN,MEX,IND,0,0,569.0
2016,Mercedes,Sochi Autodrom,Race circuit,Nico Rosberg,5,1,11266,3703,RUS,DEU,DEU,0,0,-1679.0
2016,Ferrari,Sochi Autodrom,Race circuit,Kimi Räikkönen,5,1,13346,5537,RUS,FIN,ITA,0,0,-353.0
2016,Williams,Sochi Autodrom,Race circuit,Valtteri Bottas,5,1,9743,1141,RUS,FIN,GBR,0,0,-480.0
2016,Williams,Sochi Autodrom,Race circuit,Felipe Massa,5,1,12790,5173,RUS,BRA,GBR,0,0,0.0
2016,Force India,Sochi Autodrom,Race circuit,Sergio Pérez,5,1,9592,1862,RUS,MEX,IND,0,0,196.0
2016,Red Bull,Sochi Autodrom,Race circuit,Daniel Ricciardo,5,1,9801,1757,RUS,AUS,AUT,0,0,109.0
2016,Red Bull,Sochi Autodrom,Race circuit,Daniil Kvyat,5,1,8041,777,RUS,RUS,AUT,1,0,443.0
2016,Toro Rosso,Sochi Autodrom,Race circuit,Max Verstappen,5,1,6788,413,RUS,NLD,ITA,0,0,494.0
2016,Ferrari,Sochi Autodrom,Race circuit,Sebastian Vettel,5,1,10530,3241,RUS,DEU,ITA,0,0,-893.0
2016,Red Bull,Circuit de Barcelona-Catalunya,Race circuit,Max Verstappen,5,15,6802,427,ESP,NLD,AUT,0,0,-136.0
2016,Ferrari,Circuit de Barcelona-Catalunya,Race circuit,Kimi Räikkönen,5,15,13360,5551,ESP,FIN,ITA,0,0,-110.0
2016,Ferrari,Circuit de Barcelona-Catalunya,Race circuit,Sebastian Vettel,5,15,10544,3255,ESP,DEU,ITA,0,0,110.0
2016,Red Bull,Circuit de Barcelona-Catalunya,Race circuit,Daniel Ricciardo,5,15,9815,1771,ESP,AUS,AUT,0,0,-544.0
2016,Williams,Circuit de Barcelona-Catalunya,Race circuit,Valtteri Bottas,5,15,9757,1155,ESP,FIN,GBR,0,0,298.0
2016,Toro Rosso,Circuit de Barcelona-Catalunya,Race circuit,Carlos Sainz,5,15,7927,427,ESP,ESP,ITA,1,0,420.0
2016,Force India,Circuit de Barcelona-Catalunya,Race circuit,Sergio Pérez,5,15,9606,1876,ESP,MEX,IND,0,0,558.0
2016,McLaren,Circuit de Barcelona-Catalunya,Race circuit,Fernando Alonso,5,15,12709,5551,ESP,ESP,GBR,1,0,758.0
2016,Mercedes,Circuit de Barcelona-Catalunya,Race circuit,Lewis Hamilton,5,15,11451,3346,ESP,GBR,DEU,0,0,-1224.0
2016,Mercedes,Circuit de Barcelona-Catalunya,Race circuit,Nico Rosberg,5,15,11280,3717,ESP,DEU,DEU,0,0,-944.0
2016,Mercedes,Circuit de Monaco,Street circuit,Lewis Hamilton,5,29,11465,3360,MCO,GBR,DEU,0,0,-787.0
2016,Red Bull,Circuit de Monaco,Street circuit,Daniel Ricciardo,5,29,9829,1785,MCO,AUS,AUT,0,0,-1107.0
2016,Force India,Circuit de Monaco,Street circuit,Sergio Pérez,5,29,9620,1890,MCO,MEX,IND,0,0,173.0
2016,Ferrari,Circuit de Monaco,Street circuit,Sebastian Vettel,5,29,10558,3269,MCO,DEU,ITA,0,0,-411.0
2016,McLaren,Circuit de Monaco,Street circuit,Fernando Alonso,5,29,12723,5565,MCO,ESP,GBR,0,0,378.0
2016,Force India,Circuit de Monaco,Street circuit,Nico Hülkenberg,5,29,10511,2268,MCO,DEU,IND,0,0,-3.0
2016,Mercedes,Circuit de Monaco,Street circuit,Nico Rosberg,5,29,11294,3731,MCO,DEU,DEU,0,0,-938.0
2016,Toro Rosso,Circuit de Monaco,Street circuit,Carlos Sainz,5,29,7941,441,MCO,ESP,ITA,0,0,20.0
2016,Toro Rosso,Circuit de Monaco,Street circuit,Daniil Kvyat,5,29,8069,805,MCO,RUS,ITA,0,0,65.0
2016,Ferrari,Circuit de Monaco,Street circuit,Kimi Räikkönen,5,29,13374,5565,MCO,FIN,ITA,0,0,3.0
2016,Mercedes,Circuit Gilles Villeneuve,Street circuit,Lewis Hamilton,6,12,11479,3374,CAN,GBR,DEU,0,0,-684.0
2016,Ferrari,Circuit Gilles Villeneuve,Street circuit,Sebastian Vettel,6,12,10572,3283,CAN,DEU,ITA,0,0,-506.0
2016,Williams,Circuit Gilles Villeneuve,Street circuit,Valtteri Bottas,6,12,9785,1183,CAN,FIN,GBR,0,0,174.0
2016,Red Bull,Circuit Gilles Villeneuve,Street circuit,Max Verstappen,6,12,6830,455,CAN,NLD,AUT,0,0,-82.0
2016,Mercedes,Circuit Gilles Villeneuve,Street circuit,Nico Rosberg,6,12,11308,3745,CAN,DEU,DEU,0,0,-622.0
2016,Ferrari,Circuit Gilles Villeneuve,Street circuit,Kimi Räikkönen,6,12,13388,5579,CAN,FIN,ITA,0,0,82.0
2016,Red Bull,Circuit Gilles Villeneuve,Street circuit,Daniel Ricciardo,6,12,9843,1799,CAN,AUS,AUT,0,0,-330.0
2016,Force India,Circuit Gilles Villeneuve,Street circuit,Nico Hülkenberg,6,12,10525,2282,CAN,DEU,IND,0,0,456.0
2016,McLaren,Circuit Gilles Villeneuve,Street circuit,Fernando Alonso,6,12,12737,5579,CAN,ESP,GBR,0,0,764.0
2016,Williams,Circuit Gilles Villeneuve,Street circuit,Felipe Massa,6,12,12832,5215,CAN,BRA,GBR,0,0,272.0
2016,Mercedes,Baku City Circuit,Street circuit,Nico Rosberg,6,19,11315,3752,AZE,DEU,DEU,0,0,-1598.0
2016,Ferrari,Baku City Circuit,Street circuit,Sebastian Vettel,6,19,10579,3290,AZE,DEU,ITA,0,0,-152.0
2016,Force India,Baku City Circuit,Street circuit,Sergio Pérez,6,19,9641,1911,AZE,MEX,IND,0,0,-602.0
2016,Ferrari,Baku City Circuit,Street circuit,Kimi Räikkönen,6,19,13395,5586,AZE,FIN,ITA,0,0,152.0
2016,Mercedes,Baku City Circuit,Street circuit,Lewis Hamilton,6,19,11486,3381,AZE,GBR,DEU,0,0,-592.0
2016,Williams,Baku City Circuit,Street circuit,Valtteri Bottas,6,19,9792,1190,AZE,FIN,GBR,0,0,360.0
2016,Red Bull,Baku City Circuit,Street circuit,Daniel Ricciardo,6,19,9850,1806,AZE,AUS,AUT,0,0,-152.0
2016,Red Bull,Baku City Circuit,Street circuit,Max Verstappen,6,19,6837,462,AZE,NLD,AUT,0,0,270.0
2016,Williams,Baku City Circuit,Street circuit,Felipe Massa,6,19,12839,5222,AZE,BRA,GBR,0,0,366.0
2016,Toro Rosso,Baku City Circuit,Street circuit,Daniil Kvyat,6,19,8090,826,AZE,RUS,ITA,0,0,570.0
2016,Mercedes,Red Bull Ring,Race circuit,Lewis Hamilton,7,3,11500,3395,AUT,GBR,DEU,0,0,-660.0
2016,Red Bull,Red Bull Ring,Race circuit,Max Verstappen,7,3,6851,476,AUT,NLD,AUT,0,1,-22.0
2016,Ferrari,Red Bull Ring,Race circuit,Kimi Räikkönen,7,3,13409,5600,AUT,FIN,ITA,0,0,52.0
2016,Mercedes,Red Bull Ring,Race circuit,Nico Rosberg,7,3,11329,3766,AUT,DEU,DEU,0,0,-486.0
2016,Red Bull,Red Bull Ring,Race circuit,Daniel Ricciardo,7,3,9864,1820,AUT,AUS,AUT,0,1,-48.0
2016,McLaren,Red Bull Ring,Race circuit,Jenson Button,7,3,13315,5957,AUT,GBR,GBR,0,0,684.0
2016,Williams,Red Bull Ring,Race circuit,Valtteri Bottas,7,3,9806,1204,AUT,FIN,GBR,0,0,22.0
2016,Force India,Red Bull Ring,Race circuit,Nico Hülkenberg,7,3,10546,2303,AUT,DEU,IND,0,0,368.0
2016,Williams,Red Bull Ring,Race circuit,Felipe Massa,7,3,12853,5236,AUT,BRA,GBR,0,0,256.0
2016,Ferrari,Red Bull Ring,Race circuit,Sebastian Vettel,7,3,10593,3304,AUT,DEU,ITA,0,0,-286.0
2016,Mercedes,Silverstone Circuit,Race circuit,Lewis Hamilton,7,10,11507,3402,GBR,GBR,DEU,1,0,-1553.0
2016,Red Bull,Silverstone Circuit,Race circuit,Max Verstappen,7,10,6858,483,GBR,NLD,AUT,0,0,-483.0
2016,Mercedes,Silverstone Circuit,Race circuit,Nico Rosberg,7,10,11336,3773,GBR,DEU,DEU,0,0,-1190.0
2016,Red Bull,Silverstone Circuit,Race circuit,Daniel Ricciardo,7,10,9871,1827,GBR,AUS,AUT,0,0,-178.0
2016,Ferrari,Silverstone Circuit,Race circuit,Kimi Räikkönen,7,10,13416,5607,GBR,FIN,ITA,0,0,85.0
2016,Force India,Silverstone Circuit,Race circuit,Nico Hülkenberg,7,10,10553,2310,GBR,DEU,IND,0,0,974.0
2016,Toro Rosso,Silverstone Circuit,Race circuit,Carlos Sainz,7,10,7983,483,GBR,ESP,ITA,0,0,912.0
2016,Ferrari,Silverstone Circuit,Race circuit,Sebastian Vettel,7,10,10600,3311,GBR,DEU,ITA,0,0,-85.0
2016,McLaren,Silverstone Circuit,Race circuit,Fernando Alonso,7,10,12765,5607,GBR,ESP,GBR,0,1,944.0
2016,Williams,Silverstone Circuit,Race circuit,Valtteri Bottas,7,10,9813,1211,GBR,FIN,GBR,0,1,682.0
2016,Mercedes,Hungaroring,Race circuit,Lewis Hamilton,7,24,11521,3416,HUN,GBR,DEU,0,0,-894.0
2016,Mercedes,Hungaroring,Race circuit,Nico Rosberg,7,24,11350,3787,HUN,DEU,DEU,0,0,-1038.0
2016,Red Bull,Hungaroring,Race circuit,Daniel Ricciardo,7,24,9885,1841,HUN,AUS,AUT,0,0,-722.0
2016,Ferrari,Hungaroring,Race circuit,Sebastian Vettel,7,24,10614,3325,HUN,DEU,ITA,0,0,-128.0
2016,Red Bull,Hungaroring,Race circuit,Max Verstappen,7,24,6872,497,HUN,NLD,AUT,0,0,-446.0
2016,McLaren,Hungaroring,Race circuit,Fernando Alonso,7,24,12779,5621,HUN,ESP,GBR,0,0,208.0
2016,Toro Rosso,Hungaroring,Race circuit,Carlos Sainz,7,24,7997,497,HUN,ESP,ITA,0,0,128.0
2016,Williams,Hungaroring,Race circuit,Valtteri Bottas,7,24,9827,1225,HUN,FIN,GBR,0,0,1180.0
2016,Force India,Hungaroring,Race circuit,Nico Hülkenberg,7,24,10567,2324,HUN,DEU,IND,0,0,820.0
2016,McLaren,Hungaroring,Race circuit,Jenson Button,7,24,13336,5978,HUN,GBR,GBR,0,0,594.0
2016,Mercedes,Hockenheimring,Race circuit,Lewis Hamilton,7,31,11528,3423,DEU,GBR,DEU,0,1,-758.0
2016,Red Bull,Hockenheimring,Race circuit,Daniel Ricciardo,7,31,9892,1848,DEU,AUS,AUT,0,0,-502.0
2016,Red Bull,Hockenheimring,Race circuit,Max Verstappen,7,31,6879,504,DEU,NLD,AUT,0,0,-394.0
2016,Mercedes,Hockenheimring,Race circuit,Nico Rosberg,7,31,11357,3794,DEU,DEU,DEU,1,1,-866.0
2016,Ferrari,Hockenheimring,Race circuit,Sebastian Vettel,7,31,10621,3332,DEU,DEU,ITA,1,0,86.0
2016,Ferrari,Hockenheimring,Race circuit,Kimi Räikkönen,7,31,13437,5628,DEU,FIN,ITA,0,0,-86.0
2016,Force India,Hockenheimring,Race circuit,Nico Hülkenberg,7,31,10574,2331,DEU,DEU,IND,1,0,282.0
2016,Williams,Hockenheimring,Race circuit,Valtteri Bottas,7,31,9834,1232,DEU,FIN,GBR,0,0,262.0
2016,Force India,Hockenheimring,Race circuit,Sergio Pérez,7,31,9683,1953,DEU,MEX,IND,0,0,272.0
2016,Williams,Hockenheimring,Race circuit,Felipe Massa,7,31,12881,5264,DEU,BRA,GBR,0,0,386.0
2016,Mercedes,Circuit de Spa-Francorchamps,Race circuit,Nico Rosberg,8,28,11385,3822,BEL,DEU,DEU,0,0,-522.0
2016,Red Bull,Circuit de Spa-Francorchamps,Race circuit,Daniel Ricciardo,8,28,9920,1876,BEL,AUS,AUT,0,0,-50.0
2016,Force India,Circuit de Spa-Francorchamps,Race circuit,Nico Hülkenberg,8,28,10602,2359,BEL,DEU,IND,0,0,50.0
2016,Force India,Circuit de Spa-Francorchamps,Race circuit,Sergio Pérez,8,28,9711,1981,BEL,MEX,IND,0,0,140.0
2016,Ferrari,Circuit de Spa-Francorchamps,Race circuit,Sebastian Vettel,8,28,10649,3360,BEL,DEU,ITA,0,0,-158.0
2016,Williams,Circuit de Spa-Francorchamps,Race circuit,Valtteri Bottas,8,28,9862,1260,BEL,FIN,GBR,0,0,346.0
2016,Ferrari,Circuit de Spa-Francorchamps,Race circuit,Kimi Räikkönen,8,28,13465,5656,BEL,FIN,ITA,0,0,-356.0
2016,Williams,Circuit de Spa-Francorchamps,Race circuit,Felipe Massa,8,28,12909,5292,BEL,BRA,GBR,0,0,400.0
2016,Red Bull,Circuit de Spa-Francorchamps,Race circuit,Max Verstappen,8,28,6907,532,BEL,NLD,AUT,0,0,-374.0
2016,McLaren,Circuit de Spa-Francorchamps,Race circuit,Jenson Button,8,28,13371,6013,BEL,GBR,GBR,0,0,784.0
2016,Mercedes,Autodromo Nazionale di Monza,Race circuit,Nico Rosberg,9,4,11392,3829,ITA,DEU,DEU,0,0,-776.0
2016,Mercedes,Autodromo Nazionale di Monza,Race circuit,Lewis Hamilton,9,4,11563,3458,ITA,GBR,DEU,0,0,-1254.0
2016,Ferrari,Autodromo Nazionale di Monza,Race circuit,Sebastian Vettel,9,4,10656,3367,ITA,DEU,ITA,0,1,-416.0
2016,Ferrari,Autodromo Nazionale di Monza,Race circuit,Kimi Räikkönen,9,4,13472,5663,ITA,FIN,ITA,0,1,-324.0
2016,Red Bull,Autodromo Nazionale di Monza,Race circuit,Daniel Ricciardo,9,4,9927,1883,ITA,AUS,AUT,0,0,0.0
2016,Williams,Autodromo Nazionale di Monza,Race circuit,Valtteri Bottas,9,4,9869,1267,ITA,FIN,GBR,0,0,-0.0
2016,Red Bull,Autodromo Nazionale di Monza,Race circuit,Max Verstappen,9,4,6914,539,ITA,NLD,AUT,0,0,22.0
2016,Force India,Autodromo Nazionale di Monza,Race circuit,Sergio Pérez,9,4,9718,1988,ITA,MEX,IND,0,0,426.0
2016,Force India,Autodromo Nazionale di Monza,Race circuit,Nico Hülkenberg,9,4,10609,2366,ITA,DEU,IND,0,0,448.0
2016,Haas F1 Team,Autodromo Nazionale di Monza,Race circuit,Esteban Gutiérrez,9,4,9162,1267,ITA,MEX,USA,0,0,468.0
2016,Mercedes,Marina Bay Street Circuit,Street circuit,Nico Rosberg,9,18,11406,3843,SGP,DEU,DEU,0,0,-1284.0
2016,Red Bull,Marina Bay Street Circuit,Street circuit,Daniel Ricciardo,9,18,9941,1897,SGP,AUS,AUT,0,0,-754.0
2016,Mercedes,Marina Bay Street Circuit,Street circuit,Lewis Hamilton,9,18,11577,3472,SGP,GBR,DEU,0,0,-580.0
2016,Ferrari,Marina Bay Street Circuit,Street circuit,Kimi Räikkönen,9,18,13486,5677,SGP,FIN,ITA,0,0,-328.0
2016,Red Bull,Marina Bay Street Circuit,Street circuit,Max Verstappen,9,18,6928,553,SGP,NLD,AUT,0,0,-540.0
2016,McLaren,Marina Bay Street Circuit,Street circuit,Fernando Alonso,9,18,12835,5677,SGP,ESP,GBR,0,0,684.0
2016,Force India,Marina Bay Street Circuit,Street circuit,Sergio Pérez,9,18,9732,2002,SGP,MEX,IND,0,0,714.0
2016,Toro Rosso,Marina Bay Street Circuit,Street circuit,Daniil Kvyat,9,18,8181,917,SGP,RUS,ITA,0,0,600.0
2016,Toro Rosso,Marina Bay Street Circuit,Street circuit,Carlos Sainz,9,18,8053,553,SGP,ESP,ITA,0,0,328.0
2016,Force India,Marina Bay Street Circuit,Street circuit,Nico Hülkenberg,9,18,10623,2380,SGP,DEU,IND,0,0,610.0
2016,Red Bull,Sepang International Circuit,Race circuit,Daniel Ricciardo,10,2,9955,1911,MYS,AUS,AUT,0,0,-141.0
2016,Red Bull,Sepang International Circuit,Race circuit,Max Verstappen,10,2,6942,567,MYS,NLD,AUT,0,0,-188.0
2016,Mercedes,Sepang International Circuit,Race circuit,Nico Rosberg,10,2,11420,3857,MYS,DEU,DEU,0,0,-344.0
2016,Ferrari,Sepang International Circuit,Race circuit,Kimi Räikkönen,10,2,13500,5691,MYS,FIN,ITA,0,0,24.0
2016,Force India,Sepang International Circuit,Race circuit,Sergio Pérez,10,2,9746,2016,MYS,MEX,IND,0,0,711.0
2016,Force India,Sepang International Circuit,Race circuit,Nico Hülkenberg,10,2,10637,2394,MYS,DEU,IND,0,0,833.0
2016,McLaren,Sepang International Circuit,Race circuit,Jenson Button,10,2,13406,6048,MYS,GBR,GBR,0,0,823.0
2016,Williams,Sepang International Circuit,Race circuit,Felipe Massa,10,2,12944,5327,MYS,BRA,GBR,0,0,814.0
2016,Mercedes,Sepang International Circuit,Race circuit,Lewis Hamilton,10,2,11591,3486,MYS,GBR,DEU,0,0,-758.0
2016,Ferrari,Sepang International Circuit,Race circuit,Sebastian Vettel,10,2,10684,3395,MYS,DEU,ITA,0,0,-24.0
2016,Mercedes,Suzuka Circuit,Race circuit,Nico Rosberg,10,9,11427,3864,JPN,DEU,DEU,0,0,-562.0
2016,Red Bull,Suzuka Circuit,Race circuit,Max Verstappen,10,9,6949,574,JPN,NLD,AUT,0,0,-31.0
2016,Mercedes,Suzuka Circuit,Race circuit,Lewis Hamilton,10,9,11598,3493,JPN,GBR,DEU,0,0,-549.0
2016,Ferrari,Suzuka Circuit,Race circuit,Sebastian Vettel,10,9,10691,3402,JPN,DEU,ITA,0,0,-181.0
2016,Ferrari,Suzuka Circuit,Race circuit,Kimi Räikkönen,10,9,13507,5698,JPN,FIN,ITA,0,0,-260.0
2016,Red Bull,Suzuka Circuit,Race circuit,Daniel Ricciardo,10,9,9962,1918,JPN,AUS,AUT,0,0,31.0
2016,Force India,Suzuka Circuit,Race circuit,Sergio Pérez,10,9,9753,2023,JPN,MEX,IND,0,0,752.0
2016,Force India,Suzuka Circuit,Race circuit,Nico Hülkenberg,10,9,10644,2401,JPN,DEU,IND,0,0,933.0
2016,Haas F1 Team,Suzuka Circuit,Race circuit,Romain Grosjean,10,9,11133,2604,JPN,FRA,USA,0,0,752.0
2016,Haas F1 Team,Suzuka Circuit,Race circuit,Esteban Gutiérrez,10,9,9197,1302,JPN,MEX,USA,0,0,946.0
2016,Mercedes,Circuit of the Americas,Race circuit,Lewis Hamilton,10,23,11612,3507,USA,GBR,DEU,0,0,-1246.0
2016,Mercedes,Circuit of the Americas,Race circuit,Nico Rosberg,10,23,11441,3878,USA,DEU,DEU,0,0,-1030.0
2016,Red Bull,Circuit of the Americas,Race circuit,Daniel Ricciardo,10,23,9976,1932,USA,AUS,AUT,0,0,-736.0
2016,Ferrari,Circuit of the Americas,Race circuit,Sebastian Vettel,10,23,10705,3416,USA,DEU,ITA,0,0,114.0
2016,Toro Rosso,Circuit of the Americas,Race circuit,Carlos Sainz,10,23,8088,588,USA,ESP,ITA,0,0,930.0
2016,Williams,Circuit of the Americas,Race circuit,Felipe Massa,10,23,12965,5348,USA,BRA,GBR,0,0,970.0
2016,Williams,Circuit of the Americas,Race circuit,Valtteri Bottas,10,23,9918,1316,USA,FIN,GBR,0,0,872.0
2016,Ferrari,Circuit of the Americas,Race circuit,Kimi Räikkönen,10,23,13521,5712,USA,FIN,ITA,0,0,-114.0
2016,Red Bull,Circuit of the Americas,Race circuit,Max Verstappen,10,23,6963,588,USA,NLD,AUT,0,0,-498.0
2016,Force India,Circuit of the Americas,Race circuit,Nico Hülkenberg,10,23,10658,2415,USA,DEU,IND,0,0,382.0
2016,Mercedes,Autódromo Hermanos Rodríguez,Race circuit,Lewis Hamilton,10,30,11619,3514,MEX,GBR,DEU,0,0,-649.0
2016,Mercedes,Autódromo Hermanos Rodríguez,Race circuit,Nico Rosberg,10,30,11448,3885,MEX,DEU,DEU,0,0,-395.0
2016,Red Bull,Autódromo Hermanos Rodríguez,Race circuit,Daniel Ricciardo,10,30,9983,1939,MEX,AUS,AUT,0,0,-220.0
2016,Red Bull,Autódromo Hermanos Rodríguez,Race circuit,Max Verstappen,10,30,6970,595,MEX,NLD,AUT,0,0,-381.0
2016,Ferrari,Autódromo Hermanos Rodríguez,Race circuit,Sebastian Vettel,10,30,10712,3423,MEX,DEU,ITA,0,0,28.0
2016,Ferrari,Autódromo Hermanos Rodríguez,Race circuit,Kimi Räikkönen,10,30,13528,5719,MEX,FIN,ITA,0,0,23.0
2016,Force India,Autódromo Hermanos Rodríguez,Race circuit,Nico Hülkenberg,10,30,10665,2422,MEX,DEU,IND,0,0,-23.0
2016,Williams,Autódromo Hermanos Rodríguez,Race circuit,Valtteri Bottas,10,30,9925,1323,MEX,FIN,GBR,0,0,198.0
2016,Williams,Autódromo Hermanos Rodríguez,Race circuit,Felipe Massa,10,30,12972,5355,MEX,BRA,GBR,0,0,679.0
2016,Toro Rosso,Autódromo Hermanos Rodríguez,Race circuit,Carlos Sainz,10,30,8095,595,MEX,ESP,ITA,0,0,816.0
2016,Mercedes,Autódromo José Carlos Pace,Race circuit,Lewis Hamilton,11,13,11633,3528,BRA,GBR,DEU,0,0,-782.0
2016,Mercedes,Autódromo José Carlos Pace,Race circuit,Nico Rosberg,11,13,11462,3899,BRA,DEU,DEU,0,0,-680.0
2016,Red Bull,Autódromo José Carlos Pace,Race circuit,Max Verstappen,11,13,6984,609,BRA,NLD,AUT,0,0,-32.0
2016,Force India,Autódromo José Carlos Pace,Race circuit,Sergio Pérez,11,13,9788,2058,BRA,MEX,IND,0,0,648.0
2016,Ferrari,Autódromo José Carlos Pace,Race circuit,Sebastian Vettel,11,13,10726,3437,BRA,DEU,ITA,0,0,-22.0
2016,Force India,Autódromo José Carlos Pace,Race circuit,Nico Hülkenberg,11,13,10679,2436,BRA,DEU,IND,0,0,586.0
2016,Red Bull,Autódromo José Carlos Pace,Race circuit,Daniel Ricciardo,11,13,9997,1953,BRA,AUS,AUT,0,0,22.0
2016,McLaren,Autódromo José Carlos Pace,Race circuit,Fernando Alonso,11,13,12891,5733,BRA,ESP,GBR,0,0,748.0
2016,Ferrari,Autódromo José Carlos Pace,Race circuit,Kimi Räikkönen,11,13,13542,5733,BRA,FIN,ITA,0,0,-114.0
2016,Haas F1 Team,Autódromo José Carlos Pace,Race circuit,Romain Grosjean,11,13,11168,2639,BRA,FRA,USA,0,0,420.0
2016,Mercedes,Yas Marina Circuit,Race circuit,Lewis Hamilton,11,27,11647,3542,ARE,GBR,DEU,0,0,-984.0
2016,Mercedes,Yas Marina Circuit,Race circuit,Nico Rosberg,11,27,11476,3913,ARE,DEU,DEU,0,0,-682.0
2016,Ferrari,Yas Marina Circuit,Race circuit,Sebastian Vettel,11,27,10740,3451,ARE,DEU,ITA,0,0,-78.0
2016,Red Bull,Yas Marina Circuit,Race circuit,Max Verstappen,11,27,6998,623,ARE,NLD,AUT,0,0,78.0
2016,Red Bull,Yas Marina Circuit,Race circuit,Daniel Ricciardo,11,27,10011,1967,ARE,AUS,AUT,0,0,-150.0
2016,Ferrari,Yas Marina Circuit,Race circuit,Kimi Räikkönen,11,27,13556,5747,ARE,FIN,ITA,0,0,-136.0
2016,Force India,Yas Marina Circuit,Race circuit,Nico Hülkenberg,11,27,10693,2450,ARE,DEU,IND,0,0,762.0
2016,Force India,Yas Marina Circuit,Race circuit,Sergio Pérez,11,27,9802,2072,ARE,MEX,IND,0,0,780.0
2016,Williams,Yas Marina Circuit,Race circuit,Felipe Massa,11,27,13000,5383,ARE,BRA,GBR,0,0,1118.0
2016,McLaren,Yas Marina Circuit,Race circuit,Fernando Alonso,11,27,12905,5747,ARE,ESP,GBR,0,0,1304.0
2017,Ferrari,Albert Park Grand Prix Circuit,Street circuit,Sebastian Vettel,3,26,10859,3570,AUS,DEU,ITA,0,0,-1029.0
2017,Mercedes,Albert Park Grand Prix Circuit,Street circuit,Lewis Hamilton,3,26,11766,3661,AUS,GBR,DEU,0,0,-1297.0
2017,Mercedes,Albert Park Grand Prix Circuit,Street circuit,Valtteri Bottas,3,26,10072,1470,AUS,FIN,DEU,0,0,-1004.0
2017,Ferrari,Albert Park Grand Prix Circuit,Street circuit,Kimi Räikkönen,3,26,13675,5866,AUS,FIN,ITA,0,0,-452.0
2017,Red Bull,Albert Park Grand Prix Circuit,Street circuit,Max Verstappen,3,26,7117,742,AUS,NLD,AUT,0,0,0.0
2017,Williams,Albert Park Grand Prix Circuit,Street circuit,Felipe Massa,3,26,13119,5502,AUS,BRA,GBR,0,0,958.0
2017,Toro Rosso,Albert Park Grand Prix Circuit,Street circuit,Carlos Sainz,3,26,8242,742,AUS,ESP,ITA,0,0,1002.0
2017,Toro Rosso,Albert Park Grand Prix Circuit,Street circuit,Daniil Kvyat,3,26,8370,1106,AUS,RUS,ITA,0,0,1027.0
2017,Haas F1 Team,Albert Park Grand Prix Circuit,Street circuit,Romain Grosjean,3,26,11301,2772,AUS,FRA,USA,0,0,589.0
2017,Mercedes,Shanghai International Circuit,Race circuit,Lewis Hamilton,4,9,11780,3675,CHN,GBR,DEU,0,0,-1592.0
2017,Ferrari,Shanghai International Circuit,Race circuit,Sebastian Vettel,4,9,10873,3584,CHN,DEU,ITA,0,0,-1406.0
2017,Red Bull,Shanghai International Circuit,Race circuit,Daniel Ricciardo,4,9,10144,2100,CHN,AUS,AUT,0,0,-237.0
2017,Ferrari,Shanghai International Circuit,Race circuit,Kimi Räikkönen,4,9,13689,5880,CHN,FIN,ITA,0,0,-1130.0
2017,Mercedes,Shanghai International Circuit,Race circuit,Valtteri Bottas,4,9,10086,1484,CHN,FIN,DEU,0,0,-1405.0
2017,Force India,Shanghai International Circuit,Race circuit,Sergio Pérez,4,9,9935,2205,CHN,MEX,IND,0,0,436.0
2017,Renault,Shanghai International Circuit,Race circuit,Nico Hülkenberg,4,9,10826,2583,CHN,DEU,FRA,0,0,310.0
2017,Williams,Shanghai International Circuit,Race circuit,Felipe Massa,4,9,13133,5516,CHN,BRA,GBR,0,0,237.0
2017,Toro Rosso,Shanghai International Circuit,Race circuit,Daniil Kvyat,4,9,8384,1120,CHN,RUS,ITA,0,0,449.0
2017,Williams,Shanghai International Circuit,Race circuit,Lance Stroll,4,9,6737,14,CHN,CAN,GBR,0,0,716.0
2017,Ferrari,Bahrain International Circuit,Race circuit,Sebastian Vettel,4,16,10880,3591,BHR,DEU,ITA,0,0,-380.0
2017,Mercedes,Bahrain International Circuit,Race circuit,Lewis Hamilton,4,16,11787,3682,BHR,GBR,DEU,0,0,-835.0
2017,Mercedes,Bahrain International Circuit,Race circuit,Valtteri Bottas,4,16,10093,1491,BHR,FIN,DEU,0,0,-858.0
2017,Ferrari,Bahrain International Circuit,Race circuit,Kimi Räikkönen,4,16,13696,5887,BHR,FIN,ITA,0,0,-60.0
2017,Red Bull,Bahrain International Circuit,Race circuit,Daniel Ricciardo,4,16,10151,2107,BHR,AUS,AUT,0,0,-82.0
2017,Williams,Bahrain International Circuit,Race circuit,Felipe Massa,4,16,13140,5523,BHR,BRA,GBR,0,0,447.0
2017,Haas F1 Team,Bahrain International Circuit,Race circuit,Romain Grosjean,4,16,11322,2793,BHR,FRA,USA,0,0,1136.0
2017,Renault,Bahrain International Circuit,Race circuit,Nico Hülkenberg,4,16,10833,2590,BHR,DEU,FRA,0,0,215.0
2017,Renault,Bahrain International Circuit,Race circuit,Jolyon Palmer,4,16,9583,392,BHR,GBR,FRA,0,0,1272.0
2017,Red Bull,Bahrain International Circuit,Race circuit,Max Verstappen,4,16,7138,763,BHR,NLD,AUT,0,0,60.0
2017,Mercedes,Sochi Autodrom,Race circuit,Valtteri Bottas,4,30,10107,1505,RUS,FIN,DEU,0,0,-1713.0
2017,Ferrari,Sochi Autodrom,Race circuit,Sebastian Vettel,4,30,10894,3605,RUS,DEU,ITA,0,0,-1783.0
2017,Ferrari,Sochi Autodrom,Race circuit,Kimi Räikkönen,4,30,13710,5901,RUS,FIN,ITA,0,0,-1724.0
2017,Mercedes,Sochi Autodrom,Race circuit,Lewis Hamilton,4,30,11801,3696,RUS,GBR,DEU,0,0,-1217.0
2017,Red Bull,Sochi Autodrom,Race circuit,Max Verstappen,4,30,7152,777,RUS,NLD,AUT,0,0,184.0
2017,Force India,Sochi Autodrom,Race circuit,Sergio Pérez,4,30,9956,2226,RUS,MEX,IND,0,0,360.0
2017,Force India,Sochi Autodrom,Race circuit,Esteban Ocon,4,30,7530,245,RUS,FRA,IND,0,0,395.0
2017,Renault,Sochi Autodrom,Race circuit,Nico Hülkenberg,4,30,10847,2604,RUS,DEU,FRA,0,0,308.0
2017,Williams,Sochi Autodrom,Race circuit,Felipe Massa,4,30,13154,5537,RUS,BRA,GBR,0,0,72.0
2017,Red Bull,Sochi Autodrom,Race circuit,Daniel Ricciardo,4,30,10165,2121,RUS,AUS,AUT,0,0,-72.0
2017,Mercedes,Circuit de Barcelona-Catalunya,Race circuit,Lewis Hamilton,5,14,11815,3710,ESP,GBR,DEU,0,0,-792.0
2017,Ferrari,Circuit de Barcelona-Catalunya,Race circuit,Sebastian Vettel,5,14,10908,3619,ESP,DEU,ITA,0,0,-740.0
2017,Red Bull,Circuit de Barcelona-Catalunya,Race circuit,Daniel Ricciardo,5,14,10179,2135,ESP,AUS,AUT,0,0,234.0
2017,Force India,Circuit de Barcelona-Catalunya,Race circuit,Sergio Pérez,5,14,9970,2240,ESP,MEX,IND,0,0,1130.0
2017,Force India,Circuit de Barcelona-Catalunya,Race circuit,Esteban Ocon,5,14,7544,259,ESP,FRA,IND,0,0,1208.0
2017,McLaren,Circuit de Barcelona-Catalunya,Race circuit,Fernando Alonso,5,14,13073,5915,ESP,ESP,GBR,1,0,1108.0
2017,Williams,Circuit de Barcelona-Catalunya,Race circuit,Felipe Massa,5,14,13168,5551,ESP,BRA,GBR,0,0,1282.0
2017,Mercedes,Circuit de Barcelona-Catalunya,Race circuit,Valtteri Bottas,5,14,10121,1519,ESP,FIN,DEU,0,0,-568.0
2017,Red Bull,Circuit de Barcelona-Catalunya,Race circuit,Max Verstappen,5,14,7166,791,ESP,NLD,AUT,0,0,-234.0
2017,Ferrari,Circuit de Barcelona-Catalunya,Race circuit,Kimi Räikkönen,5,14,13724,5915,ESP,FIN,ITA,0,0,-502.0
2017,Ferrari,Circuit de Monaco,Street circuit,Sebastian Vettel,5,28,10922,3633,MCO,DEU,ITA,0,0,-777.0
2017,Ferrari,Circuit de Monaco,Street circuit,Kimi Räikkönen,5,28,13738,5929,MCO,FIN,ITA,0,0,-820.0
2017,Red Bull,Circuit de Monaco,Street circuit,Daniel Ricciardo,5,28,10193,2149,MCO,AUS,AUT,0,0,0.0
2017,Mercedes,Circuit de Monaco,Street circuit,Valtteri Bottas,5,28,10135,1533,MCO,FIN,DEU,0,0,-775.0
2017,Red Bull,Circuit de Monaco,Street circuit,Max Verstappen,5,28,7180,805,MCO,NLD,AUT,0,0,-502.0
2017,Toro Rosso,Circuit de Monaco,Street circuit,Carlos Sainz,5,28,8305,805,MCO,ESP,ITA,0,0,164.0
2017,Haas F1 Team,Circuit de Monaco,Street circuit,Romain Grosjean,5,28,11364,2835,MCO,FRA,USA,0,0,205.0
2017,Force India,Circuit de Monaco,Street circuit,Sergio Pérez,5,28,9984,2254,MCO,MEX,IND,0,0,331.0
2017,McLaren,Circuit de Monaco,Street circuit,Jenson Button,5,28,13644,6286,MCO,GBR,GBR,0,0,455.0
2017,Mercedes,Circuit Gilles Villeneuve,Street circuit,Lewis Hamilton,6,11,11843,3738,CAN,GBR,DEU,0,0,-1021.0
2017,Mercedes,Circuit Gilles Villeneuve,Street circuit,Valtteri Bottas,6,11,10149,1547,CAN,FIN,DEU,0,0,-303.0
2017,Red Bull,Circuit Gilles Villeneuve,Street circuit,Daniel Ricciardo,6,11,10207,2163,CAN,AUS,AUT,0,0,77.0
2017,Ferrari,Circuit Gilles Villeneuve,Street circuit,Sebastian Vettel,6,11,10936,3647,CAN,DEU,ITA,0,0,-691.0
2017,Force India,Circuit Gilles Villeneuve,Street circuit,Sergio Pérez,6,11,9998,2268,CAN,MEX,IND,0,0,538.0
2017,Force India,Circuit Gilles Villeneuve,Street circuit,Esteban Ocon,6,11,7572,287,CAN,FRA,IND,0,0,655.0
2017,Ferrari,Circuit Gilles Villeneuve,Street circuit,Kimi Räikkönen,6,11,13752,5943,CAN,FIN,ITA,0,0,-228.0
2017,Renault,Circuit Gilles Villeneuve,Street circuit,Nico Hülkenberg,6,11,10889,2646,CAN,DEU,FRA,0,0,791.0
2017,Red Bull,Circuit Gilles Villeneuve,Street circuit,Max Verstappen,6,11,7194,819,CAN,NLD,AUT,0,0,-77.0
2017,Williams,Circuit Gilles Villeneuve,Street circuit,Felipe Massa,6,11,13196,5579,CAN,BRA,GBR,0,0,378.0
2017,Red Bull,Baku City Circuit,Street circuit,Daniel Ricciardo,6,25,10221,2177,AZE,AUS,AUT,0,0,220.0
2017,Mercedes,Baku City Circuit,Street circuit,Valtteri Bottas,6,25,10163,1561,AZE,FIN,DEU,0,0,-968.0
2017,Williams,Baku City Circuit,Street circuit,Lance Stroll,6,25,6814,91,AZE,CAN,GBR,0,0,289.0
2017,Ferrari,Baku City Circuit,Street circuit,Sebastian Vettel,6,25,10950,3661,AZE,DEU,ITA,0,0,-154.0
2017,Mercedes,Baku City Circuit,Street circuit,Lewis Hamilton,6,25,11857,3752,AZE,GBR,DEU,0,0,-1402.0
2017,Force India,Baku City Circuit,Street circuit,Esteban Ocon,6,25,7586,301,AZE,FRA,IND,0,0,191.0
2017,Ferrari,Baku City Circuit,Street circuit,Kimi Räikkönen,6,25,13766,5957,AZE,FIN,ITA,0,0,-302.0
2017,Force India,Baku City Circuit,Street circuit,Sergio Pérez,6,25,10012,2282,AZE,MEX,IND,0,0,116.0
2017,Williams,Baku City Circuit,Street circuit,Felipe Massa,6,25,13210,5593,AZE,BRA,GBR,0,0,740.0
2017,Red Bull,Baku City Circuit,Street circuit,Max Verstappen,6,25,7208,833,AZE,NLD,AUT,0,0,-116.0
2017,Mercedes,Red Bull Ring,Race circuit,Valtteri Bottas,7,9,10177,1575,AUT,FIN,DEU,0,0,-671.0
2017,Ferrari,Red Bull Ring,Race circuit,Sebastian Vettel,7,9,10964,3675,AUT,DEU,ITA,0,0,-629.0
2017,Red Bull,Red Bull Ring,Race circuit,Daniel Ricciardo,7,9,10235,2191,AUT,AUS,AUT,0,1,-26.0
2017,Mercedes,Red Bull Ring,Race circuit,Lewis Hamilton,7,9,11871,3766,AUT,GBR,DEU,0,0,-498.0
2017,Ferrari,Red Bull Ring,Race circuit,Kimi Räikkönen,7,9,13780,5971,AUT,FIN,ITA,0,0,-143.0
2017,Haas F1 Team,Red Bull Ring,Race circuit,Romain Grosjean,7,9,11406,2877,AUT,FRA,USA,0,0,397.0
2017,Force India,Red Bull Ring,Race circuit,Sergio Pérez,7,9,10026,2296,AUT,MEX,IND,0,0,513.0
2017,Force India,Red Bull Ring,Race circuit,Esteban Ocon,7,9,7600,315,AUT,FRA,IND,0,0,628.0
2017,Toro Rosso,Red Bull Ring,Race circuit,Carlos Sainz,7,9,8347,847,AUT,ESP,ITA,0,0,622.0
2017,Red Bull,Red Bull Ring,Race circuit,Max Verstappen,7,9,7222,847,AUT,NLD,AUT,0,1,26.0
2017,Mercedes,Silverstone Circuit,Race circuit,Lewis Hamilton,7,16,11878,3773,GBR,GBR,DEU,1,0,-1893.0
2017,Mercedes,Silverstone Circuit,Race circuit,Valtteri Bottas,7,16,10184,1582,GBR,FIN,DEU,0,0,-1117.0
2017,Ferrari,Silverstone Circuit,Race circuit,Kimi Räikkönen,7,16,13787,5978,GBR,FIN,ITA,0,0,-1346.0
2017,Red Bull,Silverstone Circuit,Race circuit,Max Verstappen,7,16,7229,854,GBR,NLD,AUT,0,0,-363.0
2017,Renault,Silverstone Circuit,Race circuit,Nico Hülkenberg,7,16,10924,2681,GBR,DEU,FRA,0,0,363.0
2017,Ferrari,Silverstone Circuit,Race circuit,Sebastian Vettel,7,16,10971,3682,GBR,DEU,ITA,0,0,-1137.0
2017,Force India,Silverstone Circuit,Race circuit,Esteban Ocon,7,16,7607,322,GBR,FRA,IND,0,0,581.0
2017,Force India,Silverstone Circuit,Race circuit,Sergio Pérez,7,16,10033,2303,GBR,MEX,IND,0,0,409.0
2017,McLaren,Silverstone Circuit,Race circuit,Stoffel Vandoorne,7,16,9243,469,GBR,BEL,GBR,0,1,925.0
2017,Haas F1 Team,Silverstone Circuit,Race circuit,Romain Grosjean,7,16,11413,2884,GBR,FRA,USA,0,0,1056.0
2017,Ferrari,Hungaroring,Race circuit,Sebastian Vettel,7,30,10985,3696,HUN,DEU,ITA,0,0,-532.0
2017,Ferrari,Hungaroring,Race circuit,Kimi Räikkönen,7,30,13801,5992,HUN,FIN,ITA,0,0,-364.0
2017,Mercedes,Hungaroring,Race circuit,Valtteri Bottas,7,30,10198,1596,HUN,FIN,DEU,0,0,-278.0
2017,Mercedes,Hungaroring,Race circuit,Lewis Hamilton,7,30,11892,3787,HUN,GBR,DEU,0,0,-114.0
2017,Red Bull,Hungaroring,Race circuit,Max Verstappen,7,30,7243,868,HUN,NLD,AUT,0,0,-10.0
2017,McLaren,Hungaroring,Race circuit,Fernando Alonso,7,30,13150,5992,HUN,ESP,GBR,0,0,742.0
2017,Toro Rosso,Hungaroring,Race circuit,Carlos Sainz,7,30,8368,868,HUN,ESP,ITA,0,0,1504.0
2017,McLaren,Hungaroring,Race circuit,Stoffel Vandoorne,7,30,9257,483,HUN,BEL,GBR,0,0,1086.0
2017,Renault,Hungaroring,Race circuit,Nico Hülkenberg,7,30,10938,2695,HUN,DEU,FRA,0,0,660.0
2017,Red Bull,Hungaroring,Race circuit,Daniel Ricciardo,7,30,10256,2212,HUN,AUS,AUT,0,0,10.0
2017,Mercedes,Circuit de Spa-Francorchamps,Race circuit,Lewis Hamilton,8,27,11920,3815,BEL,GBR,DEU,0,0,-827.0
2017,Ferrari,Circuit de Spa-Francorchamps,Race circuit,Sebastian Vettel,8,27,11013,3724,BEL,DEU,ITA,0,0,-585.0
2017,Red Bull,Circuit de Spa-Francorchamps,Race circuit,Daniel Ricciardo,8,27,10284,2240,BEL,AUS,AUT,0,0,483.0
2017,Ferrari,Circuit de Spa-Francorchamps,Race circuit,Kimi Räikkönen,8,27,13829,6020,BEL,FIN,ITA,0,0,-110.0
2017,Mercedes,Circuit de Spa-Francorchamps,Race circuit,Valtteri Bottas,8,27,10226,1624,BEL,FIN,DEU,0,0,-286.0
2017,Renault,Circuit de Spa-Francorchamps,Race circuit,Nico Hülkenberg,8,27,10966,2723,BEL,DEU,FRA,0,0,1602.0
2017,Force India,Circuit de Spa-Francorchamps,Race circuit,Esteban Ocon,8,27,7649,364,BEL,FRA,IND,0,0,1626.0
2017,Force India,Circuit de Spa-Francorchamps,Race circuit,Sergio Pérez,8,27,10075,2345,BEL,MEX,IND,0,0,1514.0
2017,Red Bull,Circuit de Spa-Francorchamps,Race circuit,Max Verstappen,8,27,7271,896,BEL,NLD,AUT,0,0,0.0
2017,Mercedes,Autodromo Nazionale di Monza,Race circuit,Lewis Hamilton,9,3,11927,3822,ITA,GBR,DEU,0,0,-2262.0
2017,Mercedes,Autodromo Nazionale di Monza,Race circuit,Valtteri Bottas,9,3,10233,1631,ITA,FIN,DEU,0,0,-1526.0
2017,Ferrari,Autodromo Nazionale di Monza,Race circuit,Sebastian Vettel,9,3,11020,3731,ITA,DEU,ITA,0,1,-698.0
2017,Red Bull,Autodromo Nazionale di Monza,Race circuit,Daniel Ricciardo,9,3,10291,2247,ITA,AUS,AUT,0,0,-80.0
2017,Ferrari,Autodromo Nazionale di Monza,Race circuit,Kimi Räikkönen,9,3,13836,6027,ITA,FIN,ITA,0,1,110.0
2017,Force India,Autodromo Nazionale di Monza,Race circuit,Esteban Ocon,9,3,7656,371,ITA,FRA,IND,0,0,658.0
2017,Williams,Autodromo Nazionale di Monza,Race circuit,Lance Stroll,9,3,6884,161,ITA,CAN,GBR,0,0,80.0
2017,Williams,Autodromo Nazionale di Monza,Race circuit,Felipe Massa,9,3,13280,5663,ITA,BRA,GBR,0,0,534.0
2017,Red Bull,Autodromo Nazionale di Monza,Race circuit,Max Verstappen,9,3,7278,903,ITA,NLD,AUT,0,0,-808.0
2017,McLaren,Autodromo Nazionale di Monza,Race circuit,Stoffel Vandoorne,9,3,9292,518,ITA,BEL,GBR,0,0,550.0
2017,Mercedes,Marina Bay Street Circuit,Street circuit,Lewis Hamilton,9,17,11941,3836,SGP,GBR,DEU,0,0,-342.0
2017,Red Bull,Marina Bay Street Circuit,Street circuit,Daniel Ricciardo,9,17,10305,2261,SGP,AUS,AUT,0,0,-628.0
2017,Mercedes,Marina Bay Street Circuit,Street circuit,Valtteri Bottas,9,17,10247,1645,SGP,FIN,DEU,0,0,342.0
2017,Toro Rosso,Marina Bay Street Circuit,Street circuit,Carlos Sainz,9,17,8417,917,SGP,ESP,ITA,0,0,1358.0
2017,McLaren,Marina Bay Street Circuit,Street circuit,Stoffel Vandoorne,9,17,9306,532,SGP,BEL,GBR,0,0,759.0
2017,Renault,Marina Bay Street Circuit,Street circuit,Nico Hülkenberg,9,17,10987,2744,SGP,DEU,FRA,0,0,545.0
2017,McLaren,Marina Bay Street Circuit,Street circuit,Fernando Alonso,9,17,13199,6041,SGP,ESP,GBR,0,0,711.0
2017,Ferrari,Marina Bay Street Circuit,Street circuit,Sebastian Vettel,9,17,11034,3745,SGP,DEU,ITA,0,0,-977.0
2017,Red Bull,Marina Bay Street Circuit,Street circuit,Max Verstappen,9,17,7292,917,SGP,NLD,AUT,0,0,-654.0
2017,Ferrari,Marina Bay Street Circuit,Street circuit,Kimi Räikkönen,9,17,13850,6041,SGP,FIN,ITA,0,0,-399.0
2017,Red Bull,Sepang International Circuit,Race circuit,Max Verstappen,10,1,7306,931,MYS,NLD,AUT,0,0,-577.0
2017,Mercedes,Sepang International Circuit,Race circuit,Lewis Hamilton,10,1,11955,3850,MYS,GBR,DEU,0,0,-1042.0
2017,Red Bull,Sepang International Circuit,Race circuit,Daniel Ricciardo,10,1,10319,2275,MYS,AUS,AUT,0,0,-523.0
2017,Mercedes,Sepang International Circuit,Race circuit,Valtteri Bottas,10,1,10261,1659,MYS,FIN,DEU,0,0,-360.0
2017,Force India,Sepang International Circuit,Race circuit,Sergio Pérez,10,1,10110,2380,MYS,MEX,IND,0,0,366.0
2017,McLaren,Sepang International Circuit,Race circuit,Stoffel Vandoorne,10,1,9320,546,MYS,BEL,GBR,0,0,464.0
2017,Force India,Sepang International Circuit,Race circuit,Esteban Ocon,10,1,7684,399,MYS,FRA,IND,0,0,360.0
2017,McLaren,Sepang International Circuit,Race circuit,Fernando Alonso,10,1,13213,6055,MYS,ESP,GBR,0,0,586.0
2017,Renault,Sepang International Circuit,Race circuit,Nico Hülkenberg,10,1,11001,2758,MYS,DEU,FRA,0,0,489.0
2017,Ferrari,Sepang International Circuit,Race circuit,Kimi Räikkönen,10,1,13864,6055,MYS,FIN,ITA,0,0,-997.0
2017,Mercedes,Suzuka Circuit,Race circuit,Lewis Hamilton,10,8,11962,3857,JPN,GBR,DEU,0,0,-1096.0
2017,Red Bull,Suzuka Circuit,Race circuit,Max Verstappen,10,8,7313,938,JPN,NLD,AUT,0,0,-83.0
2017,Red Bull,Suzuka Circuit,Race circuit,Daniel Ricciardo,10,8,10326,2282,JPN,AUS,AUT,0,0,-109.0
2017,Mercedes,Suzuka Circuit,Race circuit,Valtteri Bottas,10,8,10268,1666,JPN,FIN,DEU,0,0,-764.0
2017,Ferrari,Suzuka Circuit,Race circuit,Kimi Räikkönen,10,8,13871,6062,JPN,FIN,ITA,0,0,83.0
2017,Force India,Suzuka Circuit,Race circuit,Esteban Ocon,10,8,7691,406,JPN,FRA,IND,0,0,696.0
2017,Force India,Suzuka Circuit,Race circuit,Sergio Pérez,10,8,10117,2387,JPN,MEX,IND,0,0,845.0
2017,Williams,Suzuka Circuit,Race circuit,Felipe Massa,10,8,13315,5698,JPN,BRA,GBR,0,0,1065.0
2017,McLaren,Suzuka Circuit,Race circuit,Fernando Alonso,10,8,13220,6062,JPN,ESP,GBR,0,0,1334.0
2017,Ferrari,Suzuka Circuit,Race circuit,Sebastian Vettel,10,8,11055,3766,JPN,DEU,ITA,0,0,-624.0
2017,Mercedes,Circuit of the Americas,Race circuit,Lewis Hamilton,10,22,11976,3871,USA,GBR,DEU,0,0,-510.0
2017,Ferrari,Circuit of the Americas,Race circuit,Sebastian Vettel,10,22,11069,3780,USA,DEU,ITA,0,0,-270.0
2017,Ferrari,Circuit of the Americas,Race circuit,Kimi Räikkönen,10,22,13885,6076,USA,FIN,ITA,0,0,-40.0
2017,Red Bull,Circuit of the Americas,Race circuit,Max Verstappen,10,22,7327,952,USA,NLD,AUT,0,0,40.0
2017,Mercedes,Circuit of the Americas,Race circuit,Valtteri Bottas,10,22,10282,1680,USA,FIN,DEU,0,0,-50.0
2017,Force India,Circuit of the Americas,Race circuit,Esteban Ocon,10,22,7705,420,USA,FRA,IND,0,0,1030.0
2017,Renault,Circuit of the Americas,Race circuit,Carlos Sainz,10,22,8452,952,USA,ESP,FRA,0,0,1234.0
2017,Force India,Circuit of the Americas,Race circuit,Sergio Pérez,10,22,10131,2401,USA,MEX,IND,0,0,1172.0
2017,McLaren,Circuit of the Americas,Race circuit,Fernando Alonso,10,22,13234,6076,USA,ESP,GBR,0,0,1390.0
2017,Red Bull,Circuit of the Americas,Race circuit,Daniel Ricciardo,10,22,10340,2296,USA,AUS,AUT,0,0,-40.0
2017,Red Bull,Autódromo Hermanos Rodríguez,Race circuit,Max Verstappen,10,29,7334,959,MEX,NLD,AUT,0,0,-814.0
2017,Mercedes,Autódromo Hermanos Rodríguez,Race circuit,Valtteri Bottas,10,29,10289,1687,MEX,FIN,DEU,0,0,-380.0
2017,Ferrari,Autódromo Hermanos Rodríguez,Race circuit,Kimi Räikkönen,10,29,13892,6083,MEX,FIN,ITA,0,0,-100.0
2017,Ferrari,Autódromo Hermanos Rodríguez,Race circuit,Sebastian Vettel,10,29,11076,3787,MEX,DEU,ITA,0,0,-850.0
2017,Force India,Autódromo Hermanos Rodríguez,Race circuit,Esteban Ocon,10,29,7712,427,MEX,FRA,IND,0,0,100.0
2017,Force India,Autódromo Hermanos Rodríguez,Race circuit,Sergio Pérez,10,29,10138,2408,MEX,MEX,IND,1,0,470.0
2017,Mercedes,Autódromo Hermanos Rodríguez,Race circuit,Lewis Hamilton,10,29,11983,3878,MEX,GBR,DEU,0,0,-404.0
2017,Renault,Autódromo Hermanos Rodríguez,Race circuit,Carlos Sainz,10,29,8459,959,MEX,ESP,FRA,0,0,416.0
2017,Renault,Autódromo Hermanos Rodríguez,Race circuit,Nico Hülkenberg,10,29,11029,2786,MEX,DEU,FRA,0,0,128.0
2017,Red Bull,Autódromo Hermanos Rodríguez,Race circuit,Daniel Ricciardo,10,29,10347,2303,MEX,AUS,AUT,0,0,110.0
2017,Ferrari,Autódromo José Carlos Pace,Race circuit,Sebastian Vettel,11,12,11090,3801,BRA,DEU,ITA,0,0,-1102.0
2017,Mercedes,Autódromo José Carlos Pace,Race circuit,Valtteri Bottas,11,12,10303,1701,BRA,FIN,DEU,0,0,-1140.0
2017,Ferrari,Autódromo José Carlos Pace,Race circuit,Kimi Räikkönen,11,12,13906,6097,BRA,FIN,ITA,0,0,-924.0
2017,Red Bull,Autódromo José Carlos Pace,Race circuit,Max Verstappen,11,12,7348,973,BRA,NLD,AUT,0,0,-536.0
2017,Red Bull,Autódromo José Carlos Pace,Race circuit,Daniel Ricciardo,11,12,10361,2317,BRA,AUS,AUT,0,0,-132.0
2017,Williams,Autódromo José Carlos Pace,Race circuit,Felipe Massa,11,12,13350,5733,BRA,BRA,GBR,1,0,150.0
2017,McLaren,Autódromo José Carlos Pace,Race circuit,Fernando Alonso,11,12,13255,6097,BRA,ESP,GBR,0,0,132.0
2017,Force India,Autódromo José Carlos Pace,Race circuit,Sergio Pérez,11,12,10152,2422,BRA,MEX,IND,0,0,136.0
2017,Renault,Autódromo José Carlos Pace,Race circuit,Nico Hülkenberg,11,12,11043,2800,BRA,DEU,FRA,0,0,242.0
2017,Renault,Autódromo José Carlos Pace,Race circuit,Carlos Sainz,11,12,8473,973,BRA,ESP,FRA,0,0,306.0
2017,Mercedes,Yas Marina Circuit,Race circuit,Valtteri Bottas,11,26,10317,1715,ARE,FIN,DEU,0,0,-926.0
2017,Mercedes,Yas Marina Circuit,Race circuit,Lewis Hamilton,11,26,12011,3906,ARE,GBR,DEU,0,0,-754.0
2017,Ferrari,Yas Marina Circuit,Race circuit,Sebastian Vettel,11,26,11104,3815,ARE,DEU,ITA,0,0,-380.0
2017,Ferrari,Yas Marina Circuit,Race circuit,Kimi Räikkönen,11,26,13920,6111,ARE,FIN,ITA,0,0,-172.0
2017,Red Bull,Yas Marina Circuit,Race circuit,Max Verstappen,11,26,7362,987,ARE,NLD,AUT,0,0,172.0
2017,Renault,Yas Marina Circuit,Race circuit,Nico Hülkenberg,11,26,11057,2814,ARE,DEU,FRA,0,0,982.0
2017,Force India,Yas Marina Circuit,Race circuit,Sergio Pérez,11,26,10166,2436,ARE,MEX,IND,0,0,1202.0
2017,Force India,Yas Marina Circuit,Race circuit,Esteban Ocon,11,26,7740,455,ARE,FRA,IND,0,0,1236.0
2017,Williams,Yas Marina Circuit,Race circuit,Felipe Massa,11,26,13364,5747,ARE,BRA,GBR,0,0,1394.0
2017,Red Bull,Yas Marina Circuit,Race circuit,Daniel Ricciardo,11,26,10375,2331,ARE,AUS,AUT,0,0,-198.0
2018,Ferrari,Albert Park Grand Prix Circuit,Street circuit,Sebastian Vettel,3,25,11223,3934,AUS,DEU,ITA,0,0,-314.0
2018,Mercedes,Albert Park Grand Prix Circuit,Street circuit,Lewis Hamilton,3,25,12130,4025,AUS,GBR,DEU,0,0,-988.0
2018,Ferrari,Albert Park Grand Prix Circuit,Street circuit,Kimi Räikkönen,3,25,14039,6230,AUS,FIN,ITA,0,0,-324.0
2018,Red Bull,Albert Park Grand Prix Circuit,Street circuit,Daniel Ricciardo,3,25,10494,2450,AUS,AUS,AUT,1,0,0.0
2018,Red Bull,Albert Park Grand Prix Circuit,Street circuit,Max Verstappen,3,25,7481,1106,AUS,NLD,AUT,0,0,-273.0
2018,Renault,Albert Park Grand Prix Circuit,Street circuit,Nico Hülkenberg,3,25,11176,2933,AUS,DEU,FRA,0,0,1380.0
2018,Renault,Albert Park Grand Prix Circuit,Street circuit,Carlos Sainz,3,25,8606,1106,AUS,ESP,FRA,0,0,909.0
2018,Haas F1 Team,Albert Park Grand Prix Circuit,Street circuit,Romain Grosjean,3,25,11665,3136,AUS,FRA,USA,0,0,1187.0
2018,Haas F1 Team,Albert Park Grand Prix Circuit,Street circuit,Kevin Magnussen,3,25,9302,1470,AUS,DNK,USA,0,0,1035.0
2018,Ferrari,Bahrain International Circuit,Race circuit,Sebastian Vettel,4,8,11237,3948,BHR,DEU,ITA,0,0,-834.0
2018,Mercedes,Bahrain International Circuit,Race circuit,Valtteri Bottas,4,8,10450,1848,BHR,FIN,DEU,0,0,-668.0
2018,Mercedes,Bahrain International Circuit,Race circuit,Lewis Hamilton,4,8,12144,4039,BHR,GBR,DEU,0,0,-572.0
2018,Toro Rosso,Bahrain International Circuit,Race circuit,Pierre Gasly,4,8,8096,189,BHR,FRA,ITA,0,0,536.0
2018,Haas F1 Team,Bahrain International Circuit,Race circuit,Kevin Magnussen,4,8,9316,1484,BHR,DNK,USA,0,0,566.0
2018,Renault,Bahrain International Circuit,Race circuit,Nico Hülkenberg,4,8,11190,2947,BHR,DEU,FRA,0,0,394.0
2018,Force India,Bahrain International Circuit,Race circuit,Esteban Ocon,4,8,7873,588,BHR,FRA,IND,0,0,1082.0
2018,Renault,Bahrain International Circuit,Race circuit,Carlos Sainz,4,8,8620,1120,BHR,ESP,FRA,0,0,1010.0
2018,Ferrari,Bahrain International Circuit,Race circuit,Kimi Räikkönen,4,8,14053,6244,BHR,FIN,ITA,0,0,-692.0
2018,Red Bull,Bahrain International Circuit,Race circuit,Daniel Ricciardo,4,8,10508,2464,BHR,AUS,AUT,0,0,-394.0
2018,Red Bull,Shanghai International Circuit,Race circuit,Daniel Ricciardo,4,15,10515,2471,CHN,AUS,AUT,0,0,76.0
2018,Mercedes,Shanghai International Circuit,Race circuit,Valtteri Bottas,4,15,10457,1855,CHN,FIN,DEU,0,0,-247.0
2018,Ferrari,Shanghai International Circuit,Race circuit,Kimi Räikkönen,4,15,14060,6251,CHN,FIN,ITA,0,0,-690.0
2018,Mercedes,Shanghai International Circuit,Race circuit,Lewis Hamilton,4,15,12151,4046,CHN,GBR,DEU,0,0,-197.0
2018,Red Bull,Shanghai International Circuit,Race circuit,Max Verstappen,4,15,7502,1127,CHN,NLD,AUT,0,0,-76.0
2018,Renault,Shanghai International Circuit,Race circuit,Nico Hülkenberg,4,15,11197,2954,CHN,DEU,FRA,0,0,622.0
2018,Ferrari,Shanghai International Circuit,Race circuit,Sebastian Vettel,4,15,11244,3955,CHN,DEU,ITA,0,0,-777.0
2018,Renault,Shanghai International Circuit,Race circuit,Carlos Sainz,4,15,8627,1127,CHN,ESP,FRA,0,0,947.0
2018,Force India,Shanghai International Circuit,Race circuit,Sergio Pérez,4,15,10306,2576,CHN,MEX,IND,0,0,886.0
2018,Haas F1 Team,Shanghai International Circuit,Race circuit,Romain Grosjean,4,15,11686,3157,CHN,FRA,USA,0,0,652.0
2018,Mercedes,Baku City Circuit,Street circuit,Lewis Hamilton,4,29,12165,4060,AZE,GBR,DEU,0,0,-565.0
2018,Ferrari,Baku City Circuit,Street circuit,Kimi Räikkönen,4,29,14074,6265,AZE,FIN,ITA,0,0,248.0
2018,Force India,Baku City Circuit,Street circuit,Sergio Pérez,4,29,10320,2590,AZE,MEX,IND,0,0,305.0
2018,Ferrari,Baku City Circuit,Street circuit,Sebastian Vettel,4,29,11258,3969,AZE,DEU,ITA,0,0,-744.0
2018,Renault,Baku City Circuit,Street circuit,Carlos Sainz,4,29,8641,1141,AZE,ESP,FRA,0,0,1109.0
2018,Mercedes,Baku City Circuit,Street circuit,Valtteri Bottas,4,29,10471,1869,AZE,FIN,DEU,0,0,-405.0
2018,Red Bull,Baku City Circuit,Street circuit,Max Verstappen,4,29,7516,1141,AZE,NLD,AUT,0,0,-248.0
2018,Red Bull,Baku City Circuit,Street circuit,Daniel Ricciardo,4,29,10529,2485,AZE,AUS,AUT,0,0,-331.0
2018,Renault,Baku City Circuit,Street circuit,Nico Hülkenberg,4,29,11211,2968,AZE,DEU,FRA,0,0,824.0
2018,Force India,Baku City Circuit,Street circuit,Esteban Ocon,4,29,7894,609,AZE,FRA,IND,0,0,281.0
2018,Mercedes,Circuit de Barcelona-Catalunya,Race circuit,Lewis Hamilton,5,13,12179,4074,ESP,GBR,DEU,0,0,-644.0
2018,Mercedes,Circuit de Barcelona-Catalunya,Race circuit,Valtteri Bottas,5,13,10485,1883,ESP,FIN,DEU,0,0,-604.0
2018,Red Bull,Circuit de Barcelona-Catalunya,Race circuit,Max Verstappen,5,13,7530,1155,ESP,NLD,AUT,0,0,-1.0
2018,Ferrari,Circuit de Barcelona-Catalunya,Race circuit,Sebastian Vettel,5,13,11272,3983,ESP,DEU,ITA,0,0,-512.0
2018,Red Bull,Circuit de Barcelona-Catalunya,Race circuit,Daniel Ricciardo,5,13,10543,2499,ESP,AUS,AUT,0,0,1.0
2018,Haas F1 Team,Circuit de Barcelona-Catalunya,Race circuit,Kevin Magnussen,5,13,9351,1519,ESP,DNK,USA,0,0,801.0
2018,Renault,Circuit de Barcelona-Catalunya,Race circuit,Carlos Sainz,5,13,8655,1155,ESP,ESP,FRA,1,0,973.0
2018,McLaren,Circuit de Barcelona-Catalunya,Race circuit,Fernando Alonso,5,13,13437,6279,ESP,ESP,GBR,1,0,904.0
2018,Ferrari,Circuit de Barcelona-Catalunya,Race circuit,Kimi Räikkönen,5,13,14088,6279,ESP,FIN,ITA,0,0,-205.0
2018,Haas F1 Team,Circuit de Barcelona-Catalunya,Race circuit,Romain Grosjean,5,13,11714,3185,ESP,FRA,USA,0,0,882.0
2018,Red Bull,Circuit de Monaco,Street circuit,Daniel Ricciardo,5,27,10557,2513,MCO,AUS,AUT,0,0,-941.0
2018,Ferrari,Circuit de Monaco,Street circuit,Sebastian Vettel,5,27,11286,3997,MCO,DEU,ITA,0,0,-712.0
2018,Mercedes,Circuit de Monaco,Street circuit,Lewis Hamilton,5,27,12193,4088,MCO,GBR,DEU,0,0,-519.0
2018,Ferrari,Circuit de Monaco,Street circuit,Kimi Räikkönen,5,27,14102,6293,MCO,FIN,ITA,0,0,-485.0
2018,Mercedes,Circuit de Monaco,Street circuit,Valtteri Bottas,5,27,10499,1897,MCO,FIN,DEU,0,0,-310.0
2018,Force India,Circuit de Monaco,Street circuit,Esteban Ocon,5,27,7922,637,MCO,FRA,IND,0,0,310.0
2018,Toro Rosso,Circuit de Monaco,Street circuit,Pierre Gasly,5,27,8145,238,MCO,FRA,ITA,0,0,470.0
2018,Renault,Circuit de Monaco,Street circuit,Carlos Sainz,5,27,8669,1169,MCO,ESP,FRA,0,0,379.0
2018,Force India,Circuit de Monaco,Street circuit,Sergio Pérez,5,27,10348,2618,MCO,MEX,IND,0,0,403.0
2018,McLaren,Circuit de Monaco,Street circuit,Fernando Alonso,5,27,13451,6293,MCO,ESP,GBR,0,0,359.0
2018,Ferrari,Circuit Gilles Villeneuve,Street circuit,Sebastian Vettel,6,10,11300,4011,CAN,DEU,ITA,0,0,-342.0
2018,Mercedes,Circuit Gilles Villeneuve,Street circuit,Valtteri Bottas,6,10,10513,1911,CAN,FIN,DEU,0,0,-248.0
2018,Red Bull,Circuit Gilles Villeneuve,Street circuit,Max Verstappen,6,10,7558,1183,CAN,NLD,AUT,0,0,-168.0
2018,Red Bull,Circuit Gilles Villeneuve,Street circuit,Daniel Ricciardo,6,10,10571,2527,CAN,AUS,AUT,0,0,10.0
2018,Mercedes,Circuit Gilles Villeneuve,Street circuit,Lewis Hamilton,6,10,12207,4102,CAN,GBR,DEU,0,0,-110.0
2018,Ferrari,Circuit Gilles Villeneuve,Street circuit,Kimi Räikkönen,6,10,14116,6307,CAN,FIN,ITA,0,0,-10.0
2018,Renault,Circuit Gilles Villeneuve,Street circuit,Nico Hülkenberg,6,10,11253,3010,CAN,DEU,FRA,0,0,810.0
2018,Renault,Circuit Gilles Villeneuve,Street circuit,Carlos Sainz,6,10,8683,1183,CAN,ESP,FRA,0,0,992.0
2018,Force India,Circuit Gilles Villeneuve,Street circuit,Esteban Ocon,6,10,7936,651,CAN,FRA,IND,0,0,978.0
2018,Force India,Circuit Gilles Villeneuve,Street circuit,Sergio Pérez,6,10,10362,2632,CAN,MEX,IND,0,0,1290.0
2018,Mercedes,Circuit Paul Ricard,Race circuit,Lewis Hamilton,6,24,12221,4116,FRA,GBR,DEU,0,0,-743.0
2018,Red Bull,Circuit Paul Ricard,Race circuit,Max Verstappen,6,24,7572,1197,FRA,NLD,AUT,0,0,-67.0
2018,Ferrari,Circuit Paul Ricard,Race circuit,Kimi Räikkönen,6,24,14130,6321,FRA,FIN,ITA,0,0,0.0
2018,Red Bull,Circuit Paul Ricard,Race circuit,Daniel Ricciardo,6,24,10585,2541,FRA,AUS,AUT,0,0,123.0
2018,Ferrari,Circuit Paul Ricard,Race circuit,Sebastian Vettel,6,24,11314,4025,FRA,DEU,ITA,0,0,-372.0
2018,Haas F1 Team,Circuit Paul Ricard,Race circuit,Kevin Magnussen,6,24,9393,1561,FRA,DNK,USA,0,0,738.0
2018,Mercedes,Circuit Paul Ricard,Race circuit,Valtteri Bottas,6,24,10527,1925,FRA,FIN,DEU,0,0,-625.0
2018,Renault,Circuit Paul Ricard,Race circuit,Carlos Sainz,6,24,8697,1197,FRA,ESP,FRA,0,1,1244.0
2018,Sauber,Circuit Paul Ricard,Race circuit,Charles Leclerc,6,24,7556,91,FRA,MCO,CHE,0,0,1283.0
2018,Red Bull,Red Bull Ring,Race circuit,Max Verstappen,7,1,7579,1204,AUT,NLD,AUT,0,1,-26.0
2018,Ferrari,Red Bull Ring,Race circuit,Kimi Räikkönen,7,1,14137,6328,AUT,FIN,ITA,0,0,-206.0
2018,Ferrari,Red Bull Ring,Race circuit,Sebastian Vettel,7,1,11321,4032,AUT,DEU,ITA,0,0,-402.0
2018,Haas F1 Team,Red Bull Ring,Race circuit,Romain Grosjean,7,1,11763,3234,AUT,FRA,USA,0,0,26.0
2018,Haas F1 Team,Red Bull Ring,Race circuit,Kevin Magnussen,7,1,9400,1568,AUT,DNK,USA,0,0,185.0
2018,Renault,Red Bull Ring,Race circuit,Carlos Sainz,7,1,8704,1204,AUT,ESP,FRA,0,0,695.0
2018,Mercedes,Red Bull Ring,Race circuit,Lewis Hamilton,7,1,12228,4123,AUT,GBR,DEU,0,0,-717.0
2018,Red Bull,Red Bull Ring,Race circuit,Daniel Ricciardo,7,1,10592,2548,AUT,AUS,AUT,0,1,130.0
2018,Mercedes,Red Bull Ring,Race circuit,Valtteri Bottas,7,1,10534,1932,AUT,FIN,DEU,0,0,-736.0
2018,Renault,Red Bull Ring,Race circuit,Nico Hülkenberg,7,1,11274,3031,AUT,DEU,FRA,0,0,810.0
2018,Ferrari,Silverstone Circuit,Race circuit,Sebastian Vettel,7,8,11328,4039,GBR,DEU,ITA,0,0,-914.0
2018,Mercedes,Silverstone Circuit,Race circuit,Lewis Hamilton,7,8,12235,4130,GBR,GBR,DEU,1,0,-958.0
2018,Ferrari,Silverstone Circuit,Race circuit,Kimi Räikkönen,7,8,14144,6335,GBR,FIN,ITA,0,0,-860.0
2018,Mercedes,Silverstone Circuit,Race circuit,Valtteri Bottas,7,8,10541,1939,GBR,FIN,DEU,0,0,-634.0
2018,Red Bull,Silverstone Circuit,Race circuit,Daniel Ricciardo,7,8,10599,2555,GBR,AUS,AUT,0,0,248.0
2018,Force India,Silverstone Circuit,Race circuit,Esteban Ocon,7,8,7964,679,GBR,FRA,IND,0,0,992.0
2018,Haas F1 Team,Silverstone Circuit,Race circuit,Kevin Magnussen,7,8,9407,1575,GBR,DNK,USA,0,0,394.0
2018,Red Bull,Silverstone Circuit,Race circuit,Max Verstappen,7,8,7586,1211,GBR,NLD,AUT,0,0,-248.0
2018,Haas F1 Team,Silverstone Circuit,Race circuit,Romain Grosjean,7,8,11770,3241,GBR,FRA,USA,0,0,604.0
2018,Sauber,Silverstone Circuit,Race circuit,Charles Leclerc,7,8,7570,105,GBR,MCO,CHE,0,0,940.0
2018,Mercedes,Hockenheimring,Race circuit,Valtteri Bottas,7,22,10555,1953,DEU,FIN,DEU,0,1,-956.0
2018,Ferrari,Hockenheimring,Race circuit,Kimi Räikkönen,7,22,14158,6349,DEU,FIN,ITA,0,0,-825.0
2018,Red Bull,Hockenheimring,Race circuit,Max Verstappen,7,22,7600,1225,DEU,NLD,AUT,0,0,-550.0
2018,Renault,Hockenheimring,Race circuit,Nico Hülkenberg,7,22,11295,3052,DEU,DEU,FRA,1,0,188.0
2018,Haas F1 Team,Hockenheimring,Race circuit,Romain Grosjean,7,22,11784,3255,DEU,FRA,USA,0,0,172.0
2018,Force India,Hockenheimring,Race circuit,Sergio Pérez,7,22,10404,2674,DEU,MEX,IND,0,0,402.0
2018,Haas F1 Team,Hockenheimring,Race circuit,Kevin Magnussen,7,22,9421,1589,DEU,DNK,USA,0,0,-172.0
2018,Renault,Hockenheimring,Race circuit,Carlos Sainz,7,22,8725,1225,DEU,ESP,FRA,0,0,320.0
2018,Sauber,Hockenheimring,Race circuit,Charles Leclerc,7,22,7584,119,DEU,MCO,CHE,0,0,345.0
2018,Ferrari,Hockenheimring,Race circuit,Sebastian Vettel,7,22,11342,4053,DEU,DEU,ITA,1,0,-1160.0
2018,Mercedes,Hungaroring,Race circuit,Lewis Hamilton,7,29,12256,4151,HUN,GBR,DEU,0,0,-258.0
2018,Ferrari,Hungaroring,Race circuit,Sebastian Vettel,7,29,11349,4060,HUN,DEU,ITA,0,0,-1012.0
2018,Ferrari,Hungaroring,Race circuit,Kimi Räikkönen,7,29,14165,6356,HUN,FIN,ITA,0,0,-152.0
2018,Mercedes,Hungaroring,Race circuit,Valtteri Bottas,7,29,10562,1960,HUN,FIN,DEU,0,0,-554.0
2018,Toro Rosso,Hungaroring,Race circuit,Pierre Gasly,7,29,8208,301,HUN,FRA,ITA,0,0,900.0
2018,Haas F1 Team,Hungaroring,Race circuit,Kevin Magnussen,7,29,9428,1596,HUN,DNK,USA,0,0,636.0
2018,Renault,Hungaroring,Race circuit,Carlos Sainz,7,29,8732,1232,HUN,ESP,FRA,0,0,152.0
2018,Haas F1 Team,Hungaroring,Race circuit,Romain Grosjean,7,29,11791,3262,HUN,FRA,USA,0,0,224.0
2018,Toro Rosso,Hungaroring,Race circuit,Brendon Hartley,7,29,10488,280,HUN,NZL,ITA,0,0,752.0
2018,Red Bull,Hungaroring,Race circuit,Max Verstappen,7,29,7607,1232,HUN,NLD,AUT,0,0,-738.0
2018,Ferrari,Circuit de Spa-Francorchamps,Race circuit,Sebastian Vettel,8,26,11377,4088,BEL,DEU,ITA,0,0,-1513.0
2018,Mercedes,Circuit de Spa-Francorchamps,Race circuit,Lewis Hamilton,8,26,12284,4179,BEL,GBR,DEU,0,0,-1461.0
2018,Red Bull,Circuit de Spa-Francorchamps,Race circuit,Max Verstappen,8,26,7635,1260,BEL,NLD,AUT,0,0,-460.0
2018,Force India,Circuit de Spa-Francorchamps,Race circuit,Sergio Pérez,8,26,10439,2709,BEL,MEX,IND,0,0,0.0
2018,Force India,Circuit de Spa-Francorchamps,Race circuit,Esteban Ocon,8,26,8013,728,BEL,FRA,IND,0,0,288.0
2018,Haas F1 Team,Circuit de Spa-Francorchamps,Race circuit,Romain Grosjean,8,26,11819,3290,BEL,FRA,USA,0,0,28.0
2018,Haas F1 Team,Circuit de Spa-Francorchamps,Race circuit,Kevin Magnussen,8,26,9456,1624,BEL,DNK,USA,0,0,306.0
2018,Red Bull,Circuit de Spa-Francorchamps,Race circuit,Daniel Ricciardo,8,26,10648,2604,BEL,AUS,AUT,0,0,112.0
2018,Ferrari,Circuit de Spa-Francorchamps,Race circuit,Kimi Räikkönen,8,26,14193,6384,BEL,FIN,ITA,0,0,-1481.0
2018,Mercedes,Autodromo Nazionale di Monza,Race circuit,Lewis Hamilton,9,2,12291,4186,ITA,GBR,DEU,0,0,-1340.0
2018,Ferrari,Autodromo Nazionale di Monza,Race circuit,Kimi Räikkönen,9,2,14200,6391,ITA,FIN,ITA,0,1,-1516.0
2018,Mercedes,Autodromo Nazionale di Monza,Race circuit,Valtteri Bottas,9,2,10597,1995,ITA,FIN,DEU,0,0,-978.0
2018,Ferrari,Autodromo Nazionale di Monza,Race circuit,Sebastian Vettel,9,2,11384,4095,ITA,DEU,ITA,0,1,-1354.0
2018,Red Bull,Autodromo Nazionale di Monza,Race circuit,Max Verstappen,9,2,7642,1267,ITA,NLD,AUT,0,0,-302.0
2018,Force India,Autodromo Nazionale di Monza,Race circuit,Esteban Ocon,9,2,8020,735,ITA,FRA,IND,0,0,464.0
2018,Renault,Autodromo Nazionale di Monza,Race circuit,Carlos Sainz,9,2,8767,1267,ITA,ESP,FRA,0,0,406.0
2018,Williams,Autodromo Nazionale di Monza,Race circuit,Lance Stroll,9,2,7248,525,ITA,CAN,GBR,0,0,860.0
2018,Toro Rosso,Autodromo Nazionale di Monza,Race circuit,Pierre Gasly,9,2,8243,336,ITA,FRA,ITA,0,1,716.0
2018,Haas F1 Team,Autodromo Nazionale di Monza,Race circuit,Romain Grosjean,9,2,11826,3297,ITA,FRA,USA,0,0,302.0
2018,Mercedes,Marina Bay Street Circuit,Street circuit,Lewis Hamilton,9,16,12305,4200,SGP,GBR,DEU,0,0,-880.0
2018,Red Bull,Marina Bay Street Circuit,Street circuit,Max Verstappen,9,16,7656,1281,SGP,NLD,AUT,0,0,-561.0
2018,Ferrari,Marina Bay Street Circuit,Street circuit,Sebastian Vettel,9,16,11398,4109,SGP,DEU,ITA,0,0,-267.0
2018,Mercedes,Marina Bay Street Circuit,Street circuit,Valtteri Bottas,9,16,10611,2009,SGP,FIN,DEU,0,0,-193.0
2018,Ferrari,Marina Bay Street Circuit,Street circuit,Kimi Räikkönen,9,16,14214,6405,SGP,FIN,ITA,0,0,-101.0
2018,Red Bull,Marina Bay Street Circuit,Street circuit,Daniel Ricciardo,9,16,10669,2625,SGP,AUS,AUT,0,0,101.0
2018,Renault,Marina Bay Street Circuit,Street circuit,Nico Hülkenberg,9,16,11351,3108,SGP,DEU,FRA,0,0,1555.0
2018,Haas F1 Team,Marina Bay Street Circuit,Street circuit,Romain Grosjean,9,16,11840,3311,SGP,FRA,USA,0,0,1425.0
2018,Force India,Marina Bay Street Circuit,Street circuit,Sergio Pérez,9,16,10460,2730,SGP,MEX,IND,0,0,1090.0
2018,Force India,Marina Bay Street Circuit,Street circuit,Esteban Ocon,9,16,8034,749,SGP,FRA,IND,0,0,1470.0
2018,Mercedes,Sochi Autodrom,Race circuit,Lewis Hamilton,9,30,12319,4214,RUS,GBR,DEU,0,0,-1765.0
2018,Mercedes,Sochi Autodrom,Race circuit,Valtteri Bottas,9,30,10625,2023,RUS,FIN,DEU,0,0,-1910.0
2018,Ferrari,Sochi Autodrom,Race circuit,Sebastian Vettel,9,30,11412,4123,RUS,DEU,ITA,0,0,-1354.0
2018,Ferrari,Sochi Autodrom,Race circuit,Kimi Räikkönen,9,30,14228,6419,RUS,FIN,ITA,0,0,-1060.0
2018,Sauber,Sochi Autodrom,Race circuit,Charles Leclerc,9,30,7654,189,RUS,MCO,CHE,0,0,122.0
2018,Haas F1 Team,Sochi Autodrom,Race circuit,Kevin Magnussen,9,30,9491,1659,RUS,DNK,USA,0,0,-116.0
2018,Force India,Sochi Autodrom,Race circuit,Esteban Ocon,9,30,8048,763,RUS,FRA,IND,0,0,116.0
2018,Force India,Sochi Autodrom,Race circuit,Sergio Pérez,9,30,10474,2744,RUS,MEX,IND,0,0,266.0
2018,Haas F1 Team,Sochi Autodrom,Race circuit,Romain Grosjean,9,30,11854,3325,RUS,FRA,USA,0,0,220.0
2018,Sauber,Sochi Autodrom,Race circuit,Marcus Ericsson,9,30,10255,1659,RUS,SWE,CHE,0,0,698.0
2018,Mercedes,Suzuka Circuit,Race circuit,Lewis Hamilton,10,7,12326,4221,JPN,GBR,DEU,0,0,-1434.0
2018,Mercedes,Suzuka Circuit,Race circuit,Valtteri Bottas,10,7,10632,2030,JPN,FIN,DEU,0,0,-1206.0
2018,Red Bull,Suzuka Circuit,Race circuit,Max Verstappen,10,7,7677,1302,JPN,NLD,AUT,0,0,-344.0
2018,Ferrari,Suzuka Circuit,Race circuit,Kimi Räikkönen,10,7,14235,6426,JPN,FIN,ITA,0,0,-598.0
2018,Ferrari,Suzuka Circuit,Race circuit,Sebastian Vettel,10,7,11419,4130,JPN,DEU,ITA,0,0,-914.0
2018,Force India,Suzuka Circuit,Race circuit,Sergio Pérez,10,7,10481,2751,JPN,MEX,IND,0,0,374.0
2018,Haas F1 Team,Suzuka Circuit,Race circuit,Romain Grosjean,10,7,11861,3332,JPN,FRA,USA,0,0,484.0
2018,Force India,Suzuka Circuit,Race circuit,Esteban Ocon,10,7,8055,770,JPN,FRA,IND,0,0,344.0
2018,Toro Rosso,Suzuka Circuit,Race circuit,Pierre Gasly,10,7,8278,371,JPN,FRA,ITA,0,0,616.0
2018,Toro Rosso,Suzuka Circuit,Race circuit,Brendon Hartley,10,7,10558,350,JPN,NZL,ITA,0,0,654.0
2018,Ferrari,Circuit of the Americas,Race circuit,Kimi Räikkönen,10,21,14249,6440,USA,FIN,ITA,0,0,-1512.0
2018,Mercedes,Circuit of the Americas,Race circuit,Lewis Hamilton,10,21,12340,4235,USA,GBR,DEU,0,0,-1582.0
2018,Ferrari,Circuit of the Americas,Race circuit,Sebastian Vettel,10,21,11433,4144,USA,DEU,ITA,0,0,-1522.0
2018,Mercedes,Circuit of the Americas,Race circuit,Valtteri Bottas,10,21,10646,2044,USA,FIN,DEU,0,0,-1204.0
2018,Renault,Circuit of the Americas,Race circuit,Nico Hülkenberg,10,21,11386,3143,USA,DEU,FRA,0,0,396.0
2018,Force India,Circuit of the Americas,Race circuit,Sergio Pérez,10,21,10495,2765,USA,MEX,IND,0,0,706.0
2018,Sauber,Circuit of the Americas,Race circuit,Charles Leclerc,10,21,7675,210,USA,MCO,CHE,0,0,436.0
2018,Red Bull,Circuit of the Americas,Race circuit,Daniel Ricciardo,10,21,10704,2660,USA,AUS,AUT,0,0,-326.0
2018,Haas F1 Team,Circuit of the Americas,Race circuit,Romain Grosjean,10,21,11875,3346,USA,FRA,USA,0,1,430.0
2018,Force India,Circuit of the Americas,Race circuit,Esteban Ocon,10,21,8069,784,USA,FRA,IND,0,0,326.0
2018,Red Bull,Autódromo Hermanos Rodríguez,Race circuit,Max Verstappen,10,28,7698,1323,MEX,NLD,AUT,0,0,-460.0
2018,Ferrari,Autódromo Hermanos Rodríguez,Race circuit,Sebastian Vettel,10,28,11440,4151,MEX,DEU,ITA,0,0,-275.0
2018,Ferrari,Autódromo Hermanos Rodríguez,Race circuit,Kimi Räikkönen,10,28,14256,6447,MEX,FIN,ITA,0,0,85.0
2018,Mercedes,Autódromo Hermanos Rodríguez,Race circuit,Lewis Hamilton,10,28,12347,4242,MEX,GBR,DEU,0,0,-351.0
2018,Mercedes,Autódromo Hermanos Rodríguez,Race circuit,Valtteri Bottas,10,28,10653,2051,MEX,FIN,DEU,0,0,-85.0
2018,Renault,Autódromo Hermanos Rodríguez,Race circuit,Nico Hülkenberg,10,28,11393,3150,MEX,DEU,FRA,0,0,582.0
2018,Sauber,Autódromo Hermanos Rodríguez,Race circuit,Charles Leclerc,10,28,7682,217,MEX,MCO,CHE,0,0,944.0
2018,Sauber,Autódromo Hermanos Rodríguez,Race circuit,Marcus Ericsson,10,28,10283,1687,MEX,SWE,CHE,0,0,1268.0
2018,Red Bull,Autódromo Hermanos Rodríguez,Race circuit,Daniel Ricciardo,10,28,10711,2667,MEX,AUS,AUT,0,0,-486.0
2018,Renault,Autódromo Hermanos Rodríguez,Race circuit,Carlos Sainz,10,28,8823,1323,MEX,ESP,FRA,0,0,839.0
2018,Mercedes,Autódromo José Carlos Pace,Race circuit,Lewis Hamilton,11,11,12361,4256,BRA,GBR,DEU,0,0,-498.0
2018,Red Bull,Autódromo José Carlos Pace,Race circuit,Max Verstappen,11,11,7712,1337,BRA,NLD,AUT,0,0,-1.0
2018,Ferrari,Autódromo José Carlos Pace,Race circuit,Kimi Räikkönen,11,11,14270,6461,BRA,FIN,ITA,0,0,-323.0
2018,Red Bull,Autódromo José Carlos Pace,Race circuit,Daniel Ricciardo,11,11,10725,2681,BRA,AUS,AUT,0,0,1.0
2018,Mercedes,Autódromo José Carlos Pace,Race circuit,Valtteri Bottas,11,11,10667,2065,BRA,FIN,DEU,0,0,-338.0
2018,Ferrari,Autódromo José Carlos Pace,Race circuit,Sebastian Vettel,11,11,11454,4165,BRA,DEU,ITA,0,0,-405.0
2018,Sauber,Autódromo José Carlos Pace,Race circuit,Charles Leclerc,11,11,7696,231,BRA,MCO,CHE,0,0,556.0
2018,Haas F1 Team,Autódromo José Carlos Pace,Race circuit,Romain Grosjean,11,11,11896,3367,BRA,FRA,USA,0,0,460.0
2018,Toro Rosso,Autódromo José Carlos Pace,Race circuit,Pierre Gasly,11,11,8313,406,BRA,FRA,ITA,0,0,837.0
2018,Sauber,Autódromo José Carlos Pace,Race circuit,Marcus Ericsson,11,11,10297,1701,BRA,SWE,CHE,0,0,517.0
2018,Mercedes,Yas Marina Circuit,Race circuit,Lewis Hamilton,11,25,12375,4270,ARE,GBR,DEU,0,0,-701.0
2018,Ferrari,Yas Marina Circuit,Race circuit,Sebastian Vettel,11,25,11468,4179,ARE,DEU,ITA,0,0,-370.0
2018,Red Bull,Yas Marina Circuit,Race circuit,Max Verstappen,11,25,7726,1351,ARE,NLD,AUT,0,0,94.0
2018,Red Bull,Yas Marina Circuit,Race circuit,Daniel Ricciardo,11,25,10739,2695,ARE,AUS,AUT,0,0,-94.0
2018,Mercedes,Yas Marina Circuit,Race circuit,Valtteri Bottas,11,25,10681,2079,ARE,FIN,DEU,0,0,-539.0
2018,Sauber,Yas Marina Circuit,Race circuit,Charles Leclerc,11,25,7710,245,ARE,MCO,CHE,0,0,742.0
2018,Haas F1 Team,Yas Marina Circuit,Race circuit,Romain Grosjean,11,25,11910,3381,ARE,FRA,USA,0,0,697.0
2018,Force India,Yas Marina Circuit,Race circuit,Esteban Ocon,11,25,8104,819,ARE,FRA,IND,0,0,1045.0
2018,Ferrari,Yas Marina Circuit,Race circuit,Kimi Räikkönen,11,25,14284,6475,ARE,FIN,ITA,0,0,-130.0
2018,Renault,Yas Marina Circuit,Race circuit,Nico Hülkenberg,11,25,11421,3178,ARE,DEU,FRA,0,0,1047.0
2019,Mercedes,Albert Park Grand Prix Circuit,Street circuit,Valtteri Bottas,3,17,10793,2191,AUS,FIN,DEU,0,0,-1036.0
2019,Mercedes,Albert Park Grand Prix Circuit,Street circuit,Lewis Hamilton,3,17,12487,4382,AUS,GBR,DEU,0,0,-1148.0
2019,Red Bull,Albert Park Grand Prix Circuit,Street circuit,Max Verstappen,3,17,7838,1463,AUS,NLD,AUT,0,0,-314.0
2019,Ferrari,Albert Park Grand Prix Circuit,Street circuit,Sebastian Vettel,3,17,11580,4291,AUS,DEU,ITA,0,0,-444.0
2019,Ferrari,Albert Park Grand Prix Circuit,Street circuit,Charles Leclerc,3,17,7822,357,AUS,MCO,ITA,0,0,-192.0
2019,Haas F1 Team,Albert Park Grand Prix Circuit,Street circuit,Kevin Magnussen,3,17,9659,1827,AUS,DNK,USA,0,0,465.0
2019,Alfa Romeo,Albert Park Grand Prix Circuit,Street circuit,Kimi Räikkönen,3,17,14396,6587,AUS,FIN,CHE,0,0,680.0
2019,McLaren,Albert Park Grand Prix Circuit,Street circuit,Lando Norris,3,17,7064,0,AUS,GBR,GBR,0,0,670.0
2019,Racing Point,Albert Park Grand Prix Circuit,Street circuit,Sergio Pérez,3,17,10642,2912,AUS,MEX,GBR,0,0,898.0
2019,Haas F1 Team,Albert Park Grand Prix Circuit,Street circuit,Romain Grosjean,3,17,12022,3493,AUS,FRA,USA,0,0,192.0
2019,Mercedes,Bahrain International Circuit,Race circuit,Lewis Hamilton,3,31,12501,4396,BHR,GBR,DEU,0,0,-564.0
2019,Mercedes,Bahrain International Circuit,Race circuit,Valtteri Bottas,3,31,10807,2205,BHR,FIN,DEU,0,0,-498.0
2019,Ferrari,Bahrain International Circuit,Race circuit,Charles Leclerc,3,31,7836,371,BHR,MCO,ITA,0,0,-888.0
2019,Red Bull,Bahrain International Circuit,Race circuit,Max Verstappen,3,31,7852,1477,BHR,NLD,AUT,0,0,-2.0
2019,Ferrari,Bahrain International Circuit,Race circuit,Sebastian Vettel,3,31,11594,4305,BHR,DEU,ITA,0,0,-594.0
2019,McLaren,Bahrain International Circuit,Race circuit,Lando Norris,3,31,7078,14,BHR,GBR,GBR,0,0,288.0
2019,Alfa Romeo,Bahrain International Circuit,Race circuit,Kimi Räikkönen,3,31,14410,6601,BHR,FIN,CHE,0,0,268.0
2019,Haas F1 Team,Bahrain International Circuit,Race circuit,Kevin Magnussen,3,31,9673,1841,BHR,DNK,USA,0,0,2.0
2019,McLaren,Bahrain International Circuit,Race circuit,Carlos Sainz,3,31,8977,1477,BHR,ESP,GBR,0,0,58.0
2019,Haas F1 Team,Bahrain International Circuit,Race circuit,Romain Grosjean,3,31,12036,3507,BHR,FRA,USA,0,0,260.0
2019,Mercedes,Shanghai International Circuit,Race circuit,Lewis Hamilton,4,14,12515,4410,CHN,GBR,DEU,0,0,-407.0
2019,Mercedes,Shanghai International Circuit,Race circuit,Valtteri Bottas,4,14,10821,2219,CHN,FIN,DEU,0,0,-430.0
2019,Ferrari,Shanghai International Circuit,Race circuit,Sebastian Vettel,4,14,11608,4319,CHN,DEU,ITA,0,0,-129.0
2019,Red Bull,Shanghai International Circuit,Race circuit,Max Verstappen,4,14,7866,1491,CHN,NLD,AUT,0,0,112.0
2019,Ferrari,Shanghai International Circuit,Race circuit,Charles Leclerc,4,14,7850,385,CHN,MCO,ITA,0,0,-112.0
2019,Red Bull,Shanghai International Circuit,Race circuit,Pierre Gasly,4,14,8467,560,CHN,FRA,AUT,0,0,953.0
2019,Renault,Shanghai International Circuit,Race circuit,Daniel Ricciardo,4,14,10879,2835,CHN,AUS,FRA,0,0,981.0
2019,Renault,Shanghai International Circuit,Race circuit,Nico Hülkenberg,4,14,11561,3318,CHN,DEU,FRA,0,0,985.0
2019,Mercedes,Baku City Circuit,Street circuit,Valtteri Bottas,4,28,10835,2233,AZE,FIN,DEU,0,0,-836.0
2019,Mercedes,Baku City Circuit,Street circuit,Lewis Hamilton,4,28,12529,4424,AZE,GBR,DEU,0,0,-777.0
2019,Ferrari,Baku City Circuit,Street circuit,Sebastian Vettel,4,28,11622,4333,AZE,DEU,ITA,0,0,-534.0
2019,Red Bull,Baku City Circuit,Street circuit,Max Verstappen,4,28,7880,1505,AZE,NLD,AUT,0,0,-262.0
2019,Racing Point,Baku City Circuit,Street circuit,Sergio Pérez,4,28,10684,2954,AZE,MEX,GBR,0,0,262.0
2019,McLaren,Baku City Circuit,Street circuit,Lando Norris,4,28,7106,42,AZE,GBR,GBR,0,0,555.0
2019,Alfa Romeo,Baku City Circuit,Street circuit,Antonio Giovinazzi,4,28,9266,763,AZE,ITA,CHE,0,0,809.0
2019,Toro Rosso,Baku City Circuit,Street circuit,Daniil Kvyat,4,28,9133,1869,AZE,RUS,ITA,0,0,350.0
2019,Mercedes,Circuit de Barcelona-Catalunya,Race circuit,Lewis Hamilton,5,12,12543,4438,ESP,GBR,DEU,0,0,-610.0
2019,Mercedes,Circuit de Barcelona-Catalunya,Race circuit,Valtteri Bottas,5,12,10849,2247,ESP,FIN,DEU,0,0,-1242.0
2019,Red Bull,Circuit de Barcelona-Catalunya,Race circuit,Max Verstappen,5,12,7894,1519,ESP,NLD,AUT,0,0,-291.0
2019,Ferrari,Circuit de Barcelona-Catalunya,Race circuit,Sebastian Vettel,5,12,11636,4347,ESP,DEU,ITA,0,0,-376.0
2019,Ferrari,Circuit de Barcelona-Catalunya,Race circuit,Charles Leclerc,5,12,7878,413,ESP,MCO,ITA,0,0,-60.0
2019,Red Bull,Circuit de Barcelona-Catalunya,Race circuit,Pierre Gasly,5,12,8495,588,ESP,FRA,AUT,0,0,60.0
2019,Haas F1 Team,Circuit de Barcelona-Catalunya,Race circuit,Kevin Magnussen,5,12,9715,1883,ESP,DNK,USA,0,0,274.0
2019,Toro Rosso,Circuit de Barcelona-Catalunya,Race circuit,Daniil Kvyat,5,12,9147,1883,ESP,RUS,ITA,0,0,595.0
2019,Haas F1 Team,Circuit de Barcelona-Catalunya,Race circuit,Romain Grosjean,5,12,12078,3549,ESP,FRA,USA,0,0,263.0
2019,Renault,Circuit de Barcelona-Catalunya,Race circuit,Daniel Ricciardo,5,12,10907,2863,ESP,AUS,FRA,0,0,651.0
2019,Mercedes,Circuit de Monaco,Street circuit,Lewis Hamilton,5,26,12557,4452,MCO,GBR,DEU,0,0,-909.0
2019,Ferrari,Circuit de Monaco,Street circuit,Sebastian Vettel,5,26,11650,4361,MCO,DEU,ITA,0,0,-128.0
2019,Mercedes,Circuit de Monaco,Street circuit,Valtteri Bottas,5,26,10863,2261,MCO,FIN,DEU,0,0,-823.0
2019,Red Bull,Circuit de Monaco,Street circuit,Max Verstappen,5,26,7908,1533,MCO,NLD,AUT,0,0,-457.0
2019,Red Bull,Circuit de Monaco,Street circuit,Pierre Gasly,5,26,8509,602,MCO,FRA,AUT,0,0,-34.0
2019,McLaren,Circuit de Monaco,Street circuit,Carlos Sainz,5,26,9033,1533,MCO,ESP,GBR,0,0,342.0
2019,Toro Rosso,Circuit de Monaco,Street circuit,Daniil Kvyat,5,26,9161,1897,MCO,RUS,ITA,0,0,196.0
2019,Toro Rosso,Circuit de Monaco,Street circuit,Alexander Albon,5,26,8464,70,MCO,THA,ITA,0,0,354.0
2019,Renault,Circuit de Monaco,Street circuit,Daniel Ricciardo,5,26,10921,2877,MCO,AUS,FRA,0,0,143.0
2019,Haas F1 Team,Circuit de Monaco,Street circuit,Kevin Magnussen,5,26,9729,1897,MCO,DNK,USA,0,0,34.0
2019,Mercedes,Circuit Gilles Villeneuve,Street circuit,Lewis Hamilton,6,9,12571,4466,CAN,GBR,DEU,0,0,-633.0
2019,Ferrari,Circuit Gilles Villeneuve,Street circuit,Sebastian Vettel,6,9,11664,4375,CAN,DEU,ITA,0,0,-839.0
2019,Ferrari,Circuit Gilles Villeneuve,Street circuit,Charles Leclerc,6,9,7906,441,CAN,MCO,ITA,0,0,-159.0
2019,Mercedes,Circuit Gilles Villeneuve,Street circuit,Valtteri Bottas,6,9,10877,2275,CAN,FIN,DEU,0,0,16.0
2019,Renault,Circuit Gilles Villeneuve,Street circuit,Daniel Ricciardo,6,9,10935,2891,CAN,AUS,FRA,0,0,-8.0
2019,Renault,Circuit Gilles Villeneuve,Street circuit,Nico Hülkenberg,6,9,11617,3374,CAN,DEU,FRA,0,0,245.0
2019,Red Bull,Circuit Gilles Villeneuve,Street circuit,Pierre Gasly,6,9,8523,616,CAN,FRA,AUT,0,0,0.0
2019,McLaren,Circuit Gilles Villeneuve,Street circuit,Carlos Sainz,6,9,9047,1547,CAN,ESP,GBR,0,0,493.0
2019,McLaren,Circuit Gilles Villeneuve,Street circuit,Lando Norris,6,9,7148,84,CAN,GBR,GBR,0,0,656.0
2019,Mercedes,Circuit Paul Ricard,Race circuit,Lewis Hamilton,6,23,12585,4480,FRA,GBR,DEU,0,0,-1143.0
2019,Mercedes,Circuit Paul Ricard,Race circuit,Valtteri Bottas,6,23,10891,2289,FRA,FIN,DEU,0,0,-857.0
2019,Ferrari,Circuit Paul Ricard,Race circuit,Charles Leclerc,6,23,7920,455,FRA,MCO,ITA,0,0,-497.0
2019,Red Bull,Circuit Paul Ricard,Race circuit,Max Verstappen,6,23,7936,1561,FRA,NLD,AUT,0,0,-53.0
2019,Ferrari,Circuit Paul Ricard,Race circuit,Sebastian Vettel,6,23,11678,4389,FRA,DEU,ITA,0,0,44.0
2019,McLaren,Circuit Paul Ricard,Race circuit,Carlos Sainz,6,23,9061,1561,FRA,ESP,GBR,0,0,60.0
2019,McLaren,Circuit Paul Ricard,Race circuit,Lando Norris,6,23,7162,98,FRA,GBR,GBR,0,0,-44.0
2019,Red Bull,Circuit Paul Ricard,Race circuit,Pierre Gasly,6,23,8537,630,FRA,FRA,AUT,1,0,722.0
2019,Renault,Circuit Paul Ricard,Race circuit,Daniel Ricciardo,6,23,10949,2905,FRA,AUS,FRA,0,1,456.0
2019,Alfa Romeo,Circuit Paul Ricard,Race circuit,Antonio Giovinazzi,6,23,9322,819,FRA,ITA,CHE,0,0,946.0
2019,Red Bull,Red Bull Ring,Race circuit,Max Verstappen,6,30,7943,1568,AUT,NLD,AUT,0,1,-549.0
2019,Ferrari,Red Bull Ring,Race circuit,Charles Leclerc,6,30,7927,462,AUT,MCO,ITA,0,0,-985.0
2019,Mercedes,Red Bull Ring,Race circuit,Valtteri Bottas,6,30,10898,2296,AUT,FIN,DEU,0,0,-451.0
2019,Mercedes,Red Bull Ring,Race circuit,Lewis Hamilton,6,30,12592,4487,AUT,GBR,DEU,0,0,-726.0
2019,McLaren,Red Bull Ring,Race circuit,Lando Norris,6,30,7169,105,AUT,GBR,GBR,0,0,111.0
2019,Red Bull,Red Bull Ring,Race circuit,Pierre Gasly,6,30,8544,637,AUT,FRA,AUT,0,1,0.0
2019,Alfa Romeo,Red Bull Ring,Race circuit,Kimi Räikkönen,6,30,14501,6692,AUT,FIN,CHE,0,0,68.0
2019,Alfa Romeo,Red Bull Ring,Race circuit,Antonio Giovinazzi,6,30,9329,826,AUT,ITA,CHE,0,0,191.0
2019,Haas F1 Team,Red Bull Ring,Race circuit,Kevin Magnussen,6,30,9764,1932,AUT,DNK,USA,0,0,84.0
2019,Mercedes,Silverstone Circuit,Race circuit,Lewis Hamilton,7,14,12606,4501,GBR,GBR,DEU,1,0,-590.0
2019,Mercedes,Silverstone Circuit,Race circuit,Valtteri Bottas,7,14,10912,2310,GBR,FIN,DEU,0,0,-596.0
2019,Ferrari,Silverstone Circuit,Race circuit,Charles Leclerc,7,14,7941,476,GBR,MCO,ITA,0,0,-516.0
2019,Red Bull,Silverstone Circuit,Race circuit,Pierre Gasly,7,14,8558,651,GBR,FRA,AUT,0,0,-98.0
2019,Red Bull,Silverstone Circuit,Race circuit,Max Verstappen,7,14,7957,1582,GBR,NLD,AUT,0,0,-412.0
2019,Renault,Silverstone Circuit,Race circuit,Daniel Ricciardo,7,14,10970,2926,GBR,AUS,FRA,0,0,494.0
2019,Renault,Silverstone Circuit,Race circuit,Nico Hülkenberg,7,14,11652,3409,GBR,DEU,FRA,0,0,698.0
2019,McLaren,Silverstone Circuit,Race circuit,Lando Norris,7,14,7183,119,GBR,GBR,GBR,1,1,390.0
2019,Toro Rosso,Silverstone Circuit,Race circuit,Alexander Albon,7,14,8513,119,GBR,THA,ITA,0,0,656.0
2019,Ferrari,Silverstone Circuit,Race circuit,Sebastian Vettel,7,14,11699,4410,GBR,DEU,ITA,0,0,98.0
2019,Red Bull,Hockenheimring,Race circuit,Max Verstappen,7,28,7971,1596,DEU,NLD,AUT,0,0,-406.0
2019,McLaren,Hockenheimring,Race circuit,Carlos Sainz,7,28,9096,1596,DEU,ESP,GBR,0,0,113.0
2019,Haas F1 Team,Hockenheimring,Race circuit,Romain Grosjean,7,28,12155,3626,DEU,FRA,USA,0,0,250.0
2019,Mercedes,Hockenheimring,Race circuit,Lewis Hamilton,7,28,12620,4515,DEU,GBR,DEU,0,1,-752.0
2019,Alfa Romeo,Hockenheimring,Race circuit,Kimi Räikkönen,7,28,14529,6720,DEU,FIN,CHE,0,0,0.0
2019,Red Bull,Hockenheimring,Race circuit,Pierre Gasly,7,28,8572,665,DEU,FRA,AUT,0,0,-134.0
2019,Mercedes,Hockenheimring,Race circuit,Valtteri Bottas,7,28,10926,2324,DEU,FIN,DEU,0,1,-390.0
2019,Renault,Hockenheimring,Race circuit,Nico Hülkenberg,7,28,11666,3423,DEU,DEU,FRA,1,0,247.0
2019,Racing Point,Hockenheimring,Race circuit,Sergio Pérez,7,28,10775,3045,DEU,MEX,GBR,0,0,257.0
2019,Mercedes,Hungaroring,Race circuit,Lewis Hamilton,8,4,12627,4522,HUN,GBR,DEU,0,0,-492.0
2019,Red Bull,Hungaroring,Race circuit,Max Verstappen,8,4,7978,1603,HUN,NLD,AUT,0,0,-688.0
2019,Ferrari,Hungaroring,Race circuit,Sebastian Vettel,8,4,11720,4431,HUN,DEU,ITA,0,0,-190.0
2019,Ferrari,Hungaroring,Race circuit,Charles Leclerc,8,4,7962,497,HUN,MCO,ITA,0,0,-218.0
2019,McLaren,Hungaroring,Race circuit,Carlos Sainz,8,4,9103,1603,HUN,ESP,GBR,0,0,592.0
2019,Red Bull,Hungaroring,Race circuit,Pierre Gasly,8,4,8579,672,HUN,FRA,AUT,0,0,190.0
2019,Alfa Romeo,Hungaroring,Race circuit,Kimi Räikkönen,8,4,14536,6727,HUN,FIN,CHE,0,0,780.0
2019,Mercedes,Hungaroring,Race circuit,Valtteri Bottas,8,4,10933,2331,HUN,FIN,DEU,0,0,-670.0
2019,McLaren,Hungaroring,Race circuit,Lando Norris,8,4,7204,140,HUN,GBR,GBR,0,0,540.0
2019,Haas F1 Team,Hungaroring,Race circuit,Romain Grosjean,8,4,12162,3633,HUN,FRA,USA,0,0,752.0
2019,Ferrari,Circuit de Spa-Francorchamps,Race circuit,Charles Leclerc,9,1,7990,525,BEL,MCO,ITA,0,0,-1378.0
2019,Mercedes,Circuit de Spa-Francorchamps,Race circuit,Lewis Hamilton,9,1,12655,4550,BEL,GBR,DEU,0,0,-614.0
2019,Mercedes,Circuit de Spa-Francorchamps,Race circuit,Valtteri Bottas,9,1,10961,2359,BEL,FIN,DEU,0,0,-482.0
2019,Ferrari,Circuit de Spa-Francorchamps,Race circuit,Sebastian Vettel,9,1,11748,4459,BEL,DEU,ITA,0,0,-860.0
2019,Racing Point,Circuit de Spa-Francorchamps,Race circuit,Sergio Pérez,9,1,10810,3080,BEL,MEX,GBR,0,0,810.0
2019,Renault,Circuit de Spa-Francorchamps,Race circuit,Nico Hülkenberg,9,1,11701,3458,BEL,DEU,FRA,0,0,646.0
2019,Haas F1 Team,Circuit de Spa-Francorchamps,Race circuit,Kevin Magnussen,9,1,9827,1995,BEL,DNK,USA,0,0,842.0
2019,Renault,Circuit de Spa-Francorchamps,Race circuit,Daniel Ricciardo,9,1,11019,2975,BEL,AUS,FRA,0,0,206.0
2019,Alfa Romeo,Circuit de Spa-Francorchamps,Race circuit,Kimi Räikkönen,9,1,14564,6755,BEL,FIN,CHE,0,0,244.0
2019,Red Bull,Circuit de Spa-Francorchamps,Race circuit,Max Verstappen,9,1,8006,1631,BEL,NLD,AUT,0,0,-206.0
2019,Ferrari,Autodromo Nazionale di Monza,Race circuit,Charles Leclerc,9,8,7997,532,ITA,MCO,ITA,0,1,-150.0
2019,Mercedes,Autodromo Nazionale di Monza,Race circuit,Valtteri Bottas,9,8,10968,2366,ITA,FIN,DEU,0,0,-103.0
2019,Mercedes,Autodromo Nazionale di Monza,Race circuit,Lewis Hamilton,9,8,12662,4557,ITA,GBR,DEU,0,0,-111.0
2019,Renault,Autodromo Nazionale di Monza,Race circuit,Daniel Ricciardo,9,8,11026,2982,ITA,AUS,FRA,0,0,376.0
2019,Renault,Autodromo Nazionale di Monza,Race circuit,Nico Hülkenberg,9,8,11708,3465,ITA,DEU,FRA,0,0,592.0
2019,Ferrari,Autodromo Nazionale di Monza,Race circuit,Sebastian Vettel,9,8,11755,4466,ITA,DEU,ITA,0,1,0.0
2019,McLaren,Autodromo Nazionale di Monza,Race circuit,Carlos Sainz,9,8,9138,1638,ITA,ESP,GBR,0,0,745.0
2019,Ferrari,Marina Bay Street Circuit,Street circuit,Sebastian Vettel,9,22,11769,4480,SGP,DEU,ITA,0,0,-705.0
2019,Ferrari,Marina Bay Street Circuit,Street circuit,Charles Leclerc,9,22,8011,546,SGP,MCO,ITA,0,0,-925.0
2019,Red Bull,Marina Bay Street Circuit,Street circuit,Max Verstappen,9,22,8027,1652,SGP,NLD,AUT,0,0,-329.0
2019,Mercedes,Marina Bay Street Circuit,Street circuit,Lewis Hamilton,9,22,12676,4571,SGP,GBR,DEU,0,0,-734.0
2019,Mercedes,Marina Bay Street Circuit,Street circuit,Valtteri Bottas,9,22,10982,2380,SGP,FIN,DEU,0,0,0.0
2019,Red Bull,Marina Bay Street Circuit,Street circuit,Alexander Albon,9,22,8583,189,SGP,THA,AUT,0,0,269.0
2019,McLaren,Marina Bay Street Circuit,Street circuit,Lando Norris,9,22,7253,189,SGP,GBR,GBR,0,0,430.0
2019,Renault,Marina Bay Street Circuit,Street circuit,Nico Hülkenberg,9,22,11722,3479,SGP,DEU,FRA,0,0,1122.0
2019,McLaren,Marina Bay Street Circuit,Street circuit,Carlos Sainz,9,22,9152,1652,SGP,ESP,GBR,0,0,676.0
2019,Mercedes,Sochi Autodrom,Race circuit,Lewis Hamilton,9,29,12683,4578,RUS,GBR,DEU,0,0,-897.0
2019,Mercedes,Sochi Autodrom,Race circuit,Valtteri Bottas,9,29,10989,2387,RUS,FIN,DEU,0,0,-295.0
2019,Ferrari,Sochi Autodrom,Race circuit,Charles Leclerc,9,29,8018,553,RUS,MCO,ITA,0,0,-1299.0
2019,Red Bull,Sochi Autodrom,Race circuit,Max Verstappen,9,29,8034,1659,RUS,NLD,AUT,0,0,-617.0
2019,McLaren,Sochi Autodrom,Race circuit,Carlos Sainz,9,29,9159,1659,RUS,ESP,GBR,0,0,295.0
2019,McLaren,Sochi Autodrom,Race circuit,Lando Norris,9,29,7260,196,RUS,GBR,GBR,0,0,374.0
2019,Renault,Sochi Autodrom,Race circuit,Nico Hülkenberg,9,29,11729,3486,RUS,DEU,FRA,0,0,362.0
2019,Ferrari,Sochi Autodrom,Race circuit,Sebastian Vettel,9,29,11776,4487,RUS,DEU,ITA,0,0,-874.0
2019,Renault,Sochi Autodrom,Race circuit,Daniel Ricciardo,9,29,11047,3003,RUS,AUS,FRA,0,0,734.0
2019,Haas F1 Team,Sochi Autodrom,Race circuit,Romain Grosjean,9,29,12218,3689,RUS,FRA,USA,0,0,590.0
2019,Mercedes,Suzuka Circuit,Race circuit,Valtteri Bottas,10,13,11003,2401,JPN,FIN,DEU,0,0,-558.0
2019,Ferrari,Suzuka Circuit,Race circuit,Sebastian Vettel,10,13,11790,4501,JPN,DEU,ITA,0,0,-787.0
2019,Mercedes,Suzuka Circuit,Race circuit,Lewis Hamilton,10,13,12697,4592,JPN,GBR,DEU,0,0,-549.0
2019,Red Bull,Suzuka Circuit,Race circuit,Alexander Albon,10,13,8604,210,JPN,THA,AUT,0,0,0.0
2019,McLaren,Suzuka Circuit,Race circuit,Carlos Sainz,10,13,9173,1673,JPN,ESP,GBR,0,0,453.0
2019,Ferrari,Suzuka Circuit,Race circuit,Charles Leclerc,10,13,8032,567,JPN,MCO,ITA,0,0,-598.0
2019,Toro Rosso,Suzuka Circuit,Race circuit,Pierre Gasly,10,13,8649,742,JPN,FRA,ITA,0,0,928.0
2019,McLaren,Suzuka Circuit,Race circuit,Lando Norris,10,13,7274,210,JPN,GBR,GBR,0,0,613.0
2019,Haas F1 Team,Suzuka Circuit,Race circuit,Romain Grosjean,10,13,12232,3703,JPN,FRA,USA,0,0,1293.0
2019,Red Bull,Suzuka Circuit,Race circuit,Max Verstappen,10,13,8048,1673,JPN,NLD,AUT,0,0,0.0
2019,Mercedes,Autódromo Hermanos Rodríguez,Race circuit,Lewis Hamilton,10,27,12711,4606,MEX,GBR,DEU,0,0,-75.0
2019,Ferrari,Autódromo Hermanos Rodríguez,Race circuit,Sebastian Vettel,10,27,11804,4515,MEX,DEU,ITA,0,0,-167.0
2019,Mercedes,Autódromo Hermanos Rodríguez,Race circuit,Valtteri Bottas,10,27,11017,2415,MEX,FIN,DEU,0,0,1.0
2019,Ferrari,Autódromo Hermanos Rodríguez,Race circuit,Charles Leclerc,10,27,8046,581,MEX,MCO,ITA,0,0,-313.0
2019,Red Bull,Autódromo Hermanos Rodríguez,Race circuit,Alexander Albon,10,27,8618,224,MEX,THA,AUT,0,0,-1.0
2019,Red Bull,Autódromo Hermanos Rodríguez,Race circuit,Max Verstappen,10,27,8062,1687,MEX,NLD,AUT,0,0,-579.0
2019,Toro Rosso,Autódromo Hermanos Rodríguez,Race circuit,Pierre Gasly,10,27,8663,756,MEX,FRA,ITA,0,0,1249.0
2019,Toro Rosso,Autódromo Hermanos Rodríguez,Race circuit,Daniil Kvyat,10,27,9315,2051,MEX,RUS,ITA,0,0,1132.0
2019,McLaren,Autódromo Hermanos Rodríguez,Race circuit,Carlos Sainz,10,27,9187,1687,MEX,ESP,GBR,0,0,677.0
2019,McLaren,Autódromo Hermanos Rodríguez,Race circuit,Lando Norris,10,27,7288,224,MEX,GBR,GBR,0,0,985.0
2019,Mercedes,Circuit of the Americas,Race circuit,Valtteri Bottas,11,3,11024,2422,USA,FIN,DEU,0,0,-406.0
2019,Mercedes,Circuit of the Americas,Race circuit,Lewis Hamilton,11,3,12718,4613,USA,GBR,DEU,0,0,-114.0
2019,Red Bull,Circuit of the Americas,Race circuit,Max Verstappen,11,3,8069,1694,USA,NLD,AUT,0,0,-338.0
2019,Ferrari,Circuit of the Americas,Race circuit,Charles Leclerc,11,3,8053,588,USA,MCO,ITA,0,0,-298.0
2019,Red Bull,Circuit of the Americas,Race circuit,Alexander Albon,11,3,8625,231,USA,THA,AUT,0,0,114.0
2019,Renault,Circuit of the Americas,Race circuit,Daniel Ricciardo,11,3,11082,3038,USA,AUS,FRA,0,0,1054.0
2019,McLaren,Circuit of the Americas,Race circuit,Lando Norris,11,3,7295,231,USA,GBR,GBR,0,0,740.0
2019,McLaren,Circuit of the Americas,Race circuit,Carlos Sainz,11,3,9194,1694,USA,ESP,GBR,0,0,412.0
2019,Toro Rosso,Circuit of the Americas,Race circuit,Pierre Gasly,11,3,8670,763,USA,FRA,ITA,0,0,1122.0
2019,Ferrari,Circuit of the Americas,Race circuit,Sebastian Vettel,11,3,11811,4522,USA,DEU,ITA,0,0,-394.0
2019,Red Bull,Autódromo José Carlos Pace,Race circuit,Max Verstappen,11,17,8083,1708,BRA,NLD,AUT,0,0,-402.0
2019,Toro Rosso,Autódromo José Carlos Pace,Race circuit,Pierre Gasly,11,17,8684,777,BRA,FRA,ITA,0,0,866.0
2019,Alfa Romeo,Autódromo José Carlos Pace,Race circuit,Kimi Räikkönen,11,17,14641,6832,BRA,FIN,CHE,0,0,954.0
2019,Mercedes,Autódromo José Carlos Pace,Race circuit,Lewis Hamilton,11,17,12732,4627,BRA,GBR,DEU,0,0,-206.0
2019,Haas F1 Team,Autódromo José Carlos Pace,Race circuit,Kevin Magnussen,11,17,9904,2072,BRA,DNK,USA,0,0,898.0
2019,Haas F1 Team,Autódromo José Carlos Pace,Race circuit,Romain Grosjean,11,17,12267,3738,BRA,FRA,USA,0,0,800.0
2019,Red Bull,Autódromo José Carlos Pace,Race circuit,Alexander Albon,11,17,8639,245,BRA,THA,AUT,0,0,30.0
2019,Ferrari,Autódromo José Carlos Pace,Race circuit,Sebastian Vettel,11,17,11825,4536,BRA,DEU,ITA,0,0,-274.0
2019,Ferrari,Autódromo José Carlos Pace,Race circuit,Charles Leclerc,11,17,8067,602,BRA,MCO,ITA,0,0,-176.0
2019,Mercedes,Autódromo José Carlos Pace,Race circuit,Valtteri Bottas,11,17,11038,2436,BRA,FIN,DEU,0,0,-30.0
2019,Mercedes,Yas Marina Circuit,Race circuit,Lewis Hamilton,12,1,12746,4641,ARE,GBR,DEU,0,0,-732.0
2019,Red Bull,Yas Marina Circuit,Race circuit,Max Verstappen,12,1,8097,1722,ARE,NLD,AUT,0,0,-372.0
2019,Ferrari,Yas Marina Circuit,Race circuit,Charles Leclerc,12,1,8081,616,ARE,MCO,ITA,0,0,-292.0
2019,Mercedes,Yas Marina Circuit,Race circuit,Valtteri Bottas,12,1,11052,2450,ARE,FIN,DEU,0,0,-538.0
2019,Ferrari,Yas Marina Circuit,Race circuit,Sebastian Vettel,12,1,11839,4550,ARE,DEU,ITA,0,0,-172.0
2019,Red Bull,Yas Marina Circuit,Race circuit,Alexander Albon,12,1,8653,259,ARE,THA,AUT,0,0,172.0
2019,McLaren,Yas Marina Circuit,Race circuit,Lando Norris,12,1,7323,259,ARE,GBR,GBR,0,0,926.0
2019,McLaren,Yas Marina Circuit,Race circuit,Carlos Sainz,12,1,9222,1722,ARE,ESP,GBR,0,0,798.0
2019,Renault,Yas Marina Circuit,Race circuit,Daniel Ricciardo,12,1,11110,3066,ARE,AUS,FRA,0,0,946.0
2019,Renault,Yas Marina Circuit,Race circuit,Nico Hülkenberg,12,1,11792,3549,ARE,DEU,FRA,0,0,1200.0
2020,Mercedes,Red Bull Ring,Race circuit,Valtteri Bottas,7,5,11269,2667,AUT,FIN,DEU,0,0,-864.0
2020,Ferrari,Red Bull Ring,Race circuit,Charles Leclerc,7,5,8298,833,AUT,MCO,ITA,0,0,120.0
2020,McLaren,Red Bull Ring,Race circuit,Lando Norris,7,5,7540,476,AUT,GBR,GBR,0,0,-177.0
2020,Mercedes,Red Bull Ring,Race circuit,Lewis Hamilton,7,5,12963,4858,AUT,GBR,DEU,0,0,-852.0
2020,McLaren,Red Bull Ring,Race circuit,Carlos Sainz,7,5,9439,1939,AUT,ESP,GBR,0,0,168.0
2020,Racing Point,Red Bull Ring,Race circuit,Sergio Pérez,7,5,11118,3388,AUT,MEX,GBR,0,0,57.0
2020,Red Bull,Red Bull Ring,Race circuit,Alexander Albon,7,5,8870,476,AUT,THA,AUT,0,1,-57.0
2020,Racing Point,Red Bull Ring,Race circuit,Lance Stroll,7,5,7920,1197,AUT,CAN,GBR,0,0,152.0
2020,Renault,Red Bull Ring,Race circuit,Daniel Ricciardo,7,5,11327,3283,AUT,AUS,FRA,0,0,220.0
2020,Red Bull,Red Bull Ring,Race circuit,Max Verstappen,7,5,8314,1939,AUT,NLD,AUT,0,1,-326.0
2020,Mercedes,Red Bull Ring,Race circuit,Lewis Hamilton,7,12,12970,4865,AUT,GBR,DEU,0,0,-876.0
2020,Mercedes,Red Bull Ring,Race circuit,Valtteri Bottas,7,12,11276,2674,AUT,FIN,DEU,0,0,-44.0
2020,Red Bull,Red Bull Ring,Race circuit,Max Verstappen,7,12,8321,1946,AUT,NLD,AUT,0,1,-762.0
2020,Red Bull,Red Bull Ring,Race circuit,Alexander Albon,7,12,8877,483,AUT,THA,AUT,0,1,314.0
2020,McLaren,Red Bull Ring,Race circuit,Lando Norris,7,12,7547,483,AUT,GBR,GBR,0,0,-252.0
2020,Renault,Red Bull Ring,Race circuit,Daniel Ricciardo,7,12,11334,3290,AUT,AUS,FRA,0,0,528.0
2020,McLaren,Red Bull Ring,Race circuit,Carlos Sainz,7,12,9446,1946,AUT,ESP,GBR,0,0,-110.0
2020,AlphaTauri,Red Bull Ring,Race circuit,Pierre Gasly,7,12,8922,1015,AUT,FRA,ITA,0,0,44.0
2020,Renault,Red Bull Ring,Race circuit,Esteban Ocon,7,12,8699,1414,AUT,FRA,FRA,0,0,64.0
2020,Ferrari,Red Bull Ring,Race circuit,Sebastian Vettel,7,12,12063,4774,AUT,DEU,ITA,0,0,844.0
2020,Mercedes,Hungaroring,Race circuit,Lewis Hamilton,7,19,12977,4872,HUN,GBR,DEU,0,0,-1327.0
2020,Red Bull,Hungaroring,Race circuit,Max Verstappen,7,19,8328,1953,HUN,NLD,AUT,0,0,75.0
2020,Mercedes,Hungaroring,Race circuit,Valtteri Bottas,7,19,11283,2681,HUN,FIN,DEU,0,0,-1220.0
2020,Racing Point,Hungaroring,Race circuit,Lance Stroll,7,19,7934,1211,HUN,CAN,GBR,0,0,-397.0
2020,Ferrari,Hungaroring,Race circuit,Sebastian Vettel,7,19,12070,4781,HUN,DEU,ITA,0,0,0.0
2020,Racing Point,Hungaroring,Race circuit,Sergio Pérez,7,19,11132,3402,HUN,MEX,GBR,0,0,-229.0
2020,McLaren,Hungaroring,Race circuit,Carlos Sainz,7,19,9453,1953,HUN,ESP,GBR,0,0,253.0
2020,Ferrari,Hungaroring,Race circuit,Charles Leclerc,7,19,8312,847,HUN,MCO,ITA,0,0,43.0
2020,McLaren,Hungaroring,Race circuit,Lando Norris,7,19,7554,490,HUN,GBR,GBR,0,0,192.0
2020,Mercedes,Silverstone Circuit,Race circuit,Lewis Hamilton,8,2,12991,4886,GBR,GBR,DEU,1,0,-1508.0
2020,Red Bull,Silverstone Circuit,Race circuit,Max Verstappen,8,2,8342,1967,GBR,NLD,AUT,0,0,-486.0
2020,Ferrari,Silverstone Circuit,Race circuit,Charles Leclerc,8,2,8326,861,GBR,MCO,ITA,0,0,-384.0
2020,Renault,Silverstone Circuit,Race circuit,Daniel Ricciardo,8,2,11355,3311,GBR,AUS,FRA,0,0,198.0
2020,McLaren,Silverstone Circuit,Race circuit,Lando Norris,8,2,7568,504,GBR,GBR,GBR,1,1,-28.0
2020,Renault,Silverstone Circuit,Race circuit,Esteban Ocon,8,2,8720,1435,GBR,FRA,FRA,0,0,398.0
2020,Racing Point,Silverstone Circuit,Race circuit,Lance Stroll,8,2,7948,1225,GBR,CAN,GBR,0,1,28.0
2020,Ferrari,Silverstone Circuit,Race circuit,Sebastian Vettel,8,2,12084,4795,GBR,DEU,ITA,0,0,528.0
2020,Mercedes,Silverstone Circuit,Race circuit,Valtteri Bottas,8,2,11297,2695,GBR,FIN,DEU,0,0,-1194.0
2020,McLaren,Silverstone Circuit,Race circuit,Carlos Sainz,8,2,9467,1967,GBR,ESP,GBR,0,1,154.0
2020,Red Bull,Silverstone Circuit,Race circuit,Max Verstappen,8,9,8349,1974,GBR,NLD,AUT,0,0,-186.0
2020,Mercedes,Silverstone Circuit,Race circuit,Lewis Hamilton,8,9,12998,4893,GBR,GBR,DEU,1,0,-1146.0
2020,Mercedes,Silverstone Circuit,Race circuit,Valtteri Bottas,8,9,11304,2702,GBR,FIN,DEU,0,0,-1208.0
2020,Ferrari,Silverstone Circuit,Race circuit,Charles Leclerc,8,9,8333,868,GBR,MCO,ITA,0,0,252.0
2020,Red Bull,Silverstone Circuit,Race circuit,Alexander Albon,8,9,8905,511,GBR,THA,AUT,0,0,280.0
2020,Racing Point,Silverstone Circuit,Race circuit,Lance Stroll,8,9,7955,1232,GBR,CAN,GBR,0,1,66.0
2020,Racing Point,Silverstone Circuit,Race circuit,Nico Hülkenberg,8,9,12044,3801,GBR,DEU,GBR,0,1,-280.0
2020,McLaren,Silverstone Circuit,Race circuit,Lando Norris,8,9,7575,511,GBR,GBR,GBR,1,1,416.0
2020,AlphaTauri,Silverstone Circuit,Race circuit,Pierre Gasly,8,9,8950,1043,GBR,FRA,ITA,0,0,160.0
2020,Renault,Silverstone Circuit,Race circuit,Daniel Ricciardo,8,9,11362,3318,GBR,AUS,FRA,0,0,-66.0
2020,Mercedes,Circuit de Barcelona-Catalunya,Race circuit,Lewis Hamilton,8,16,13005,4900,ESP,GBR,DEU,0,0,-1110.0
2020,Red Bull,Circuit de Barcelona-Catalunya,Race circuit,Max Verstappen,8,16,8356,1981,ESP,NLD,AUT,0,0,-402.0
2020,Mercedes,Circuit de Barcelona-Catalunya,Race circuit,Valtteri Bottas,8,16,11311,2709,ESP,FIN,DEU,0,0,-1052.0
2020,Racing Point,Circuit de Barcelona-Catalunya,Race circuit,Lance Stroll,8,16,7962,1239,ESP,CAN,GBR,0,0,-106.0
2020,Racing Point,Circuit de Barcelona-Catalunya,Race circuit,Sergio Pérez,8,16,11160,3430,ESP,MEX,GBR,0,0,-212.0
2020,McLaren,Circuit de Barcelona-Catalunya,Race circuit,Carlos Sainz,8,16,9481,1981,ESP,ESP,GBR,1,0,182.0
2020,Red Bull,Circuit de Barcelona-Catalunya,Race circuit,Alexander Albon,8,16,8912,518,ESP,THA,AUT,0,0,334.0
2020,AlphaTauri,Circuit de Barcelona-Catalunya,Race circuit,Pierre Gasly,8,16,8957,1050,ESP,FRA,ITA,0,0,106.0
2020,McLaren,Circuit de Barcelona-Catalunya,Race circuit,Lando Norris,8,16,7582,518,ESP,GBR,GBR,0,0,390.0
2020,Ferrari,Circuit de Barcelona-Catalunya,Race circuit,Charles Leclerc,8,16,8340,875,ESP,MCO,ITA,0,0,258.0
2020,Mercedes,Circuit de Spa-Francorchamps,Race circuit,Lewis Hamilton,8,30,13019,4914,BEL,GBR,DEU,0,0,-1042.0
2020,Mercedes,Circuit de Spa-Francorchamps,Race circuit,Valtteri Bottas,8,30,11325,2723,BEL,FIN,DEU,0,0,-532.0
2020,Red Bull,Circuit de Spa-Francorchamps,Race circuit,Max Verstappen,8,30,8370,1995,BEL,NLD,AUT,0,0,-516.0
2020,Renault,Circuit de Spa-Francorchamps,Race circuit,Daniel Ricciardo,8,30,11383,3339,BEL,AUS,FRA,0,0,-234.0
2020,Renault,Circuit de Spa-Francorchamps,Race circuit,Esteban Ocon,8,30,8748,1463,BEL,FRA,FRA,0,0,102.0
2020,Red Bull,Circuit de Spa-Francorchamps,Race circuit,Alexander Albon,8,30,8926,532,BEL,THA,AUT,0,0,-102.0
2020,McLaren,Circuit de Spa-Francorchamps,Race circuit,Lando Norris,8,30,7596,532,BEL,GBR,GBR,0,0,362.0
2020,Racing Point,Circuit de Spa-Francorchamps,Race circuit,Lance Stroll,8,30,7976,1253,BEL,CAN,GBR,0,0,196.0
2020,Racing Point,Circuit de Spa-Francorchamps,Race circuit,Sergio Pérez,8,30,11174,3444,BEL,MEX,GBR,0,0,238.0
2020,McLaren,Circuit de Spa-Francorchamps,Race circuit,Carlos Sainz,8,30,9495,1995,BEL,ESP,GBR,0,0,144.0
2020,AlphaTauri,Autodromo Nazionale di Monza,Race circuit,Pierre Gasly,9,6,8978,1071,ITA,FRA,ITA,0,1,109.0
2020,McLaren,Autodromo Nazionale di Monza,Race circuit,Carlos Sainz,9,6,9502,2002,ITA,ESP,GBR,0,0,-105.0
2020,Racing Point,Autodromo Nazionale di Monza,Race circuit,Lance Stroll,9,6,7983,1260,ITA,CAN,GBR,0,0,124.0
2020,McLaren,Autodromo Nazionale di Monza,Race circuit,Lando Norris,9,6,7603,539,ITA,GBR,GBR,0,0,20.0
2020,Mercedes,Autodromo Nazionale di Monza,Race circuit,Valtteri Bottas,9,6,11332,2730,ITA,FIN,DEU,0,0,-848.0
2020,Renault,Autodromo Nazionale di Monza,Race circuit,Daniel Ricciardo,9,6,11390,3346,ITA,AUS,FRA,0,0,64.0
2020,Mercedes,Autodromo Nazionale di Monza,Race circuit,Lewis Hamilton,9,6,13026,4921,ITA,GBR,DEU,0,0,-913.0
2020,Racing Point,Autodromo Nazionale di Monza,Race circuit,Sergio Pérez,9,6,11181,3451,ITA,MEX,GBR,0,0,-82.0
2020,Red Bull,Autodromo Nazionale di Monza,Race circuit,Alexander Albon,9,6,8933,539,ITA,THA,AUT,0,0,264.0
2020,Red Bull,Autodromo Nazionale di Monza,Race circuit,Max Verstappen,9,6,8377,2002,ITA,NLD,AUT,0,0,-20.0
2020,Mercedes,Autodromo Internazionale del Mugello,Race circuit,Lewis Hamilton,9,13,13033,4928,ITA,GBR,DEU,0,0,-1099.0
2020,Mercedes,Autodromo Internazionale del Mugello,Race circuit,Valtteri Bottas,9,13,11339,2737,ITA,FIN,DEU,0,0,-1040.0
2020,Red Bull,Autodromo Internazionale del Mugello,Race circuit,Alexander Albon,9,13,8940,546,ITA,THA,AUT,0,0,-329.0
2020,Renault,Autodromo Internazionale del Mugello,Race circuit,Daniel Ricciardo,9,13,11397,3353,ITA,AUS,FRA,0,0,0.0
2020,Racing Point,Autodromo Internazionale del Mugello,Race circuit,Sergio Pérez,9,13,11188,3458,ITA,MEX,GBR,0,0,68.0
2020,Ferrari,Autodromo Internazionale del Mugello,Race circuit,Charles Leclerc,9,13,8368,903,ITA,MCO,ITA,0,1,27.0
2020,Racing Point,Autodromo Internazionale del Mugello,Race circuit,Lance Stroll,9,13,7990,1267,ITA,CAN,GBR,0,0,28.0
2020,McLaren,Autodromo Internazionale del Mugello,Race circuit,Carlos Sainz,9,13,9509,2009,ITA,ESP,GBR,0,0,279.0
2020,Red Bull,Autodromo Internazionale del Mugello,Race circuit,Max Verstappen,9,13,8384,2009,ITA,NLD,AUT,0,0,-772.0
2020,Mercedes,Sochi Autodrom,Race circuit,Valtteri Bottas,9,27,11353,2751,RUS,FIN,DEU,0,0,-478.0
2020,Red Bull,Sochi Autodrom,Race circuit,Max Verstappen,9,27,8398,2023,RUS,NLD,AUT,0,0,-566.0
2020,Mercedes,Sochi Autodrom,Race circuit,Lewis Hamilton,9,27,13047,4942,RUS,GBR,DEU,0,0,-1130.0
2020,Racing Point,Sochi Autodrom,Race circuit,Sergio Pérez,9,27,11202,3472,RUS,MEX,GBR,0,0,-116.0
2020,Renault,Sochi Autodrom,Race circuit,Daniel Ricciardo,9,27,11411,3367,RUS,AUS,FRA,0,0,-216.0
2020,Renault,Sochi Autodrom,Race circuit,Esteban Ocon,9,27,8776,1491,RUS,FRA,FRA,0,0,190.0
2020,AlphaTauri,Sochi Autodrom,Race circuit,Pierre Gasly,9,27,8999,1092,RUS,FRA,ITA,0,0,566.0
2020,Red Bull,Sochi Autodrom,Race circuit,Alexander Albon,9,27,8954,560,RUS,THA,AUT,0,0,574.0
2020,McLaren,Sochi Autodrom,Race circuit,Lando Norris,9,27,7624,560,RUS,GBR,GBR,0,0,414.0
2020,McLaren,Sochi Autodrom,Race circuit,Carlos Sainz,9,27,9523,2023,RUS,ESP,GBR,0,0,116.0
2020,Mercedes,Nürburgring,Race circuit,Lewis Hamilton,10,11,13061,4956,DEU,GBR,DEU,0,1,-682.0
2020,Red Bull,Nürburgring,Race circuit,Max Verstappen,10,11,8412,2037,DEU,NLD,AUT,0,0,-604.0
2020,Renault,Nürburgring,Race circuit,Daniel Ricciardo,10,11,11425,3381,DEU,AUS,FRA,0,0,24.0
2020,Racing Point,Nürburgring,Race circuit,Sergio Pérez,10,11,11216,3486,DEU,MEX,GBR,0,0,258.0
2020,McLaren,Nürburgring,Race circuit,Carlos Sainz,10,11,9537,2037,DEU,ESP,GBR,0,0,290.0
2020,Ferrari,Nürburgring,Race circuit,Charles Leclerc,10,11,8396,931,DEU,MCO,ITA,0,0,-36.0
2020,McLaren,Nürburgring,Race circuit,Lando Norris,10,11,7638,574,DEU,GBR,GBR,0,0,244.0
2020,Red Bull,Nürburgring,Race circuit,Alexander Albon,10,11,8968,574,DEU,THA,AUT,0,0,-24.0
2020,Renault,Nürburgring,Race circuit,Esteban Ocon,10,11,8790,1505,DEU,FRA,FRA,0,0,170.0
2020,Mercedes,Nürburgring,Race circuit,Valtteri Bottas,10,11,11367,2765,DEU,FIN,DEU,0,1,-802.0
2020,Mercedes,Autódromo Internacional do Algarve,Race circuit,Lewis Hamilton,10,25,13075,4970,PRT,GBR,DEU,0,0,-477.0
2020,Mercedes,Autódromo Internacional do Algarve,Race circuit,Valtteri Bottas,10,25,11381,2779,PRT,FIN,DEU,0,0,-663.0
2020,Red Bull,Autódromo Internacional do Algarve,Race circuit,Max Verstappen,10,25,8426,2051,PRT,NLD,AUT,0,0,-250.0
2020,Ferrari,Autódromo Internacional do Algarve,Race circuit,Charles Leclerc,10,25,8410,945,PRT,MCO,ITA,0,0,-39.0
2020,AlphaTauri,Autódromo Internacional do Algarve,Race circuit,Pierre Gasly,10,25,9027,1120,PRT,FRA,ITA,0,0,80.0
2020,McLaren,Autódromo Internacional do Algarve,Race circuit,Carlos Sainz,10,25,9551,2051,PRT,ESP,GBR,0,0,54.0
2020,Racing Point,Autódromo Internacional do Algarve,Race circuit,Sergio Pérez,10,25,11230,3500,PRT,MEX,GBR,0,0,0.0
2020,Red Bull,Autódromo Internacional do Algarve,Race circuit,Alexander Albon,10,25,8982,588,PRT,THA,AUT,0,0,282.0
2020,McLaren,Autódromo Internacional do Algarve,Race circuit,Lando Norris,10,25,7652,588,PRT,GBR,GBR,0,0,192.0
2020,Mercedes,Autodromo Enzo e Dino Ferrari,Race circuit,Lewis Hamilton,11,1,13082,4977,ITA,GBR,DEU,0,0,-840.0
2020,Mercedes,Autodromo Enzo e Dino Ferrari,Race circuit,Valtteri Bottas,11,1,11388,2786,ITA,FIN,DEU,0,0,-937.0
2020,Renault,Autodromo Enzo e Dino Ferrari,Race circuit,Daniel Ricciardo,11,1,11446,3402,ITA,AUS,FRA,0,0,-26.0
2020,AlphaTauri,Autodromo Enzo e Dino Ferrari,Race circuit,Daniil Kvyat,11,1,9686,2422,ITA,RUS,ITA,0,1,150.0
2020,Ferrari,Autodromo Enzo e Dino Ferrari,Race circuit,Charles Leclerc,11,1,8417,952,ITA,MCO,ITA,0,1,70.0
2020,McLaren,Autodromo Enzo e Dino Ferrari,Race circuit,Carlos Sainz,11,1,9558,2058,ITA,ESP,GBR,0,0,365.0
2020,McLaren,Autodromo Enzo e Dino Ferrari,Race circuit,Lando Norris,11,1,7659,595,ITA,GBR,GBR,0,0,268.0
2020,Red Bull,Autodromo Enzo e Dino Ferrari,Race circuit,Alexander Albon,11,1,8989,595,ITA,THA,AUT,0,0,26.0
2020,Red Bull,Autodromo Enzo e Dino Ferrari,Race circuit,Max Verstappen,11,1,8433,2058,ITA,NLD,AUT,0,0,-370.0
2020,AlphaTauri,Autodromo Enzo e Dino Ferrari,Race circuit,Pierre Gasly,11,1,9034,1127,ITA,FRA,ITA,0,1,-44.0
2020,Mercedes,Istanbul Park,Race circuit,Lewis Hamilton,11,15,13096,4991,TUR,GBR,DEU,0,0,482.0
2020,Racing Point,Istanbul Park,Race circuit,Sergio Pérez,11,15,11251,3521,TUR,MEX,GBR,0,0,-2756.0
2020,Red Bull,Istanbul Park,Race circuit,Max Verstappen,11,15,8447,2072,TUR,NLD,AUT,0,0,-4022.0
2020,Red Bull,Istanbul Park,Race circuit,Alexander Albon,11,15,9003,609,TUR,THA,AUT,0,0,-1630.0
2020,Racing Point,Istanbul Park,Race circuit,Lance Stroll,11,15,8053,1330,TUR,CAN,GBR,0,0,-4312.0
2020,Renault,Istanbul Park,Race circuit,Daniel Ricciardo,11,15,11460,3416,TUR,AUS,FRA,0,0,-482.0
2020,Renault,Istanbul Park,Race circuit,Esteban Ocon,11,15,8825,1540,TUR,FRA,FRA,0,0,544.0
2020,Mercedes,Istanbul Park,Race circuit,Valtteri Bottas,11,15,11402,2800,TUR,FIN,DEU,0,0,1180.0
2020,Alfa Romeo,Istanbul Park,Race circuit,Kimi Räikkönen,11,15,15005,7196,TUR,FIN,CHE,0,0,668.0
2020,Alfa Romeo,Istanbul Park,Race circuit,Antonio Giovinazzi,11,15,9833,1330,TUR,ITA,CHE,0,0,1354.0
2020,Mercedes,Bahrain International Circuit,Race circuit,Lewis Hamilton,11,29,13110,5005,BHR,GBR,DEU,0,0,-1106.0
2020,Red Bull,Bahrain International Circuit,Race circuit,Max Verstappen,11,29,8461,2086,BHR,NLD,AUT,0,0,-692.0
2020,Red Bull,Bahrain International Circuit,Race circuit,Alexander Albon,11,29,9017,623,BHR,THA,AUT,0,0,-96.0
2020,McLaren,Bahrain International Circuit,Race circuit,Lando Norris,11,29,7687,623,BHR,GBR,GBR,0,0,172.0
2020,AlphaTauri,Bahrain International Circuit,Race circuit,Pierre Gasly,11,29,9062,1155,BHR,FRA,ITA,0,0,78.0
2020,Renault,Bahrain International Circuit,Race circuit,Daniel Ricciardo,11,29,11474,3430,BHR,AUS,FRA,0,0,48.0
2020,Mercedes,Bahrain International Circuit,Race circuit,Valtteri Bottas,11,29,11416,2814,BHR,FIN,DEU,0,0,-816.0
2020,Renault,Bahrain International Circuit,Race circuit,Esteban Ocon,11,29,8839,1554,BHR,FRA,FRA,0,0,50.0
2020,AlphaTauri,Bahrain International Circuit,Race circuit,Daniil Kvyat,11,29,9714,2450,BHR,RUS,ITA,0,0,248.0
2020,Racing Point,Bahrain International Circuit,Race circuit,Sergio Pérez,11,29,11265,3535,BHR,MEX,GBR,0,0,-48.0
2020,Racing Point,Bahrain International Circuit,Race circuit,Sergio Pérez,12,6,11272,3542,BHR,MEX,GBR,0,0,-16.0
2020,Racing Point,Bahrain International Circuit,Race circuit,Lance Stroll,12,6,8074,1351,BHR,CAN,GBR,0,0,38.0
2020,McLaren,Bahrain International Circuit,Race circuit,Carlos Sainz,12,6,9593,2093,BHR,ESP,GBR,0,0,16.0
2020,Renault,Bahrain International Circuit,Race circuit,Daniel Ricciardo,12,6,11481,3437,BHR,AUS,FRA,0,0,68.0
2020,AlphaTauri,Bahrain International Circuit,Race circuit,Daniil Kvyat,12,6,9721,2457,BHR,RUS,ITA,0,0,54.0
2020,Mercedes,Bahrain International Circuit,Race circuit,Valtteri Bottas,12,6,11423,2821,BHR,FIN,DEU,0,0,-426.0
2020,Mercedes,Bahrain International Circuit,Race circuit,George Russell,12,6,8330,630,BHR,GBR,DEU,0,0,-400.0
2020,AlphaTauri,Bahrain International Circuit,Race circuit,Pierre Gasly,12,6,9069,1162,BHR,FRA,ITA,0,0,138.0
2020,Red Bull,Bahrain International Circuit,Race circuit,Max Verstappen,12,6,8468,2093,BHR,NLD,AUT,0,0,-370.0
2020,Ferrari,Bahrain International Circuit,Race circuit,Charles Leclerc,12,6,8452,987,BHR,MCO,ITA,0,0,-190.0
2020,Red Bull,Yas Marina Circuit,Race circuit,Max Verstappen,12,13,8475,2100,ARE,NLD,AUT,0,0,-447.0
2020,Mercedes,Yas Marina Circuit,Race circuit,Valtteri Bottas,12,13,11430,2828,ARE,FIN,DEU,0,0,-422.0
2020,Mercedes,Yas Marina Circuit,Race circuit,Lewis Hamilton,12,13,13124,5019,ARE,GBR,DEU,0,0,-361.0
2020,Red Bull,Yas Marina Circuit,Race circuit,Alexander Albon,12,13,9031,637,ARE,THA,AUT,0,0,-122.0
2020,McLaren,Yas Marina Circuit,Race circuit,Lando Norris,12,13,7701,637,ARE,GBR,GBR,0,0,-196.0
2020,McLaren,Yas Marina Circuit,Race circuit,Carlos Sainz,12,13,9600,2100,ARE,ESP,GBR,0,0,122.0
2020,AlphaTauri,Yas Marina Circuit,Race circuit,Pierre Gasly,12,13,9076,1169,ARE,FRA,ITA,0,0,549.0
2020,Racing Point,Yas Marina Circuit,Race circuit,Lance Stroll,12,13,8081,1358,ARE,CAN,GBR,0,0,353.0
2020,AlphaTauri,Yas Marina Circuit,Race circuit,Daniil Kvyat,12,13,9728,2464,ARE,RUS,ITA,0,0,270.0
2020,Ferrari,Yas Marina Circuit,Race circuit,Charles Leclerc,12,13,8459,994,ARE,MCO,ITA,0,0,188.0
2021,Mercedes,Bahrain International Circuit,Race circuit,Lewis Hamilton,3,28,13229,5124,BHR,GBR,DEU,0,0,-483.0
2021,Red Bull,Bahrain International Circuit,Race circuit,Max Verstappen,3,28,8580,2205,BHR,NLD,AUT,0,0,-871.0
2021,Mercedes,Bahrain International Circuit,Race circuit,Valtteri Bottas,3,28,11535,2933,BHR,FIN,DEU,0,0,-282.0
2021,McLaren,Bahrain International Circuit,Race circuit,Lando Norris,3,28,7806,742,BHR,GBR,GBR,0,0,106.0
2021,Ferrari,Bahrain International Circuit,Race circuit,Charles Leclerc,3,28,8564,1099,BHR,MCO,ITA,0,0,-190.0
2021,McLaren,Bahrain International Circuit,Race circuit,Daniel Ricciardo,3,28,11593,3549,BHR,AUS,GBR,0,0,59.0
2021,Ferrari,Bahrain International Circuit,Race circuit,Carlos Sainz,3,28,9705,2205,BHR,ESP,ITA,0,0,141.0
2021,Aston Martin,Bahrain International Circuit,Race circuit,Lance Stroll,3,28,8186,1463,BHR,CAN,GBR,0,0,733.0
2021,AlphaTauri,Bahrain International Circuit,Race circuit,Pierre Gasly,3,28,9181,1274,BHR,FRA,ITA,0,0,-59.0
2021,Alpine F1 Team,Bahrain International Circuit,Race circuit,Fernando Alonso,3,28,14487,7329,BHR,ESP,FRA,0,0,381.0
2021,Red Bull,Autodromo Enzo e Dino Ferrari,Race circuit,Max Verstappen,4,18,8601,2226,ITA,NLD,AUT,0,0,-220.0
2021,Mercedes,Autodromo Enzo e Dino Ferrari,Race circuit,Lewis Hamilton,4,18,13250,5145,ITA,GBR,DEU,0,0,-307.0
2021,McLaren,Autodromo Enzo e Dino Ferrari,Race circuit,Lando Norris,4,18,7827,763,ITA,GBR,GBR,0,0,0.0
2021,Ferrari,Autodromo Enzo e Dino Ferrari,Race circuit,Charles Leclerc,4,18,8585,1120,ITA,MCO,ITA,0,1,22.0
2021,McLaren,Autodromo Enzo e Dino Ferrari,Race circuit,Daniel Ricciardo,4,18,11614,3570,ITA,AUS,GBR,0,0,108.0
2021,AlphaTauri,Autodromo Enzo e Dino Ferrari,Race circuit,Pierre Gasly,4,18,9202,1295,ITA,FRA,ITA,0,1,72.0
2021,Alpine F1 Team,Autodromo Enzo e Dino Ferrari,Race circuit,Esteban Ocon,4,18,8979,1694,ITA,FRA,FRA,0,0,399.0
2021,Red Bull,Autodromo Enzo e Dino Ferrari,Race circuit,Sergio Pérez,4,18,11405,3675,ITA,MEX,AUT,0,0,-272.0
2021,Mercedes,Autodromo Enzo e Dino Ferrari,Race circuit,Valtteri Bottas,4,18,11556,2954,ITA,FIN,DEU,0,0,-46.0
2021,Mercedes,Autódromo Internacional do Algarve,Race circuit,Lewis Hamilton,5,2,13264,5159,PRT,GBR,DEU,0,0,-742.0
2021,Red Bull,Autódromo Internacional do Algarve,Race circuit,Max Verstappen,5,2,8615,2240,PRT,NLD,AUT,0,0,-60.0
2021,Mercedes,Autódromo Internacional do Algarve,Race circuit,Valtteri Bottas,5,2,11570,2968,PRT,FIN,DEU,0,0,-362.0
2021,Red Bull,Autódromo Internacional do Algarve,Race circuit,Sergio Pérez,5,2,11419,3689,PRT,MEX,AUT,0,0,136.0
2021,McLaren,Autódromo Internacional do Algarve,Race circuit,Lando Norris,5,2,7841,777,PRT,GBR,GBR,0,0,-228.0
2021,Ferrari,Autódromo Internacional do Algarve,Race circuit,Charles Leclerc,5,2,8599,1134,PRT,MCO,ITA,0,0,60.0
2021,Alpine F1 Team,Autódromo Internacional do Algarve,Race circuit,Esteban Ocon,5,2,8993,1708,PRT,FRA,FRA,0,0,-124.0
2021,AlphaTauri,Autódromo Internacional do Algarve,Race circuit,Pierre Gasly,5,2,9216,1309,PRT,FRA,ITA,0,0,342.0
2021,Ferrari,Autódromo Internacional do Algarve,Race circuit,Carlos Sainz,5,2,9740,2240,PRT,ESP,ITA,0,0,104.0
2021,Aston Martin,Autódromo Internacional do Algarve,Race circuit,Sebastian Vettel,5,2,12357,5068,PRT,DEU,GBR,0,0,260.0
2021,Mercedes,Circuit de Barcelona-Catalunya,Race circuit,Lewis Hamilton,5,9,13271,5166,ESP,GBR,DEU,0,0,-859.0
2021,Red Bull,Circuit de Barcelona-Catalunya,Race circuit,Max Verstappen,5,9,8622,2247,ESP,NLD,AUT,0,0,-823.0
2021,Mercedes,Circuit de Barcelona-Catalunya,Race circuit,Valtteri Bottas,5,9,11577,2975,ESP,FIN,DEU,0,0,-727.0
2021,Ferrari,Circuit de Barcelona-Catalunya,Race circuit,Charles Leclerc,5,9,8606,1141,ESP,MCO,ITA,0,0,-90.0
2021,Red Bull,Circuit de Barcelona-Catalunya,Race circuit,Sergio Pérez,5,9,11426,3696,ESP,MEX,AUT,0,0,69.0
2021,McLaren,Circuit de Barcelona-Catalunya,Race circuit,Daniel Ricciardo,5,9,11635,3591,ESP,AUS,GBR,0,0,22.0
2021,Ferrari,Circuit de Barcelona-Catalunya,Race circuit,Carlos Sainz,5,9,9747,2247,ESP,ESP,ITA,1,0,20.0
2021,McLaren,Circuit de Barcelona-Catalunya,Race circuit,Lando Norris,5,9,7848,784,ESP,GBR,GBR,0,0,96.0
2021,Alpine F1 Team,Circuit de Barcelona-Catalunya,Race circuit,Esteban Ocon,5,9,9000,1715,ESP,FRA,FRA,0,0,-20.0
2021,Alpine F1 Team,Circuit de Barcelona-Catalunya,Race circuit,Fernando Alonso,5,9,14529,7371,ESP,ESP,FRA,1,0,366.0
2021,Ferrari,Circuit de Monaco,Street circuit,Carlos Sainz,5,23,9761,2261,MCO,ESP,ITA,0,0,-149.0
2021,Red Bull,Circuit de Monaco,Street circuit,Max Verstappen,5,23,8636,2261,MCO,NLD,AUT,0,0,-184.0
2021,McLaren,Circuit de Monaco,Street circuit,Lando Norris,5,23,7862,798,MCO,GBR,GBR,0,0,-140.0
2021,Red Bull,Circuit de Monaco,Street circuit,Sergio Pérez,5,23,11440,3710,MCO,MEX,AUT,0,0,259.0
2021,Aston Martin,Circuit de Monaco,Street circuit,Sebastian Vettel,5,23,12378,5089,MCO,DEU,GBR,0,0,549.0
2021,AlphaTauri,Circuit de Monaco,Street circuit,Pierre Gasly,5,23,9237,1330,MCO,FRA,ITA,0,0,140.0
2021,Mercedes,Circuit de Monaco,Street circuit,Lewis Hamilton,5,23,13285,5180,MCO,GBR,DEU,0,0,335.0
2021,Alfa Romeo,Circuit de Monaco,Street circuit,Antonio Giovinazzi,5,23,10022,1519,MCO,ITA,CHE,0,0,649.0
2021,Mercedes,Circuit de Monaco,Street circuit,Valtteri Bottas,5,23,11591,2989,MCO,FIN,DEU,0,0,-159.0
2021,Ferrari,Circuit de Monaco,Street circuit,Charles Leclerc,5,23,8620,1155,MCO,MCO,ITA,1,0,-414.0
2021,Red Bull,Baku City Circuit,Street circuit,Sergio Pérez,6,6,11454,3724,AZE,MEX,AUT,0,0,27.0
2021,AlphaTauri,Baku City Circuit,Street circuit,Pierre Gasly,6,6,9251,1344,AZE,FRA,ITA,0,0,-38.0
2021,Ferrari,Baku City Circuit,Street circuit,Charles Leclerc,6,6,8634,1169,AZE,MCO,ITA,0,0,-385.0
2021,McLaren,Baku City Circuit,Street circuit,Lando Norris,6,6,7876,812,AZE,GBR,GBR,0,0,144.0
2021,Alpine F1 Team,Baku City Circuit,Street circuit,Fernando Alonso,6,6,14557,7399,AZE,ESP,FRA,0,0,592.0
2021,AlphaTauri,Baku City Circuit,Street circuit,Yuki Tsunoda,6,6,7696,70,AZE,JPN,ITA,0,0,51.0
2021,Ferrari,Baku City Circuit,Street circuit,Carlos Sainz,6,6,9775,2275,AZE,ESP,ITA,0,0,-27.0
2021,Mercedes,Baku City Circuit,Street circuit,Valtteri Bottas,6,6,11605,3003,AZE,FIN,DEU,0,0,503.0
2021,Mercedes,Baku City Circuit,Street circuit,Lewis Hamilton,6,6,13299,5194,AZE,GBR,DEU,0,0,-153.0
2021,Red Bull,Baku City Circuit,Street circuit,Max Verstappen,6,6,8650,2275,AZE,NLD,AUT,0,0,-40.0
2021,Red Bull,Circuit Paul Ricard,Race circuit,Max Verstappen,6,20,8664,2289,FRA,NLD,AUT,0,0,-864.0
2021,Mercedes,Circuit Paul Ricard,Race circuit,Lewis Hamilton,6,20,13313,5208,FRA,GBR,DEU,0,0,-606.0
2021,Red Bull,Circuit Paul Ricard,Race circuit,Sergio Pérez,6,20,11468,3738,FRA,MEX,AUT,0,0,-409.0
2021,Mercedes,Circuit Paul Ricard,Race circuit,Valtteri Bottas,6,20,11619,3017,FRA,FIN,DEU,0,0,-478.0
2021,McLaren,Circuit Paul Ricard,Race circuit,Lando Norris,6,20,7890,826,FRA,GBR,GBR,0,0,398.0
2021,McLaren,Circuit Paul Ricard,Race circuit,Daniel Ricciardo,6,20,11677,3633,FRA,AUS,GBR,0,0,528.0
2021,AlphaTauri,Circuit Paul Ricard,Race circuit,Pierre Gasly,6,20,9265,1358,FRA,FRA,ITA,1,0,14.0
2021,Alpine F1 Team,Circuit Paul Ricard,Race circuit,Fernando Alonso,6,20,14571,7413,FRA,ESP,FRA,0,1,486.0
2021,Ferrari,Circuit Paul Ricard,Race circuit,Carlos Sainz,6,20,9789,2289,FRA,ESP,ITA,0,0,-14.0
2021,Ferrari,Circuit Paul Ricard,Race circuit,Charles Leclerc,6,20,8648,1183,FRA,MCO,ITA,0,0,133.0
2021,Red Bull,Red Bull Ring,Race circuit,Max Verstappen,6,27,8671,2296,AUT,NLD,AUT,0,1,-361.0
2021,Mercedes,Red Bull Ring,Race circuit,Lewis Hamilton,6,27,13320,5215,AUT,GBR,DEU,0,0,-135.0
2021,Mercedes,Red Bull Ring,Race circuit,Valtteri Bottas,6,27,11626,3024,AUT,FIN,DEU,0,0,-167.0
2021,Red Bull,Red Bull Ring,Race circuit,Sergio Pérez,6,27,11475,3745,AUT,MEX,AUT,0,1,-34.0
2021,McLaren,Red Bull Ring,Race circuit,Lando Norris,6,27,7897,833,AUT,GBR,GBR,0,0,-82.0
2021,Ferrari,Red Bull Ring,Race circuit,Charles Leclerc,6,27,8655,1190,AUT,MCO,ITA,0,0,270.0
2021,Aston Martin,Red Bull Ring,Race circuit,Lance Stroll,6,27,8277,1554,AUT,CAN,GBR,0,0,461.0
2021,Alpine F1 Team,Red Bull Ring,Race circuit,Fernando Alonso,6,27,14578,7420,AUT,ESP,FRA,0,0,372.0
2021,AlphaTauri,Red Bull Ring,Race circuit,Yuki Tsunoda,6,27,7717,91,AUT,JPN,ITA,0,0,312.0
2021,AlphaTauri,Red Bull Ring,Race circuit,Pierre Gasly,6,27,9272,1365,AUT,FRA,ITA,0,0,34.0
2021,Red Bull,Red Bull Ring,Race circuit,Max Verstappen,7,4,8678,2303,AUT,NLD,AUT,0,1,-358.0
2021,Mercedes,Red Bull Ring,Race circuit,Valtteri Bottas,7,4,11633,3031,AUT,FIN,DEU,0,0,-29.0
2021,McLaren,Red Bull Ring,Race circuit,Lando Norris,7,4,7904,840,AUT,GBR,GBR,0,0,-310.0
2021,Mercedes,Red Bull Ring,Race circuit,Lewis Hamilton,7,4,13327,5222,AUT,GBR,DEU,0,0,-64.0
2021,Red Bull,Red Bull Ring,Race circuit,Sergio Pérez,7,4,11482,3752,AUT,MEX,AUT,0,1,-88.0
2021,AlphaTauri,Red Bull Ring,Race circuit,Pierre Gasly,7,4,9279,1372,AUT,FRA,ITA,0,0,29.0
2021,Williams,Red Bull Ring,Race circuit,George Russell,7,4,8540,840,AUT,GBR,GBR,0,0,475.0
2021,AlphaTauri,Red Bull Ring,Race circuit,Yuki Tsunoda,7,4,7724,98,AUT,JPN,ITA,0,0,195.0
2021,Aston Martin,Red Bull Ring,Race circuit,Lance Stroll,7,4,8284,1561,AUT,CAN,GBR,0,0,469.0
2021,Aston Martin,Red Bull Ring,Race circuit,Sebastian Vettel,7,4,12420,5131,AUT,DEU,GBR,0,0,415.0
2021,Mercedes,Silverstone Circuit,Race circuit,Lewis Hamilton,7,18,13341,5236,GBR,GBR,DEU,1,0,-823.0
2021,Ferrari,Silverstone Circuit,Race circuit,Charles Leclerc,7,18,8676,1211,GBR,MCO,ITA,0,0,-18.0
2021,Mercedes,Silverstone Circuit,Race circuit,Valtteri Bottas,7,18,11647,3045,GBR,FIN,DEU,0,0,-518.0
2021,McLaren,Silverstone Circuit,Race circuit,Lando Norris,7,18,7918,854,GBR,GBR,GBR,1,1,51.0
2021,McLaren,Silverstone Circuit,Race circuit,Daniel Ricciardo,7,18,11705,3661,GBR,AUS,GBR,0,1,53.0
2021,Ferrari,Silverstone Circuit,Race circuit,Carlos Sainz,7,18,9817,2317,GBR,ESP,ITA,0,0,2.0
2021,Williams,Silverstone Circuit,Race circuit,George Russell,7,18,8554,854,GBR,GBR,GBR,1,1,125.0
2021,Red Bull,Silverstone Circuit,Race circuit,Sergio Pérez,7,18,11496,3766,GBR,MEX,AUT,0,0,-2.0
2021,Aston Martin,Silverstone Circuit,Race circuit,Sebastian Vettel,7,18,12434,5145,GBR,DEU,GBR,0,1,257.0
2021,Red Bull,Silverstone Circuit,Race circuit,Max Verstappen,7,18,8692,2317,GBR,NLD,AUT,0,0,-637.0
2021,Alpine F1 Team,Hungaroring,Race circuit,Esteban Ocon,8,1,9084,1799,HUN,FRA,FRA,0,0,246.0
2021,Mercedes,Hungaroring,Race circuit,Lewis Hamilton,8,1,13355,5250,HUN,GBR,DEU,0,0,-988.0
2021,Alpine F1 Team,Hungaroring,Race circuit,Fernando Alonso,8,1,14613,7455,HUN,ESP,FRA,0,0,134.0
2021,AlphaTauri,Hungaroring,Race circuit,Pierre Gasly,8,1,9307,1400,HUN,FRA,ITA,0,0,-14.0
2021,Red Bull,Hungaroring,Race circuit,Max Verstappen,8,1,8706,2331,HUN,NLD,AUT,0,0,-758.0
2021,McLaren,Hungaroring,Race circuit,Lando Norris,8,1,7932,868,HUN,GBR,GBR,0,0,-22.0
2021,Mercedes,Hungaroring,Race circuit,Valtteri Bottas,8,1,11661,3059,HUN,FIN,DEU,0,0,-674.0
2021,Red Bull,Hungaroring,Race circuit,Sergio Pérez,8,1,11510,3780,HUN,MEX,AUT,0,0,14.0
2021,Ferrari,Hungaroring,Race circuit,Charles Leclerc,8,1,8690,1225,HUN,MCO,ITA,0,0,88.0
2021,Aston Martin,Hungaroring,Race circuit,Sebastian Vettel,8,1,12448,5159,HUN,DEU,GBR,0,0,342.0
2021,Red Bull,Circuit de Spa-Francorchamps,Race circuit,Max Verstappen,8,29,8734,2359,BEL,NLD,AUT,0,0,-255.0
2021,Williams,Circuit de Spa-Francorchamps,Race circuit,George Russell,8,29,8596,896,BEL,GBR,GBR,0,0,136.0
2021,Mercedes,Circuit de Spa-Francorchamps,Race circuit,Lewis Hamilton,8,29,13383,5278,BEL,GBR,DEU,0,0,-585.0
2021,McLaren,Circuit de Spa-Francorchamps,Race circuit,Daniel Ricciardo,8,29,11747,3703,BEL,AUS,GBR,0,0,313.0
2021,Aston Martin,Circuit de Spa-Francorchamps,Race circuit,Sebastian Vettel,8,29,12476,5187,BEL,DEU,GBR,0,0,0.0
2021,AlphaTauri,Circuit de Spa-Francorchamps,Race circuit,Pierre Gasly,8,29,9335,1428,BEL,FRA,ITA,0,0,-374.0
2021,Alpine F1 Team,Circuit de Spa-Francorchamps,Race circuit,Esteban Ocon,8,29,9112,1827,BEL,FRA,FRA,0,0,540.0
2021,Mercedes,Circuit de Spa-Francorchamps,Race circuit,Valtteri Bottas,8,29,11689,3087,BEL,FIN,DEU,0,0,-519.0
2021,Red Bull,Circuit de Spa-Francorchamps,Race circuit,Sergio Pérez,8,29,11538,3808,BEL,MEX,AUT,0,0,72.0
2021,Red Bull,Circuit Park Zandvoort,Race circuit,Max Verstappen,9,5,8741,2366,NLD,NLD,AUT,1,0,-622.0
2021,Mercedes,Circuit Park Zandvoort,Race circuit,Lewis Hamilton,9,5,13390,5285,NLD,GBR,DEU,0,0,-584.0
2021,Mercedes,Circuit Park Zandvoort,Race circuit,Valtteri Bottas,9,5,11696,3094,NLD,FIN,DEU,0,0,-286.0
2021,AlphaTauri,Circuit Park Zandvoort,Race circuit,Pierre Gasly,9,5,9342,1435,NLD,FRA,ITA,0,0,-30.0
2021,Ferrari,Circuit Park Zandvoort,Race circuit,Charles Leclerc,9,5,8725,1260,NLD,MCO,ITA,0,0,-70.0
2021,Alpine F1 Team,Circuit Park Zandvoort,Race circuit,Fernando Alonso,9,5,14648,7490,NLD,ESP,FRA,0,0,448.0
2021,Ferrari,Circuit Park Zandvoort,Race circuit,Carlos Sainz,9,5,9866,2366,NLD,ESP,ITA,0,0,30.0
2021,Alpine F1 Team,Circuit Park Zandvoort,Race circuit,Esteban Ocon,9,5,9119,1834,NLD,FRA,FRA,0,0,412.0
2021,McLaren,Circuit Park Zandvoort,Race circuit,Daniel Ricciardo,9,5,11754,3710,NLD,AUS,GBR,0,0,358.0
2021,Alfa Romeo,Circuit Park Zandvoort,Race circuit,Antonio Giovinazzi,9,5,10127,1624,NLD,ITA,CHE,0,0,82.0
2021,McLaren,Autodromo Nazionale di Monza,Race circuit,Daniel Ricciardo,9,12,11761,3717,ITA,AUS,GBR,0,0,-132.0
2021,McLaren,Autodromo Nazionale di Monza,Race circuit,Lando Norris,9,12,7974,910,ITA,GBR,GBR,0,0,-138.0
2021,Mercedes,Autodromo Nazionale di Monza,Race circuit,Valtteri Bottas,9,12,11703,3101,ITA,FIN,DEU,0,0,-572.0
2021,Ferrari,Autodromo Nazionale di Monza,Race circuit,Charles Leclerc,9,12,8732,1267,ITA,MCO,ITA,0,1,382.0
2021,Red Bull,Autodromo Nazionale di Monza,Race circuit,Sergio Pérez,9,12,11552,3822,ITA,MEX,AUT,0,0,484.0
2021,Ferrari,Autodromo Nazionale di Monza,Race circuit,Carlos Sainz,9,12,9873,2373,ITA,ESP,ITA,0,1,334.0
2021,Alfa Romeo,Autodromo Nazionale di Monza,Race circuit,Antonio Giovinazzi,9,12,10134,1631,ITA,ITA,CHE,1,0,598.0
2021,Mercedes,Autodromo Nazionale di Monza,Race circuit,Lewis Hamilton,9,12,13397,5292,ITA,GBR,DEU,0,0,-476.0
2021,Red Bull,Autodromo Nazionale di Monza,Race circuit,Max Verstappen,9,12,8748,2373,ITA,NLD,AUT,0,0,-162.0
2021,AlphaTauri,Autodromo Nazionale di Monza,Race circuit,Pierre Gasly,9,12,9349,1442,ITA,FRA,ITA,0,1,132.0
2021,Mercedes,Sochi Autodrom,Race circuit,Lewis Hamilton,9,26,13411,5306,RUS,GBR,DEU,0,0,-130.0
2021,Ferrari,Sochi Autodrom,Race circuit,Carlos Sainz,9,26,9887,2387,RUS,ESP,ITA,0,0,-1670.0
2021,McLaren,Sochi Autodrom,Race circuit,Daniel Ricciardo,9,26,11775,3731,RUS,AUS,GBR,0,0,-24.0
2021,Mercedes,Sochi Autodrom,Race circuit,Valtteri Bottas,9,26,11717,3115,RUS,FIN,DEU,0,0,530.0
2021,Alpine F1 Team,Sochi Autodrom,Race circuit,Fernando Alonso,9,26,14669,7511,RUS,ESP,FRA,0,0,24.0
2021,McLaren,Sochi Autodrom,Race circuit,Lando Norris,9,26,7988,924,RUS,GBR,GBR,0,0,-2187.0
2021,Red Bull,Sochi Autodrom,Race circuit,Sergio Pérez,9,26,11566,3836,RUS,MEX,AUT,0,0,1157.0
2021,Williams,Sochi Autodrom,Race circuit,George Russell,9,26,8624,924,RUS,GBR,GBR,0,0,-1197.0
2021,Aston Martin,Sochi Autodrom,Race circuit,Lance Stroll,9,26,8368,1645,RUS,CAN,GBR,0,0,776.0
2021,Alpine F1 Team,Sochi Autodrom,Race circuit,Esteban Ocon,9,26,9140,1855,RUS,FRA,FRA,0,0,1685.0
2021,Mercedes,Istanbul Park,Race circuit,Valtteri Bottas,10,10,11731,3129,TUR,FIN,DEU,0,0,-404.0
2021,Red Bull,Istanbul Park,Race circuit,Max Verstappen,10,10,8776,2401,TUR,NLD,AUT,0,0,-206.0
2021,Red Bull,Istanbul Park,Race circuit,Sergio Pérez,10,10,11580,3850,TUR,MEX,AUT,0,0,304.0
2021,Ferrari,Istanbul Park,Race circuit,Charles Leclerc,10,10,8760,1295,TUR,MCO,ITA,0,0,-136.0
2021,Mercedes,Istanbul Park,Race circuit,Lewis Hamilton,10,10,13425,5320,TUR,GBR,DEU,0,0,-534.0
2021,AlphaTauri,Istanbul Park,Race circuit,Pierre Gasly,10,10,9377,1470,TUR,FRA,ITA,0,0,-76.0
2021,McLaren,Istanbul Park,Race circuit,Lando Norris,10,10,8002,938,TUR,GBR,GBR,0,0,552.0
2021,Aston Martin,Istanbul Park,Race circuit,Lance Stroll,10,10,8382,1659,TUR,CAN,GBR,0,0,904.0
2021,AlphaTauri,Istanbul Park,Race circuit,Yuki Tsunoda,10,10,7822,196,TUR,JPN,ITA,0,0,652.0
2021,Alpine F1 Team,Istanbul Park,Race circuit,Fernando Alonso,10,10,14683,7525,TUR,ESP,FRA,0,0,76.0
2021,Red Bull,Circuit of the Americas,Race circuit,Max Verstappen,10,24,8790,2415,USA,NLD,AUT,0,0,-789.0
2021,Mercedes,Circuit of the Americas,Race circuit,Lewis Hamilton,10,24,13439,5334,USA,GBR,DEU,0,0,-580.0
2021,Red Bull,Circuit of the Americas,Race circuit,Sergio Pérez,10,24,11594,3864,USA,MEX,AUT,0,0,-565.0
2021,Ferrari,Circuit of the Americas,Race circuit,Charles Leclerc,10,24,8774,1309,USA,MCO,ITA,0,0,-93.0
2021,McLaren,Circuit of the Americas,Race circuit,Daniel Ricciardo,10,24,11803,3759,USA,AUS,GBR,0,0,109.0
2021,Mercedes,Circuit of the Americas,Race circuit,Valtteri Bottas,10,24,11745,3143,USA,FIN,DEU,0,0,-224.0
2021,Ferrari,Circuit of the Americas,Race circuit,Carlos Sainz,10,24,9915,2415,USA,ESP,ITA,0,0,93.0
2021,McLaren,Circuit of the Americas,Race circuit,Lando Norris,10,24,8016,952,USA,GBR,GBR,0,0,181.0
2021,AlphaTauri,Circuit of the Americas,Race circuit,Yuki Tsunoda,10,24,7836,210,USA,JPN,ITA,0,0,1219.0
2021,AlphaTauri,Circuit of the Americas,Race circuit,Pierre Gasly,10,24,9391,1484,USA,FRA,ITA,0,0,419.0
2021,Red Bull,Autódromo Hermanos Rodríguez,Race circuit,Max Verstappen,11,7,8804,2429,MEX,NLD,AUT,0,0,-354.0
2021,Mercedes,Autódromo Hermanos Rodríguez,Race circuit,Lewis Hamilton,11,7,13453,5348,MEX,GBR,DEU,0,0,-558.0
2021,Red Bull,Autódromo Hermanos Rodríguez,Race circuit,Sergio Pérez,11,7,11608,3878,MEX,MEX,AUT,1,0,-236.0
2021,AlphaTauri,Autódromo Hermanos Rodríguez,Race circuit,Pierre Gasly,11,7,9405,1498,MEX,FRA,ITA,0,0,-122.0
2021,Ferrari,Autódromo Hermanos Rodríguez,Race circuit,Charles Leclerc,11,7,8788,1323,MEX,MCO,ITA,0,0,170.0
2021,Ferrari,Autódromo Hermanos Rodríguez,Race circuit,Carlos Sainz,11,7,9929,2429,MEX,ESP,ITA,0,0,182.0
2021,McLaren,Autódromo Hermanos Rodríguez,Race circuit,Lando Norris,11,7,8030,966,MEX,GBR,GBR,0,0,894.0
2021,McLaren,Autódromo Hermanos Rodríguez,Race circuit,Daniel Ricciardo,11,7,11817,3773,MEX,AUS,GBR,0,0,184.0
2021,Mercedes,Autódromo Hermanos Rodríguez,Race circuit,Valtteri Bottas,11,7,11759,3157,MEX,FIN,DEU,0,0,-704.0
2021,AlphaTauri,Autódromo Hermanos Rodríguez,Race circuit,Yuki Tsunoda,11,7,7850,224,MEX,JPN,ITA,0,0,122.0
2021,Mercedes,Autódromo José Carlos Pace,Race circuit,Lewis Hamilton,11,14,13460,5355,BRA,GBR,DEU,0,0,-868.0
2021,Red Bull,Autódromo José Carlos Pace,Race circuit,Max Verstappen,11,14,8811,2436,BRA,NLD,AUT,0,0,-430.0
2021,Mercedes,Autódromo José Carlos Pace,Race circuit,Valtteri Bottas,11,14,11766,3164,BRA,FIN,DEU,0,0,-376.0
2021,Red Bull,Autódromo José Carlos Pace,Race circuit,Sergio Pérez,11,14,11615,3885,BRA,MEX,AUT,0,0,-318.0
2021,Ferrari,Autódromo José Carlos Pace,Race circuit,Charles Leclerc,11,14,8795,1330,BRA,MCO,ITA,0,0,58.0
2021,Ferrari,Autódromo José Carlos Pace,Race circuit,Carlos Sainz,11,14,9936,2436,BRA,ESP,ITA,0,0,24.0
2021,AlphaTauri,Autódromo José Carlos Pace,Race circuit,Pierre Gasly,11,14,9412,1505,BRA,FRA,ITA,0,0,-24.0
2021,Alpine F1 Team,Autódromo José Carlos Pace,Race circuit,Fernando Alonso,11,14,14718,7560,BRA,ESP,FRA,0,0,312.0
2021,McLaren,Autódromo José Carlos Pace,Race circuit,Lando Norris,11,14,8037,973,BRA,GBR,GBR,0,0,178.0
2021,McLaren,Autódromo José Carlos Pace,Race circuit,Daniel Ricciardo,11,14,11824,3780,BRA,AUS,GBR,0,0,238.0
2021,Mercedes,Losail International Circuit,Race circuit,Lewis Hamilton,11,21,13467,5362,QAT,GBR,DEU,0,0,-874.0
2021,Red Bull,Losail International Circuit,Race circuit,Max Verstappen,11,21,8818,2443,QAT,NLD,AUT,0,0,-418.0
2021,Alpine F1 Team,Losail International Circuit,Race circuit,Fernando Alonso,11,21,14725,7567,QAT,ESP,FRA,0,0,-30.0
2021,Alpine F1 Team,Losail International Circuit,Race circuit,Esteban Ocon,11,21,9196,1911,QAT,FRA,FRA,0,0,312.0
2021,Ferrari,Losail International Circuit,Race circuit,Carlos Sainz,11,21,9943,2443,QAT,ESP,ITA,0,0,140.0
2021,McLaren,Losail International Circuit,Race circuit,Lando Norris,11,21,8044,980,QAT,GBR,GBR,0,0,30.0
2021,Aston Martin,Losail International Circuit,Race circuit,Sebastian Vettel,11,21,12560,5271,QAT,DEU,GBR,0,0,446.0
2021,AlphaTauri,Losail International Circuit,Race circuit,Pierre Gasly,11,21,9419,1512,QAT,FRA,ITA,0,0,-60.0
2021,AlphaTauri,Losail International Circuit,Race circuit,Yuki Tsunoda,11,21,7864,238,QAT,JPN,ITA,0,0,180.0
2021,Mercedes,Losail International Circuit,Race circuit,Valtteri Bottas,11,21,11773,3171,QAT,FIN,DEU,0,0,-222.0
2021,Mercedes,Jeddah Corniche Circuit,Street circuit,Lewis Hamilton,12,5,13481,5376,SAU,GBR,DEU,0,0,-578.0
2021,Red Bull,Jeddah Corniche Circuit,Street circuit,Max Verstappen,12,5,8832,2457,SAU,NLD,AUT,0,0,-436.0
2021,Mercedes,Jeddah Corniche Circuit,Street circuit,Valtteri Bottas,12,5,11787,3185,SAU,FIN,DEU,0,0,-468.0
2021,Alpine F1 Team,Jeddah Corniche Circuit,Street circuit,Esteban Ocon,12,5,9210,1925,SAU,FRA,FRA,0,0,484.0
2021,AlphaTauri,Jeddah Corniche Circuit,Street circuit,Pierre Gasly,12,5,9433,1526,SAU,FRA,ITA,0,0,36.0
2021,Ferrari,Jeddah Corniche Circuit,Street circuit,Charles Leclerc,12,5,8816,1351,SAU,MCO,ITA,0,0,-36.0
2021,Alfa Romeo,Jeddah Corniche Circuit,Street circuit,Antonio Giovinazzi,12,5,10218,1715,SAU,ITA,CHE,0,0,526.0
2021,McLaren,Jeddah Corniche Circuit,Street circuit,Lando Norris,12,5,8058,994,SAU,GBR,GBR,0,0,90.0
2021,AlphaTauri,Jeddah Corniche Circuit,Street circuit,Yuki Tsunoda,12,5,7878,252,SAU,JPN,ITA,0,0,132.0
2021,Red Bull,Jeddah Corniche Circuit,Street circuit,Sergio Pérez,12,5,11636,3906,SAU,MEX,AUT,0,0,-144.0
2021,Red Bull,Yas Marina Circuit,Race circuit,Max Verstappen,12,12,8839,2464,ARE,NLD,AUT,0,0,-905.0
2021,Mercedes,Yas Marina Circuit,Race circuit,Lewis Hamilton,12,12,13488,5383,ARE,GBR,DEU,0,0,-534.0
2021,Ferrari,Yas Marina Circuit,Race circuit,Carlos Sainz,12,12,9964,2464,ARE,ESP,ITA,0,0,-22.0
2021,AlphaTauri,Yas Marina Circuit,Race circuit,Yuki Tsunoda,12,12,7885,259,ARE,JPN,ITA,0,0,206.0
2021,Mercedes,Yas Marina Circuit,Race circuit,Valtteri Bottas,12,12,11794,3192,ARE,FIN,DEU,0,0,22.0
2021,McLaren,Yas Marina Circuit,Race circuit,Lando Norris,12,12,8065,1001,ARE,GBR,GBR,0,0,-83.0
2021,Alpine F1 Team,Yas Marina Circuit,Race circuit,Esteban Ocon,12,12,9217,1932,ARE,FRA,FRA,0,0,375.0
2021,Ferrari,Yas Marina Circuit,Race circuit,Charles Leclerc,12,12,8823,1358,ARE,MCO,ITA,0,0,108.0
2021,McLaren,Yas Marina Circuit,Race circuit,Daniel Ricciardo,12,12,11852,3808,ARE,AUS,GBR,0,0,395.0
2021,Red Bull,Yas Marina Circuit,Race circuit,Sergio Pérez,12,12,11643,3913,ARE,MEX,AUT,0,0,-67.0
2022,Ferrari,Bahrain International Circuit,Race circuit,Charles Leclerc,3,20,8921,1456,BHR,MCO,ITA,0,0,-592.0
2022,Ferrari,Bahrain International Circuit,Race circuit,Carlos Sainz,3,20,10062,2562,BHR,ESP,ITA,0,0,-463.0
2022,Mercedes,Bahrain International Circuit,Race circuit,Lewis Hamilton,3,20,13586,5481,BHR,GBR,DEU,0,0,-102.0
2022,Mercedes,Bahrain International Circuit,Race circuit,George Russell,3,20,8799,1099,BHR,GBR,DEU,0,0,102.0
2022,Haas F1 Team,Bahrain International Circuit,Race circuit,Kevin Magnussen,3,20,10758,2926,BHR,DNK,USA,0,0,311.0
2022,Alfa Romeo,Bahrain International Circuit,Race circuit,Valtteri Bottas,3,20,11892,3290,BHR,FIN,CHE,0,0,410.0
2022,Alpine F1 Team,Bahrain International Circuit,Race circuit,Fernando Alonso,3,20,14844,7686,BHR,ESP,FRA,0,0,471.0
2022,Red Bull,Bahrain International Circuit,Race circuit,Sergio Pérez,3,20,11741,4011,BHR,MEX,AUT,0,0,-229.0
2022,Red Bull,Bahrain International Circuit,Race circuit,Max Verstappen,3,20,8937,2562,BHR,NLD,AUT,0,0,-469.0
2022,AlphaTauri,Bahrain International Circuit,Race circuit,Pierre Gasly,3,20,9538,1631,BHR,FRA,ITA,0,0,485.0
2022,Red Bull,Jeddah Corniche Circuit,Street circuit,Max Verstappen,3,27,8944,2569,SAU,NLD,AUT,0,0,-625.0
2022,Ferrari,Jeddah Corniche Circuit,Street circuit,Charles Leclerc,3,27,8928,1463,SAU,MCO,ITA,0,0,-861.0
2022,Ferrari,Jeddah Corniche Circuit,Street circuit,Carlos Sainz,3,27,10069,2569,SAU,ESP,ITA,0,0,-684.0
2022,Red Bull,Jeddah Corniche Circuit,Street circuit,Sergio Pérez,3,27,11748,4018,SAU,MEX,AUT,0,0,-886.0
2022,Mercedes,Jeddah Corniche Circuit,Street circuit,George Russell,3,27,8806,1106,SAU,GBR,DEU,0,0,18.0
2022,Alpine F1 Team,Jeddah Corniche Circuit,Street circuit,Esteban Ocon,3,27,9322,2037,SAU,FRA,FRA,0,0,-18.0
2022,AlphaTauri,Jeddah Corniche Circuit,Street circuit,Pierre Gasly,3,27,9545,1638,SAU,FRA,ITA,0,0,168.0
2022,Haas F1 Team,Jeddah Corniche Circuit,Street circuit,Kevin Magnussen,3,27,10765,2933,SAU,DNK,USA,0,0,460.0
2022,Alfa Romeo,Jeddah Corniche Circuit,Street circuit,Valtteri Bottas,3,27,11899,3297,SAU,FIN,CHE,0,0,97.0
2022,Alpine F1 Team,Jeddah Corniche Circuit,Street circuit,Fernando Alonso,3,27,14851,7693,SAU,ESP,FRA,0,0,61.0
2022,Ferrari,Albert Park Grand Prix Circuit,Street circuit,Charles Leclerc,4,10,8942,1477,AUS,MCO,ITA,0,0,-835.0
2022,Red Bull,Albert Park Grand Prix Circuit,Street circuit,Sergio Pérez,4,10,11762,4032,AUS,MEX,AUT,0,0,-463.0
2022,Mercedes,Albert Park Grand Prix Circuit,Street circuit,George Russell,4,10,8820,1120,AUS,GBR,DEU,0,0,230.0
2022,Mercedes,Albert Park Grand Prix Circuit,Street circuit,Lewis Hamilton,4,10,13607,5502,AUS,GBR,DEU,0,0,122.0
2022,McLaren,Albert Park Grand Prix Circuit,Street circuit,Lando Norris,4,10,8184,1120,AUS,GBR,GBR,0,0,0.0
2022,McLaren,Albert Park Grand Prix Circuit,Street circuit,Daniel Ricciardo,4,10,11971,3927,AUS,AUS,GBR,1,0,329.0
2022,Alpine F1 Team,Albert Park Grand Prix Circuit,Street circuit,Esteban Ocon,4,10,9336,2051,AUS,FRA,FRA,0,0,358.0
2022,Red Bull,Albert Park Grand Prix Circuit,Street circuit,Max Verstappen,4,10,8958,2583,AUS,NLD,AUT,0,0,-549.0
2022,Ferrari,Albert Park Grand Prix Circuit,Street circuit,Carlos Sainz,4,10,10083,2583,AUS,ESP,ITA,0,0,-234.0
2022,Red Bull,Autodromo Enzo e Dino Ferrari,Race circuit,Max Verstappen,4,24,8972,2597,ITA,NLD,AUT,0,0,-802.0
2022,Red Bull,Autodromo Enzo e Dino Ferrari,Race circuit,Sergio Pérez,4,24,11776,4046,ITA,MEX,AUT,0,0,-299.0
2022,McLaren,Autodromo Enzo e Dino Ferrari,Race circuit,Lando Norris,4,24,8198,1134,ITA,GBR,GBR,0,0,-301.0
2022,Alfa Romeo,Autodromo Enzo e Dino Ferrari,Race circuit,Valtteri Bottas,4,24,11927,3325,ITA,FIN,CHE,0,0,597.0
2022,Ferrari,Autodromo Enzo e Dino Ferrari,Race circuit,Charles Leclerc,4,24,8956,1491,ITA,MCO,ITA,0,1,-799.0
2022,Aston Martin,Autodromo Enzo e Dino Ferrari,Race circuit,Sebastian Vettel,4,24,12714,5425,ITA,DEU,GBR,0,0,362.0
2022,Haas F1 Team,Autodromo Enzo e Dino Ferrari,Race circuit,Kevin Magnussen,4,24,10793,2961,ITA,DNK,USA,0,0,307.0
2022,McLaren,Autodromo Enzo e Dino Ferrari,Race circuit,Daniel Ricciardo,4,24,11985,3941,ITA,AUS,GBR,0,0,385.0
2022,Alpine F1 Team,Autodromo Enzo e Dino Ferrari,Race circuit,Fernando Alonso,4,24,14879,7721,ITA,ESP,FRA,0,0,0.0
2022,Red Bull,Miami International Autodrome,Street circuit,Max Verstappen,5,8,8986,2611,USA,NLD,AUT,0,0,-559.0
2022,Ferrari,Miami International Autodrome,Street circuit,Charles Leclerc,5,8,8970,1505,USA,MCO,ITA,0,0,-754.0
2022,Ferrari,Miami International Autodrome,Street circuit,Carlos Sainz,5,8,10111,2611,USA,ESP,ITA,0,0,-564.0
2022,Red Bull,Miami International Autodrome,Street circuit,Sergio Pérez,5,8,11790,4060,USA,MEX,AUT,0,0,-514.0
2022,Mercedes,Miami International Autodrome,Street circuit,Lewis Hamilton,5,8,13635,5530,USA,GBR,DEU,0,0,75.0
2022,Alfa Romeo,Miami International Autodrome,Street circuit,Valtteri Bottas,5,8,11941,3339,USA,FIN,CHE,0,0,-75.0
2022,Aston Martin,Miami International Autodrome,Street circuit,Lance Stroll,5,8,8592,1869,USA,CAN,GBR,0,0,446.0
2022,AlphaTauri,Miami International Autodrome,Street circuit,Yuki Tsunoda,5,8,8032,406,USA,JPN,ITA,0,0,382.0
2022,AlphaTauri,Miami International Autodrome,Street circuit,Pierre Gasly,5,8,9587,1680,USA,FRA,ITA,0,0,140.0
2022,McLaren,Miami International Autodrome,Street circuit,Lando Norris,5,8,8212,1148,USA,GBR,GBR,0,0,84.0
2022,Red Bull,Circuit de Barcelona-Catalunya,Race circuit,Max Verstappen,5,22,9000,2625,ESP,NLD,AUT,0,0,-393.0
2022,Red Bull,Circuit de Barcelona-Catalunya,Race circuit,Sergio Pérez,5,22,11804,4074,ESP,MEX,AUT,0,0,-46.0
2022,Mercedes,Circuit de Barcelona-Catalunya,Race circuit,George Russell,5,22,8862,1162,ESP,GBR,DEU,0,0,-73.0
2022,Ferrari,Circuit de Barcelona-Catalunya,Race circuit,Carlos Sainz,5,22,10125,2625,ESP,ESP,ITA,1,0,-300.0
2022,Mercedes,Circuit de Barcelona-Catalunya,Race circuit,Lewis Hamilton,5,22,13649,5544,ESP,GBR,DEU,0,0,46.0
2022,Alfa Romeo,Circuit de Barcelona-Catalunya,Race circuit,Valtteri Bottas,5,22,11955,3353,ESP,FIN,CHE,0,0,142.0
2022,McLaren,Circuit de Barcelona-Catalunya,Race circuit,Daniel Ricciardo,5,22,12013,3969,ESP,AUS,GBR,0,0,821.0
2022,Haas F1 Team,Circuit de Barcelona-Catalunya,Race circuit,Mick Schumacher,5,22,8462,420,ESP,DEU,USA,0,0,902.0
2022,Haas F1 Team,Circuit de Barcelona-Catalunya,Race circuit,Kevin Magnussen,5,22,10821,2989,ESP,DNK,USA,0,0,216.0
2022,Ferrari,Circuit de Barcelona-Catalunya,Race circuit,Charles Leclerc,5,22,8984,1519,ESP,MCO,ITA,0,0,-716.0
2022,Red Bull,Circuit de Monaco,Street circuit,Sergio Pérez,5,29,11811,4081,MCO,MEX,AUT,0,0,-352.0
2022,Ferrari,Circuit de Monaco,Street circuit,Carlos Sainz,5,29,10132,2632,MCO,ESP,ITA,0,0,-380.0
2022,Red Bull,Circuit de Monaco,Street circuit,Max Verstappen,5,29,9007,2632,MCO,NLD,AUT,0,0,-314.0
2022,Ferrari,Circuit de Monaco,Street circuit,Charles Leclerc,5,29,8991,1526,MCO,MCO,ITA,1,0,-604.0
2022,Mercedes,Circuit de Monaco,Street circuit,George Russell,5,29,8869,1169,MCO,GBR,DEU,0,0,132.0
2022,McLaren,Circuit de Monaco,Street circuit,Lando Norris,5,29,8233,1169,MCO,GBR,GBR,0,0,-132.0
2022,Alpine F1 Team,Circuit de Monaco,Street circuit,Fernando Alonso,5,29,14914,7756,MCO,ESP,FRA,0,0,266.0
2022,Mercedes,Circuit de Monaco,Street circuit,Lewis Hamilton,5,29,13656,5551,MCO,GBR,DEU,0,0,580.0
2022,Aston Martin,Circuit de Monaco,Street circuit,Sebastian Vettel,5,29,12749,5460,MCO,DEU,GBR,0,0,632.0
2022,Alpine F1 Team,Circuit de Monaco,Street circuit,Esteban Ocon,5,29,9385,2100,MCO,FRA,FRA,0,0,548.0
2022,Red Bull,Baku City Circuit,Street circuit,Max Verstappen,6,12,9021,2646,AZE,NLD,AUT,0,0,-1072.0
2022,Red Bull,Baku City Circuit,Street circuit,Sergio Pérez,6,12,11825,4095,AZE,MEX,AUT,0,0,-1138.0
2022,Mercedes,Baku City Circuit,Street circuit,George Russell,6,12,8883,1183,AZE,GBR,DEU,0,0,-66.0
2022,Mercedes,Baku City Circuit,Street circuit,Lewis Hamilton,6,12,13670,5565,AZE,GBR,DEU,0,0,146.0
2022,AlphaTauri,Baku City Circuit,Street circuit,Pierre Gasly,6,12,9622,1715,AZE,FRA,ITA,0,0,66.0
2022,Aston Martin,Baku City Circuit,Street circuit,Sebastian Vettel,6,12,12763,5474,AZE,DEU,GBR,0,0,312.0
2022,Alpine F1 Team,Baku City Circuit,Street circuit,Fernando Alonso,6,12,14928,7770,AZE,ESP,FRA,0,0,394.0
2022,AlphaTauri,Baku City Circuit,Street circuit,Yuki Tsunoda,6,12,8067,441,AZE,JPN,ITA,0,0,278.0
2022,Ferrari,Baku City Circuit,Street circuit,Charles Leclerc,6,12,9005,1540,AZE,MCO,ITA,0,0,-1420.0
2022,Ferrari,Baku City Circuit,Street circuit,Carlos Sainz,6,12,10146,2646,AZE,ESP,ITA,0,0,-964.0
2022,Red Bull,Circuit Gilles Villeneuve,Street circuit,Max Verstappen,6,19,9028,2653,CAN,NLD,AUT,0,0,-1859.0
2022,Ferrari,Circuit Gilles Villeneuve,Street circuit,Carlos Sainz,6,19,10153,2653,CAN,ESP,ITA,0,0,-1062.0
2022,Mercedes,Circuit Gilles Villeneuve,Street circuit,Lewis Hamilton,6,19,13677,5572,CAN,GBR,DEU,0,0,-267.0
2022,Mercedes,Circuit Gilles Villeneuve,Street circuit,George Russell,6,19,8890,1190,CAN,GBR,DEU,0,0,399.0
2022,Alpine F1 Team,Circuit Gilles Villeneuve,Street circuit,Esteban Ocon,6,19,9406,2121,CAN,FRA,FRA,0,0,371.0
2022,Alfa Romeo,Circuit Gilles Villeneuve,Street circuit,Guanyu Zhou,6,19,8421,91,CAN,CHN,CHE,0,0,872.0
2022,Alpine F1 Team,Circuit Gilles Villeneuve,Street circuit,Fernando Alonso,6,19,14935,7777,CAN,ESP,FRA,0,0,-1214.0
2022,McLaren,Circuit Gilles Villeneuve,Street circuit,Daniel Ricciardo,6,19,12041,3997,CAN,AUS,GBR,0,0,591.0
2022,Haas F1 Team,Circuit Gilles Villeneuve,Street circuit,Kevin Magnussen,6,19,10849,3017,CAN,DNK,USA,0,0,-198.0
2022,Haas F1 Team,Circuit Gilles Villeneuve,Street circuit,Mick Schumacher,6,19,8490,448,CAN,DEU,USA,0,0,198.0
2022,Ferrari,Silverstone Circuit,Race circuit,Carlos Sainz,7,3,10167,2667,GBR,ESP,ITA,0,0,-284.0
2022,Red Bull,Silverstone Circuit,Race circuit,Sergio Pérez,7,3,11846,4116,GBR,MEX,AUT,0,0,46.0
2022,Mercedes,Silverstone Circuit,Race circuit,Lewis Hamilton,7,3,13691,5586,GBR,GBR,DEU,1,0,-46.0
2022,Ferrari,Silverstone Circuit,Race circuit,Charles Leclerc,7,3,9026,1561,GBR,MCO,ITA,0,0,-628.0
2022,Alpine F1 Team,Silverstone Circuit,Race circuit,Fernando Alonso,7,3,14949,7791,GBR,ESP,FRA,0,0,1124.0
2022,McLaren,Silverstone Circuit,Race circuit,Lando Norris,7,3,8268,1204,GBR,GBR,GBR,1,1,1040.0
2022,Red Bull,Silverstone Circuit,Race circuit,Max Verstappen,7,3,9042,2667,GBR,NLD,AUT,0,0,-1346.0
2022,Williams,Silverstone Circuit,Race circuit,Nicholas Latifi,7,3,9866,728,GBR,CAN,GBR,0,1,1524.0
2022,Mercedes,Silverstone Circuit,Race circuit,George Russell,7,3,8904,1204,GBR,GBR,DEU,1,0,-446.0
2022,Alfa Romeo,Silverstone Circuit,Race circuit,Guanyu Zhou,7,3,8435,105,GBR,CHN,CHE,0,0,316.0
2022,Ferrari,Red Bull Ring,Race circuit,Charles Leclerc,7,10,9033,1568,AUT,MCO,ITA,0,0,-462.0
2022,Red Bull,Red Bull Ring,Race circuit,Max Verstappen,7,10,9049,2674,AUT,NLD,AUT,0,1,-491.0
2022,Mercedes,Red Bull Ring,Race circuit,Lewis Hamilton,7,10,13698,5593,AUT,GBR,DEU,0,0,0.0
2022,Mercedes,Red Bull Ring,Race circuit,George Russell,7,10,8911,1211,AUT,GBR,DEU,0,0,-44.0
2022,Alpine F1 Team,Red Bull Ring,Race circuit,Esteban Ocon,7,10,9427,2142,AUT,FRA,FRA,0,0,251.0
2022,Haas F1 Team,Red Bull Ring,Race circuit,Mick Schumacher,7,10,8511,469,AUT,DEU,USA,0,0,536.0
2022,Haas F1 Team,Red Bull Ring,Race circuit,Kevin Magnussen,7,10,10870,3038,AUT,DNK,USA,0,0,404.0
2022,Alpine F1 Team,Red Bull Ring,Race circuit,Fernando Alonso,7,10,14956,7798,AUT,ESP,FRA,0,0,541.0
2022,Ferrari,Red Bull Ring,Race circuit,Carlos Sainz,7,10,10174,2674,AUT,ESP,ITA,0,0,-409.0
2022,Red Bull,Circuit Paul Ricard,Race circuit,Max Verstappen,7,24,9063,2688,FRA,NLD,AUT,0,0,-722.0
2022,Mercedes,Circuit Paul Ricard,Race circuit,Lewis Hamilton,7,24,13712,5607,FRA,GBR,DEU,0,0,-134.0
2022,Mercedes,Circuit Paul Ricard,Race circuit,George Russell,7,24,8925,1225,FRA,GBR,DEU,0,0,232.0
2022,Red Bull,Circuit Paul Ricard,Race circuit,Sergio Pérez,7,24,11867,4137,FRA,MEX,AUT,0,0,-564.0
2022,Alpine F1 Team,Circuit Paul Ricard,Race circuit,Fernando Alonso,7,24,14970,7812,FRA,ESP,FRA,0,1,654.0
2022,McLaren,Circuit Paul Ricard,Race circuit,Lando Norris,7,24,8289,1225,FRA,GBR,GBR,0,0,134.0
2022,Ferrari,Circuit Paul Ricard,Race circuit,Charles Leclerc,7,24,9047,1582,FRA,MCO,ITA,0,0,-1026.0
2022,AlphaTauri,Circuit Paul Ricard,Race circuit,Yuki Tsunoda,7,24,8109,483,FRA,JPN,ITA,0,0,882.0
2022,Red Bull,Hungaroring,Race circuit,Max Verstappen,7,31,9070,2695,HUN,NLD,AUT,0,0,-134.0
2022,Mercedes,Hungaroring,Race circuit,Lewis Hamilton,7,31,13719,5614,HUN,GBR,DEU,0,0,198.0
2022,Mercedes,Hungaroring,Race circuit,George Russell,7,31,8932,1232,HUN,GBR,DEU,0,0,-460.0
2022,Ferrari,Hungaroring,Race circuit,Carlos Sainz,7,31,10195,2695,HUN,ESP,ITA,0,0,-416.0
2022,Ferrari,Hungaroring,Race circuit,Charles Leclerc,7,31,9054,1589,HUN,MCO,ITA,0,0,-270.0
2022,McLaren,Hungaroring,Race circuit,Lando Norris,7,31,8296,1232,HUN,GBR,GBR,0,0,-68.0
2022,Alpine F1 Team,Hungaroring,Race circuit,Fernando Alonso,7,31,14977,7819,HUN,ESP,FRA,0,0,68.0
2022,Alpine F1 Team,Hungaroring,Race circuit,Esteban Ocon,7,31,9448,2163,HUN,FRA,FRA,0,0,182.0
2022,McLaren,Hungaroring,Race circuit,Daniel Ricciardo,7,31,12083,4039,HUN,AUS,GBR,0,0,362.0
2022,Alfa Romeo,Hungaroring,Race circuit,Valtteri Bottas,7,31,12025,3423,HUN,FIN,CHE,0,0,320.0
2022,Red Bull,Circuit de Spa-Francorchamps,Race circuit,Max Verstappen,8,28,9098,2723,BEL,NLD,AUT,0,0,-1609.0
2022,Red Bull,Circuit de Spa-Francorchamps,Race circuit,Sergio Pérez,8,28,11902,4172,BEL,MEX,AUT,0,0,-812.0
2022,Ferrari,Circuit de Spa-Francorchamps,Race circuit,Carlos Sainz,8,28,10223,2723,BEL,ESP,ITA,0,0,-977.0
2022,Mercedes,Circuit de Spa-Francorchamps,Race circuit,George Russell,8,28,8960,1260,BEL,GBR,DEU,0,0,187.0
2022,Alpine F1 Team,Circuit de Spa-Francorchamps,Race circuit,Fernando Alonso,8,28,15005,7847,BEL,ESP,FRA,0,0,94.0
2022,Ferrari,Circuit de Spa-Francorchamps,Race circuit,Charles Leclerc,8,28,9082,1617,BEL,MCO,ITA,0,0,-723.0
2022,Alpine F1 Team,Circuit de Spa-Francorchamps,Race circuit,Esteban Ocon,8,28,9476,2191,BEL,FRA,FRA,0,0,-94.0
2022,Williams,Circuit de Spa-Francorchamps,Race circuit,Alexander Albon,8,28,9654,1260,BEL,THA,GBR,0,0,398.0
2022,McLaren,Circuit de Spa-Francorchamps,Race circuit,Lando Norris,8,28,8324,1260,BEL,GBR,GBR,0,0,329.0
2022,Mercedes,Circuit de Spa-Francorchamps,Race circuit,Lewis Hamilton,8,28,13747,5642,BEL,GBR,DEU,0,0,146.0
2022,Red Bull,Circuit Park Zandvoort,Race circuit,Max Verstappen,9,4,9105,2730,NLD,NLD,AUT,1,0,-482.0
2022,Mercedes,Circuit Park Zandvoort,Race circuit,George Russell,9,4,8967,1267,NLD,GBR,DEU,0,0,0.0
2022,Ferrari,Circuit Park Zandvoort,Race circuit,Charles Leclerc,9,4,9089,1624,NLD,MCO,ITA,0,0,-461.0
2022,Mercedes,Circuit Park Zandvoort,Race circuit,Lewis Hamilton,9,4,13754,5649,NLD,GBR,DEU,0,0,-176.0
2022,Red Bull,Circuit Park Zandvoort,Race circuit,Sergio Pérez,9,4,11909,4179,NLD,MEX,AUT,0,0,253.0
2022,McLaren,Circuit Park Zandvoort,Race circuit,Lando Norris,9,4,8331,1267,NLD,GBR,GBR,0,0,292.0
2022,Ferrari,Circuit Park Zandvoort,Race circuit,Carlos Sainz,9,4,10230,2730,NLD,ESP,ITA,0,0,-390.0
2022,Haas F1 Team,Circuit Park Zandvoort,Race circuit,Mick Schumacher,9,4,8567,525,NLD,DEU,USA,0,0,596.0
2022,AlphaTauri,Circuit Park Zandvoort,Race circuit,Yuki Tsunoda,9,4,8151,525,NLD,JPN,ITA,0,0,603.0
2022,Red Bull,Autodromo Nazionale di Monza,Race circuit,Max Verstappen,9,11,9112,2737,ITA,NLD,AUT,0,0,-1218.0
2022,Ferrari,Autodromo Nazionale di Monza,Race circuit,Charles Leclerc,9,11,9096,1631,ITA,MCO,ITA,0,1,-1363.0
2022,Mercedes,Autodromo Nazionale di Monza,Race circuit,George Russell,9,11,8974,1274,ITA,GBR,DEU,0,0,18.0
2022,Ferrari,Autodromo Nazionale di Monza,Race circuit,Carlos Sainz,9,11,10237,2737,ITA,ESP,ITA,0,1,-1095.0
2022,Mercedes,Autodromo Nazionale di Monza,Race circuit,Lewis Hamilton,9,11,13761,5656,ITA,GBR,DEU,0,0,0.0
2022,Red Bull,Autodromo Nazionale di Monza,Race circuit,Sergio Pérez,9,11,11916,4186,ITA,MEX,AUT,0,0,-318.0
2022,McLaren,Autodromo Nazionale di Monza,Race circuit,Lando Norris,9,11,8338,1274,ITA,GBR,GBR,0,0,60.0
2022,AlphaTauri,Autodromo Nazionale di Monza,Race circuit,Pierre Gasly,9,11,9713,1806,ITA,FRA,ITA,0,1,486.0
2022,McLaren,Autodromo Nazionale di Monza,Race circuit,Daniel Ricciardo,9,11,12125,4081,ITA,AUS,GBR,0,0,331.0
2022,Red Bull,Marina Bay Street Circuit,Street circuit,Sergio Pérez,10,2,11937,4207,SGP,MEX,AUT,0,0,-841.0
2022,Ferrari,Marina Bay Street Circuit,Street circuit,Charles Leclerc,10,2,9117,1652,SGP,MCO,ITA,0,0,-863.0
2022,Ferrari,Marina Bay Street Circuit,Street circuit,Carlos Sainz,10,2,10258,2758,SGP,ESP,ITA,0,0,-692.0
2022,McLaren,Marina Bay Street Circuit,Street circuit,Lando Norris,10,2,8359,1295,SGP,GBR,GBR,0,0,309.0
2022,Red Bull,Marina Bay Street Circuit,Street circuit,Max Verstappen,10,2,9133,2758,SGP,NLD,AUT,0,0,1120.0
2022,Mercedes,Marina Bay Street Circuit,Street circuit,Lewis Hamilton,10,2,13782,5677,SGP,GBR,DEU,0,0,-809.0
2022,AlphaTauri,Marina Bay Street Circuit,Street circuit,Pierre Gasly,10,2,9734,1827,SGP,FRA,ITA,0,0,936.0
2022,Haas F1 Team,Marina Bay Street Circuit,Street circuit,Kevin Magnussen,10,2,10954,3122,SGP,DNK,USA,0,0,1298.0
2022,AlphaTauri,Marina Bay Street Circuit,Street circuit,Yuki Tsunoda,10,2,8179,553,SGP,JPN,ITA,0,0,1708.0
2022,Alpine F1 Team,Marina Bay Street Circuit,Street circuit,Fernando Alonso,10,2,15040,7882,SGP,ESP,FRA,0,0,-309.0
2022,Red Bull,Suzuka Circuit,Race circuit,Max Verstappen,10,9,9140,2765,JPN,NLD,AUT,0,0,-909.0
2022,Red Bull,Suzuka Circuit,Race circuit,Sergio Pérez,10,9,11944,4214,JPN,MEX,AUT,0,0,-504.0
2022,Ferrari,Suzuka Circuit,Race circuit,Charles Leclerc,10,9,9124,1659,JPN,MCO,ITA,0,0,-899.0
2022,Alpine F1 Team,Suzuka Circuit,Race circuit,Esteban Ocon,10,9,9518,2233,JPN,FRA,FRA,0,0,-48.0
2022,Mercedes,Suzuka Circuit,Race circuit,Lewis Hamilton,10,9,13789,5684,JPN,GBR,DEU,0,0,48.0
2022,Aston Martin,Suzuka Circuit,Race circuit,Sebastian Vettel,10,9,12882,5593,JPN,DEU,GBR,0,0,341.0
2022,Alpine F1 Team,Suzuka Circuit,Race circuit,Fernando Alonso,10,9,15047,7889,JPN,ESP,FRA,0,0,109.0
2022,Mercedes,Suzuka Circuit,Race circuit,George Russell,10,9,9002,1302,JPN,GBR,DEU,0,0,176.0
2022,McLaren,Suzuka Circuit,Race circuit,Lando Norris,10,9,8366,1302,JPN,GBR,GBR,0,0,260.0
2022,Ferrari,Suzuka Circuit,Race circuit,Carlos Sainz,10,9,10265,2765,JPN,ESP,ITA,0,0,-852.0
2022,Red Bull,Circuit of the Americas,Race circuit,Max Verstappen,10,23,9154,2779,USA,NLD,AUT,0,0,-520.0
2022,Mercedes,Circuit of the Americas,Race circuit,Lewis Hamilton,10,23,13803,5698,USA,GBR,DEU,0,0,-20.0
2022,Ferrari,Circuit of the Americas,Race circuit,Charles Leclerc,10,23,9138,1673,USA,MCO,ITA,0,0,-546.0
2022,Red Bull,Circuit of the Americas,Race circuit,Sergio Pérez,10,23,11958,4228,USA,MEX,AUT,0,0,-322.0
2022,Mercedes,Circuit of the Americas,Race circuit,George Russell,10,23,9016,1316,USA,GBR,DEU,0,0,20.0
2022,McLaren,Circuit of the Americas,Race circuit,Lando Norris,10,23,8380,1316,USA,GBR,GBR,0,0,722.0
2022,Alpine F1 Team,Circuit of the Americas,Race circuit,Fernando Alonso,10,23,15061,7903,USA,ESP,FRA,0,0,908.0
2022,Aston Martin,Circuit of the Americas,Race circuit,Lance Stroll,10,23,8760,2037,USA,CAN,GBR,0,0,630.0
2022,Alfa Romeo,Circuit of the Americas,Race circuit,Valtteri Bottas,10,23,12109,3507,USA,FIN,CHE,0,0,1352.0
2022,Ferrari,Circuit of the Americas,Race circuit,Carlos Sainz,10,23,10279,2779,USA,ESP,ITA,0,0,-612.0
2022,Red Bull,Autódromo Hermanos Rodríguez,Race circuit,Max Verstappen,10,30,9161,2786,MEX,NLD,AUT,0,0,-601.0
2022,Mercedes,Autódromo Hermanos Rodríguez,Race circuit,Lewis Hamilton,10,30,13810,5705,MEX,GBR,DEU,0,0,-292.0
2022,Red Bull,Autódromo Hermanos Rodríguez,Race circuit,Sergio Pérez,10,30,11965,4235,MEX,MEX,AUT,1,0,-248.0
2022,Mercedes,Autódromo Hermanos Rodríguez,Race circuit,George Russell,10,30,9023,1323,MEX,GBR,DEU,0,0,-297.0
2022,Ferrari,Autódromo Hermanos Rodríguez,Race circuit,Carlos Sainz,10,30,10286,2786,MEX,ESP,ITA,0,0,-25.0
2022,Ferrari,Autódromo Hermanos Rodríguez,Race circuit,Charles Leclerc,10,30,9145,1680,MEX,MCO,ITA,0,0,179.0
2022,Alpine F1 Team,Autódromo Hermanos Rodríguez,Race circuit,Esteban Ocon,10,30,9539,2254,MEX,FRA,FRA,0,0,634.0
2022,McLaren,Autódromo Hermanos Rodríguez,Race circuit,Lando Norris,10,30,8387,1323,MEX,GBR,GBR,0,0,345.0
2022,Alfa Romeo,Autódromo Hermanos Rodríguez,Race circuit,Valtteri Bottas,10,30,12116,3514,MEX,FIN,CHE,0,0,25.0
2022,Alpine F1 Team,Autódromo Hermanos Rodríguez,Race circuit,Fernando Alonso,10,30,15068,7910,MEX,ESP,FRA,0,0,563.0
2022,Mercedes,Autódromo José Carlos Pace,Race circuit,George Russell,11,13,9037,1337,BRA,GBR,DEU,0,0,-76.0
2022,Mercedes,Autódromo José Carlos Pace,Race circuit,Lewis Hamilton,11,13,13824,5719,BRA,GBR,DEU,0,0,145.0
2022,Ferrari,Autódromo José Carlos Pace,Race circuit,Carlos Sainz,11,13,10300,2800,BRA,ESP,ITA,0,0,-504.0
2022,Alpine F1 Team,Autódromo José Carlos Pace,Race circuit,Fernando Alonso,11,13,15082,7924,BRA,ESP,FRA,0,0,0.0
2022,Red Bull,Autódromo José Carlos Pace,Race circuit,Max Verstappen,11,13,9175,2800,BRA,NLD,AUT,0,0,-513.0
2022,Red Bull,Autódromo José Carlos Pace,Race circuit,Sergio Pérez,11,13,11979,4249,BRA,MEX,AUT,0,0,62.0
2022,Alpine F1 Team,Autódromo José Carlos Pace,Race circuit,Esteban Ocon,11,13,9553,2268,BRA,FRA,FRA,0,0,193.0
2022,McLaren,Autódromo José Carlos Pace,Race circuit,Lando Norris,11,13,8401,1337,BRA,GBR,GBR,0,0,-17.0
2022,Haas F1 Team,Autódromo José Carlos Pace,Race circuit,Kevin Magnussen,11,13,10996,3164,BRA,DNK,USA,0,0,16.0
2022,Red Bull,Yas Marina Circuit,Race circuit,Max Verstappen,11,20,9182,2807,ARE,NLD,AUT,0,0,-686.0
2022,Ferrari,Yas Marina Circuit,Race circuit,Charles Leclerc,11,20,9166,1701,ARE,MCO,ITA,0,0,-418.0
2022,Red Bull,Yas Marina Circuit,Race circuit,Sergio Pérez,11,20,11986,4256,ARE,MEX,AUT,0,0,-458.0
2022,Ferrari,Yas Marina Circuit,Race circuit,Carlos Sainz,11,20,10307,2807,ARE,ESP,ITA,0,0,-268.0
2022,Mercedes,Yas Marina Circuit,Race circuit,George Russell,11,20,9044,1344,ARE,GBR,DEU,0,0,2.0
2022,McLaren,Yas Marina Circuit,Race circuit,Lando Norris,11,20,8408,1344,ARE,GBR,GBR,0,0,260.0
2022,Alpine F1 Team,Yas Marina Circuit,Race circuit,Esteban Ocon,11,20,9560,2275,ARE,FRA,FRA,0,0,320.0
2022,McLaren,Yas Marina Circuit,Race circuit,Daniel Ricciardo,11,20,12195,4151,ARE,AUS,GBR,0,0,536.0
2022,Aston Martin,Yas Marina Circuit,Race circuit,Sebastian Vettel,11,20,12924,5635,ARE,DEU,GBR,0,0,452.0
2022,Mercedes,Yas Marina Circuit,Race circuit,Lewis Hamilton,11,20,13831,5726,ARE,GBR,DEU,0,0,-2.0
2023,Red Bull,Bahrain International Circuit,Race circuit,Max Verstappen,3,5,9287,2912,BHR,NLD,AUT,0,0,-628.0
2023,Red Bull,Bahrain International Circuit,Race circuit,Sergio Pérez,3,5,12091,4361,BHR,MEX,AUT,0,0,-490.0
2023,Aston Martin,Bahrain International Circuit,Race circuit,Fernando Alonso,3,5,15194,8036,BHR,ESP,GBR,0,0,0.0
2023,Ferrari,Bahrain International Circuit,Race circuit,Carlos Sainz,3,5,10412,2912,BHR,ESP,ITA,0,0,-182.0
2023,Mercedes,Bahrain International Circuit,Race circuit,Lewis Hamilton,3,5,13936,5831,BHR,GBR,DEU,0,0,48.0
2023,Aston Martin,Bahrain International Circuit,Race circuit,Lance Stroll,3,5,8893,2170,BHR,CAN,GBR,0,0,500.0
2023,Mercedes,Bahrain International Circuit,Race circuit,George Russell,3,5,9149,1449,BHR,GBR,DEU,0,0,4.0
2023,Alpine F1 Team,Bahrain International Circuit,Race circuit,Esteban Ocon,3,5,9665,2380,BHR,FRA,FRA,0,0,578.0
2023,Ferrari,Bahrain International Circuit,Race circuit,Charles Leclerc,3,5,9271,1806,BHR,MCO,ITA,0,0,-336.0
2023,Red Bull,Jeddah Corniche Circuit,Street circuit,Sergio Pérez,3,19,12105,4375,SAU,MEX,AUT,0,0,-673.0
2023,Aston Martin,Jeddah Corniche Circuit,Street circuit,Fernando Alonso,3,19,15208,8050,SAU,ESP,GBR,0,0,-208.0
2023,Mercedes,Jeddah Corniche Circuit,Street circuit,George Russell,3,19,9163,1463,SAU,GBR,DEU,0,0,-81.0
2023,Mercedes,Jeddah Corniche Circuit,Street circuit,Lewis Hamilton,3,19,13950,5845,SAU,GBR,DEU,0,0,285.0
2023,Ferrari,Jeddah Corniche Circuit,Street circuit,Carlos Sainz,3,19,10426,2926,SAU,ESP,ITA,0,0,-7.0
2023,Ferrari,Jeddah Corniche Circuit,Street circuit,Charles Leclerc,3,19,9285,1820,SAU,MCO,ITA,0,0,-518.0
2023,Alpine F1 Team,Jeddah Corniche Circuit,Street circuit,Esteban Ocon,3,19,9679,2394,SAU,FRA,FRA,0,0,140.0
2023,Alpine F1 Team,Jeddah Corniche Circuit,Street circuit,Pierre Gasly,3,19,9902,1995,SAU,FRA,FRA,0,0,419.0
2023,McLaren,Jeddah Corniche Circuit,Street circuit,Oscar Piastri,3,19,8017,14,SAU,AUS,GBR,0,0,305.0
2023,Aston Martin,Jeddah Corniche Circuit,Street circuit,Lance Stroll,3,19,8907,2184,SAU,CAN,GBR,0,0,7.0
2023,Red Bull,Albert Park Grand Prix Circuit,Street circuit,Max Verstappen,4,2,9315,2940,AUS,NLD,AUT,0,0,-557.0
2023,Mercedes,Albert Park Grand Prix Circuit,Street circuit,Lewis Hamilton,4,2,13964,5859,AUS,GBR,DEU,0,0,-185.0
2023,Aston Martin,Albert Park Grand Prix Circuit,Street circuit,Fernando Alonso,4,2,15222,8064,AUS,ESP,GBR,0,0,-150.0
2023,Aston Martin,Albert Park Grand Prix Circuit,Street circuit,Lance Stroll,4,2,8921,2198,AUS,CAN,GBR,0,0,19.0
2023,Haas F1 Team,Albert Park Grand Prix Circuit,Street circuit,Nico Hülkenberg,4,2,13010,4767,AUS,DEU,USA,0,0,123.0
2023,Ferrari,Albert Park Grand Prix Circuit,Street circuit,Carlos Sainz,4,2,10440,2940,AUS,ESP,ITA,0,0,-19.0
2023,Alpine F1 Team,Albert Park Grand Prix Circuit,Street circuit,Pierre Gasly,4,2,9916,2009,AUS,FRA,FRA,0,0,285.0
2023,Mercedes,Albert Park Grand Prix Circuit,Street circuit,George Russell,4,2,9177,1477,AUS,GBR,DEU,0,0,-321.0
2023,Williams,Albert Park Grand Prix Circuit,Street circuit,Alexander Albon,4,2,9871,1477,AUS,THA,GBR,0,0,320.0
2023,Ferrari,Albert Park Grand Prix Circuit,Street circuit,Charles Leclerc,4,2,9299,1834,AUS,MCO,ITA,0,0,80.0
2023,Red Bull,Baku City Circuit,Street circuit,Sergio Pérez,4,30,12147,4417,AZE,MEX,AUT,0,0,-720.0
2023,Red Bull,Baku City Circuit,Street circuit,Max Verstappen,4,30,9343,2968,AZE,NLD,AUT,0,0,-824.0
2023,Ferrari,Baku City Circuit,Street circuit,Charles Leclerc,4,30,9327,1862,AZE,MCO,ITA,0,0,-1012.0
2023,Aston Martin,Baku City Circuit,Street circuit,Fernando Alonso,4,30,15250,8092,AZE,ESP,GBR,0,0,38.0
2023,Ferrari,Baku City Circuit,Street circuit,Carlos Sainz,4,30,10468,2968,AZE,ESP,ITA,0,0,-199.0
2023,Mercedes,Baku City Circuit,Street circuit,Lewis Hamilton,4,30,13992,5887,AZE,GBR,DEU,0,0,-38.0
2023,Aston Martin,Baku City Circuit,Street circuit,Lance Stroll,4,30,8949,2226,AZE,CAN,GBR,0,0,361.0
2023,McLaren,Baku City Circuit,Street circuit,Lando Norris,4,30,8569,1505,AZE,GBR,GBR,0,0,66.0
2023,AlphaTauri,Baku City Circuit,Street circuit,Yuki Tsunoda,4,30,8389,763,AZE,JPN,ITA,0,0,354.0
2023,McLaren,Baku City Circuit,Street circuit,Oscar Piastri,4,30,8059,56,AZE,AUS,GBR,0,0,396.0
2023,Red Bull,Miami International Autodrome,Street circuit,Sergio Pérez,5,7,12154,4424,USA,MEX,AUT,0,0,-455.0
2023,Aston Martin,Miami International Autodrome,Street circuit,Fernando Alonso,5,7,15257,8099,USA,ESP,GBR,0,0,-199.0
2023,Mercedes,Miami International Autodrome,Street circuit,George Russell,5,7,9212,1512,USA,GBR,DEU,0,0,447.0
2023,Ferrari,Miami International Autodrome,Street circuit,Carlos Sainz,5,7,10475,2975,USA,ESP,ITA,0,0,-148.0
2023,Ferrari,Miami International Autodrome,Street circuit,Charles Leclerc,5,7,9334,1869,USA,MCO,ITA,0,0,-332.0
2023,Alpine F1 Team,Miami International Autodrome,Street circuit,Pierre Gasly,5,7,9951,2044,USA,FRA,FRA,0,0,316.0
2023,Alpine F1 Team,Miami International Autodrome,Street circuit,Esteban Ocon,5,7,9728,2443,USA,FRA,FRA,0,0,148.0
2023,Haas F1 Team,Miami International Autodrome,Street circuit,Kevin Magnussen,5,7,11171,3339,USA,DNK,USA,0,1,377.0
2023,Red Bull,Circuit de Monaco,Street circuit,Max Verstappen,5,28,9371,2996,MCO,NLD,AUT,0,0,-312.0
2023,Aston Martin,Circuit de Monaco,Street circuit,Fernando Alonso,5,28,15278,8120,MCO,ESP,GBR,0,0,-228.0
2023,Alpine F1 Team,Circuit de Monaco,Street circuit,Esteban Ocon,5,28,9749,2464,MCO,FRA,FRA,0,0,-124.0
2023,Mercedes,Circuit de Monaco,Street circuit,Lewis Hamilton,5,28,14020,5915,MCO,GBR,DEU,0,0,48.0
2023,Mercedes,Circuit de Monaco,Street circuit,George Russell,5,28,9233,1533,MCO,GBR,DEU,0,0,286.0
2023,Ferrari,Circuit de Monaco,Street circuit,Charles Leclerc,5,28,9355,1890,MCO,MCO,ITA,1,0,-206.0
2023,Alpine F1 Team,Circuit de Monaco,Street circuit,Pierre Gasly,5,28,9972,2065,MCO,FRA,FRA,0,0,256.0
2023,Ferrari,Circuit de Monaco,Street circuit,Carlos Sainz,5,28,10496,2996,MCO,ESP,ITA,0,0,-48.0
2023,McLaren,Circuit de Monaco,Street circuit,Lando Norris,5,28,8597,1533,MCO,GBR,GBR,0,0,576.0
2023,AlphaTauri,Circuit de Monaco,Street circuit,Yuki Tsunoda,5,28,8417,791,MCO,JPN,ITA,0,0,404.0
2023,Red Bull,Circuit de Barcelona-Catalunya,Race circuit,Max Verstappen,6,4,9378,3003,ESP,NLD,AUT,0,0,-634.0
2023,Mercedes,Circuit de Barcelona-Catalunya,Race circuit,Lewis Hamilton,6,4,14027,5922,ESP,GBR,DEU,0,0,-88.0
2023,Ferrari,Circuit de Barcelona-Catalunya,Race circuit,Carlos Sainz,6,4,10503,3003,ESP,ESP,ITA,1,0,-172.0
2023,Aston Martin,Circuit de Barcelona-Catalunya,Race circuit,Lance Stroll,6,4,8984,2261,ESP,CAN,GBR,0,0,88.0
2023,Aston Martin,Circuit de Barcelona-Catalunya,Race circuit,Fernando Alonso,6,4,15285,8127,ESP,ESP,GBR,1,0,192.0
2023,Alpine F1 Team,Circuit de Barcelona-Catalunya,Race circuit,Esteban Ocon,6,4,9756,2471,ESP,FRA,FRA,0,0,95.0
2023,Alpine F1 Team,Circuit de Barcelona-Catalunya,Race circuit,Pierre Gasly,6,4,9979,2072,ESP,FRA,FRA,0,0,-90.0
2023,McLaren,Circuit de Barcelona-Catalunya,Race circuit,Oscar Piastri,6,4,8094,91,ESP,AUS,GBR,0,0,153.0
2023,Haas F1 Team,Circuit de Barcelona-Catalunya,Race circuit,Nico Hülkenberg,6,4,13073,4830,ESP,DEU,USA,0,0,323.0
2023,McLaren,Circuit de Barcelona-Catalunya,Race circuit,Lando Norris,6,4,8604,1540,ESP,GBR,GBR,0,0,-130.0
2023,Red Bull,Circuit Gilles Villeneuve,Street circuit,Max Verstappen,6,18,9392,3017,CAN,NLD,AUT,0,0,-764.0
2023,Aston Martin,Circuit Gilles Villeneuve,Street circuit,Fernando Alonso,6,18,15299,8141,CAN,ESP,GBR,0,0,-80.0
2023,Mercedes,Circuit Gilles Villeneuve,Street circuit,Lewis Hamilton,6,18,14041,5936,CAN,GBR,DEU,0,0,570.0
2023,Ferrari,Circuit Gilles Villeneuve,Street circuit,Carlos Sainz,6,18,10517,3017,CAN,ESP,ITA,0,0,0.0
2023,Alpine F1 Team,Circuit Gilles Villeneuve,Street circuit,Esteban Ocon,6,18,9770,2485,CAN,FRA,FRA,0,0,550.0
2023,McLaren,Circuit Gilles Villeneuve,Street circuit,Oscar Piastri,6,18,8108,105,CAN,AUS,GBR,0,0,-197.0
2023,McLaren,Circuit Gilles Villeneuve,Street circuit,Lando Norris,6,18,8618,1554,CAN,GBR,GBR,0,0,-509.0
2023,Haas F1 Team,Circuit Gilles Villeneuve,Street circuit,Nico Hülkenberg,6,18,13087,4844,CAN,DEU,USA,0,0,449.0
2023,Mercedes,Circuit Gilles Villeneuve,Street circuit,George Russell,6,18,9254,1554,CAN,GBR,DEU,0,0,242.0
2023,Red Bull,Red Bull Ring,Race circuit,Max Verstappen,7,2,9406,3031,AUT,NLD,AUT,0,1,-465.0
2023,Ferrari,Red Bull Ring,Race circuit,Charles Leclerc,7,2,9390,1925,AUT,MCO,ITA,0,0,-417.0
2023,McLaren,Red Bull Ring,Race circuit,Lando Norris,7,2,8632,1568,AUT,GBR,GBR,0,0,-198.0
2023,Aston Martin,Red Bull Ring,Race circuit,Fernando Alonso,7,2,15313,8155,AUT,ESP,GBR,0,0,55.0
2023,Ferrari,Red Bull Ring,Race circuit,Carlos Sainz,7,2,10531,3031,AUT,ESP,ITA,0,0,-275.0
2023,Mercedes,Red Bull Ring,Race circuit,Lewis Hamilton,7,2,14055,5950,AUT,GBR,DEU,0,0,-37.0
2023,Aston Martin,Red Bull Ring,Race circuit,Lance Stroll,7,2,9012,2289,AUT,CAN,GBR,0,0,37.0
2023,Alpine F1 Team,Red Bull Ring,Race circuit,Pierre Gasly,7,2,10007,2100,AUT,FRA,FRA,0,0,314.0
2023,Williams,Red Bull Ring,Race circuit,Alexander Albon,7,2,9962,1568,AUT,THA,GBR,0,0,531.0
2023,Haas F1 Team,Red Bull Ring,Race circuit,Nico Hülkenberg,7,2,13101,4858,AUT,DEU,USA,0,0,234.0
2023,Red Bull,Silverstone Circuit,Race circuit,Max Verstappen,7,9,9413,3038,GBR,NLD,AUT,0,0,-432.0
2023,McLaren,Silverstone Circuit,Race circuit,Lando Norris,7,9,8639,1575,GBR,GBR,GBR,1,1,-190.0
2023,Mercedes,Silverstone Circuit,Race circuit,Lewis Hamilton,7,9,14062,5957,GBR,GBR,DEU,1,0,60.0
2023,McLaren,Silverstone Circuit,Race circuit,Oscar Piastri,7,9,8129,126,GBR,AUS,GBR,0,1,-60.0
2023,Mercedes,Silverstone Circuit,Race circuit,George Russell,7,9,9275,1575,GBR,GBR,DEU,1,0,4.0
2023,Aston Martin,Silverstone Circuit,Race circuit,Fernando Alonso,7,9,15320,8162,GBR,ESP,GBR,0,1,508.0
2023,Williams,Silverstone Circuit,Race circuit,Alexander Albon,7,9,9969,1575,GBR,THA,GBR,0,1,378.0
2023,Ferrari,Silverstone Circuit,Race circuit,Charles Leclerc,7,9,9397,1932,GBR,MCO,ITA,0,0,-16.0
2023,Ferrari,Silverstone Circuit,Race circuit,Carlos Sainz,7,9,10538,3038,GBR,ESP,ITA,0,0,-4.0
2023,Alpine F1 Team,Silverstone Circuit,Race circuit,Pierre Gasly,7,9,10014,2107,GBR,FRA,FRA,0,0,538.0
2023,Red Bull,Hungaroring,Race circuit,Max Verstappen,7,23,9427,3052,HUN,NLD,AUT,0,0,-370.0
2023,McLaren,Hungaroring,Race circuit,Lando Norris,7,23,8653,1589,HUN,GBR,GBR,0,0,-288.0
2023,Red Bull,Hungaroring,Race circuit,Sergio Pérez,7,23,12231,4501,HUN,MEX,AUT,0,0,64.0
2023,Mercedes,Hungaroring,Race circuit,Lewis Hamilton,7,23,14076,5971,HUN,GBR,DEU,0,0,-372.0
2023,McLaren,Hungaroring,Race circuit,Oscar Piastri,7,23,8143,140,HUN,AUS,GBR,0,0,-76.0
2023,Ferrari,Hungaroring,Race circuit,Charles Leclerc,7,23,9411,1946,HUN,MCO,ITA,0,0,10.0
2023,Aston Martin,Hungaroring,Race circuit,Fernando Alonso,7,23,15334,8176,HUN,ESP,GBR,0,0,54.0
2023,Alfa Romeo,Hungaroring,Race circuit,Valtteri Bottas,7,23,12382,3780,HUN,FIN,CHE,0,0,52.0
2023,Haas F1 Team,Hungaroring,Race circuit,Nico Hülkenberg,7,23,13122,4879,HUN,DEU,USA,0,0,204.0
2023,Alfa Romeo,Hungaroring,Race circuit,Guanyu Zhou,7,23,8820,490,HUN,CHN,CHE,0,0,-10.0
2023,Red Bull,Circuit de Spa-Francorchamps,Race circuit,Max Verstappen,7,30,9434,3059,BEL,NLD,AUT,0,0,-1090.0
2023,Red Bull,Circuit de Spa-Francorchamps,Race circuit,Sergio Pérez,7,30,12238,4508,BEL,MEX,AUT,0,0,-214.0
2023,Ferrari,Circuit de Spa-Francorchamps,Race circuit,Charles Leclerc,7,30,9418,1953,BEL,MCO,ITA,0,0,-270.0
2023,Mercedes,Circuit de Spa-Francorchamps,Race circuit,Lewis Hamilton,7,30,14083,5978,BEL,GBR,DEU,0,0,-172.0
2023,Aston Martin,Circuit de Spa-Francorchamps,Race circuit,Fernando Alonso,7,30,15341,8183,BEL,ESP,GBR,0,0,584.0
2023,Mercedes,Circuit de Spa-Francorchamps,Race circuit,George Russell,7,30,9296,1596,BEL,GBR,DEU,0,0,546.0
2023,McLaren,Circuit de Spa-Francorchamps,Race circuit,Lando Norris,7,30,8660,1596,BEL,GBR,GBR,0,0,410.0
2023,Aston Martin,Circuit de Spa-Francorchamps,Race circuit,Lance Stroll,7,30,9040,2317,BEL,CAN,GBR,0,0,1582.0
2023,Ferrari,Circuit de Spa-Francorchamps,Race circuit,Carlos Sainz,7,30,10559,3059,BEL,ESP,ITA,0,0,-106.0
2023,McLaren,Circuit de Spa-Francorchamps,Race circuit,Oscar Piastri,7,30,8150,147,BEL,AUS,GBR,0,0,106.0
2023,Red Bull,Circuit Park Zandvoort,Race circuit,Max Verstappen,8,27,9462,3087,NLD,NLD,AUT,1,0,-1063.0
2023,Aston Martin,Circuit Park Zandvoort,Race circuit,Fernando Alonso,8,27,15369,8211,NLD,ESP,GBR,0,0,-124.0
2023,Red Bull,Circuit Park Zandvoort,Race circuit,Sergio Pérez,8,27,12266,4536,NLD,MEX,AUT,0,0,250.0
2023,Ferrari,Circuit Park Zandvoort,Race circuit,Carlos Sainz,8,27,10587,3087,NLD,ESP,ITA,0,0,124.0
2023,McLaren,Circuit Park Zandvoort,Race circuit,Lando Norris,8,27,8688,1624,NLD,GBR,GBR,0,0,-526.0
2023,Williams,Circuit Park Zandvoort,Race circuit,Alexander Albon,8,27,10018,1624,NLD,THA,GBR,0,0,-211.0
2023,McLaren,Circuit Park Zandvoort,Race circuit,Oscar Piastri,8,27,8178,175,NLD,AUS,GBR,0,0,308.0
2023,Mercedes,Circuit Park Zandvoort,Race circuit,George Russell,8,27,9324,1624,NLD,GBR,DEU,0,0,-336.0
2023,Ferrari,Circuit Park Zandvoort,Race circuit,Charles Leclerc,8,27,9446,1981,NLD,MCO,ITA,0,0,1035.0
2023,Williams,Circuit Park Zandvoort,Race circuit,Logan Sargeant,8,27,8274,175,NLD,USA,GBR,0,0,5118.0
2023,Red Bull,Autodromo Nazionale di Monza,Race circuit,Max Verstappen,9,3,9469,3094,ITA,NLD,AUT,0,0,-417.0
2023,Red Bull,Autodromo Nazionale di Monza,Race circuit,Sergio Pérez,9,3,12273,4543,ITA,MEX,AUT,0,0,-36.0
2023,Ferrari,Autodromo Nazionale di Monza,Race circuit,Carlos Sainz,9,3,10594,3094,ITA,ESP,ITA,0,1,-430.0
2023,Ferrari,Autodromo Nazionale di Monza,Race circuit,Charles Leclerc,9,3,9453,1988,ITA,MCO,ITA,0,1,-363.0
2023,Mercedes,Autodromo Nazionale di Monza,Race circuit,George Russell,9,3,9331,1631,ITA,GBR,DEU,0,0,-53.0
2023,Mercedes,Autodromo Nazionale di Monza,Race circuit,Lewis Hamilton,9,3,14118,6013,ITA,GBR,DEU,0,0,96.0
2023,Williams,Autodromo Nazionale di Monza,Race circuit,Alexander Albon,9,3,10025,1631,ITA,THA,GBR,0,0,36.0
2023,McLaren,Autodromo Nazionale di Monza,Race circuit,Lando Norris,9,3,8695,1631,ITA,GBR,GBR,0,0,255.0
2023,Aston Martin,Autodromo Nazionale di Monza,Race circuit,Fernando Alonso,9,3,15376,8218,ITA,ESP,GBR,0,0,693.0
2023,McLaren,Autodromo Nazionale di Monza,Race circuit,Oscar Piastri,9,3,8185,182,ITA,AUS,GBR,0,0,61.0
2023,Ferrari,Marina Bay Street Circuit,Street circuit,Carlos Sainz,9,17,10608,3108,SGP,ESP,ITA,0,0,-546.0
2023,McLaren,Marina Bay Street Circuit,Street circuit,Lando Norris,9,17,8709,1645,SGP,GBR,GBR,0,0,-260.0
2023,Mercedes,Marina Bay Street Circuit,Street circuit,Lewis Hamilton,9,17,14132,6027,SGP,GBR,DEU,0,0,-45.0
2023,Ferrari,Marina Bay Street Circuit,Street circuit,Charles Leclerc,9,17,9467,2002,SGP,MCO,ITA,0,0,-467.0
2023,AlphaTauri,Marina Bay Street Circuit,Street circuit,Liam Lawson,9,17,7888,21,SGP,NZL,ITA,0,0,636.0
2023,Haas F1 Team,Marina Bay Street Circuit,Street circuit,Kevin Magnussen,9,17,11304,3472,SGP,DNK,USA,0,0,45.0
2023,Haas F1 Team,Marina Bay Street Circuit,Street circuit,Nico Hülkenberg,9,17,13178,4935,SGP,DEU,USA,0,0,278.0
2023,Aston Martin,Marina Bay Street Circuit,Street circuit,Fernando Alonso,9,17,15390,8232,SGP,ESP,GBR,0,0,85.0
2023,Mercedes,Marina Bay Street Circuit,Street circuit,George Russell,9,17,9345,1645,SGP,GBR,DEU,0,0,-474.0
2023,Alpine F1 Team,Marina Bay Street Circuit,Street circuit,Esteban Ocon,9,17,9861,2576,SGP,FRA,FRA,0,0,143.0
2023,Red Bull,Suzuka Circuit,Race circuit,Max Verstappen,9,24,9490,3115,JPN,NLD,AUT,0,0,-873.0
2023,McLaren,Suzuka Circuit,Race circuit,Lando Norris,9,24,8716,1652,JPN,GBR,GBR,0,0,-257.0
2023,McLaren,Suzuka Circuit,Race circuit,Oscar Piastri,9,24,8206,203,JPN,AUS,GBR,0,0,-292.0
2023,Ferrari,Suzuka Circuit,Race circuit,Charles Leclerc,9,24,9474,2009,JPN,MCO,ITA,0,0,-208.0
2023,Mercedes,Suzuka Circuit,Race circuit,Lewis Hamilton,9,24,14139,6034,JPN,GBR,DEU,0,0,158.0
2023,Ferrari,Suzuka Circuit,Race circuit,Carlos Sainz,9,24,10615,3115,JPN,ESP,ITA,0,0,100.0
2023,Mercedes,Suzuka Circuit,Race circuit,George Russell,9,24,9352,1652,JPN,GBR,DEU,0,0,469.0
2023,Aston Martin,Suzuka Circuit,Race circuit,Fernando Alonso,9,24,15397,8239,JPN,ESP,GBR,0,0,715.0
2023,AlphaTauri,Suzuka Circuit,Race circuit,Yuki Tsunoda,9,24,8536,910,JPN,JPN,ITA,1,0,454.0
2023,Red Bull,Suzuka Circuit,Race circuit,Sergio Pérez,9,24,12294,4564,JPN,MEX,AUT,0,0,-100.0
2023,Red Bull,Losail International Circuit,Race circuit,Max Verstappen,10,8,9504,3129,QAT,NLD,AUT,0,0,-646.0
2023,McLaren,Losail International Circuit,Race circuit,Oscar Piastri,10,8,8220,217,QAT,AUS,GBR,0,0,116.0
2023,Mercedes,Losail International Circuit,Race circuit,George Russell,10,8,9366,1666,QAT,GBR,DEU,0,0,-205.0
2023,Ferrari,Losail International Circuit,Race circuit,Charles Leclerc,10,8,9488,2023,QAT,MCO,ITA,0,0,0.0
2023,Aston Martin,Losail International Circuit,Race circuit,Fernando Alonso,10,8,15411,8253,QAT,ESP,GBR,0,0,-55.0
2023,Alpine F1 Team,Losail International Circuit,Race circuit,Esteban Ocon,10,8,9882,2597,QAT,FRA,FRA,0,0,339.0
2023,Alfa Romeo,Losail International Circuit,Race circuit,Valtteri Bottas,10,8,12459,3857,QAT,FIN,CHE,0,0,634.0
2023,Alpine F1 Team,Losail International Circuit,Race circuit,Pierre Gasly,10,8,10105,2198,QAT,FRA,FRA,0,0,129.0
2023,Mercedes,Losail International Circuit,Race circuit,Lewis Hamilton,10,8,14153,6048,QAT,GBR,DEU,0,0,-119.0
2023,Red Bull,Circuit of the Americas,Race circuit,Max Verstappen,10,22,9518,3143,USA,NLD,AUT,0,0,-36.0
2023,McLaren,Circuit of the Americas,Race circuit,Lando Norris,10,22,8744,1680,USA,GBR,GBR,0,0,-190.0
2023,Ferrari,Circuit of the Americas,Race circuit,Carlos Sainz,10,22,10643,3143,USA,ESP,ITA,0,0,-98.0
2023,Red Bull,Circuit of the Americas,Race circuit,Sergio Pérez,10,22,12322,4592,USA,MEX,AUT,0,0,130.0
2023,Mercedes,Circuit of the Americas,Race circuit,George Russell,10,22,9380,1680,USA,GBR,DEU,0,0,36.0
2023,Alpine F1 Team,Circuit of the Americas,Race circuit,Pierre Gasly,10,22,10119,2212,USA,FRA,FRA,0,0,46.0
2023,McLaren,Circuit of the Americas,Race circuit,Oscar Piastri,10,22,8234,231,USA,AUS,GBR,0,0,424.0
2023,Alpine F1 Team,Circuit of the Americas,Race circuit,Esteban Ocon,10,22,9896,2611,USA,FRA,FRA,0,0,110.0
2023,Mercedes,Circuit of the Americas,Race circuit,Lewis Hamilton,10,22,14167,6062,USA,GBR,DEU,0,0,-182.0
2023,Ferrari,Circuit of the Americas,Race circuit,Charles Leclerc,10,22,9502,2037,USA,MCO,ITA,0,0,-320.0
2023,Red Bull,Autódromo Hermanos Rodríguez,Race circuit,Max Verstappen,10,29,9525,3150,MEX,NLD,AUT,0,0,-176.0
2023,Mercedes,Autódromo Hermanos Rodríguez,Race circuit,Lewis Hamilton,10,29,14174,6069,MEX,GBR,DEU,0,0,16.0
2023,Ferrari,Autódromo Hermanos Rodríguez,Race circuit,Charles Leclerc,10,29,9509,2044,MEX,MCO,ITA,0,0,-272.0
2023,Ferrari,Autódromo Hermanos Rodríguez,Race circuit,Carlos Sainz,10,29,10650,3150,MEX,ESP,ITA,0,0,-206.0
2023,Mercedes,Autódromo Hermanos Rodríguez,Race circuit,George Russell,10,29,9387,1687,MEX,GBR,DEU,0,0,234.0
2023,AlphaTauri,Autódromo Hermanos Rodríguez,Race circuit,Daniel Ricciardo,10,29,12538,4494,MEX,AUS,ITA,0,0,-56.0
2023,McLaren,Autódromo Hermanos Rodríguez,Race circuit,Oscar Piastri,10,29,8241,238,MEX,AUS,GBR,0,0,184.0
2023,Alfa Romeo,Autódromo Hermanos Rodríguez,Race circuit,Guanyu Zhou,10,29,8918,588,MEX,CHN,CHE,0,0,612.0
2023,Alfa Romeo,Autódromo Hermanos Rodríguez,Race circuit,Valtteri Bottas,10,29,12480,3878,MEX,FIN,CHE,0,0,578.0
2023,Red Bull,Autódromo Hermanos Rodríguez,Race circuit,Sergio Pérez,10,29,12329,4599,MEX,MEX,AUT,1,0,-16.0
2023,Red Bull,Autódromo José Carlos Pace,Race circuit,Max Verstappen,11,5,9532,3157,BRA,NLD,AUT,0,0,-92.0
2023,McLaren,Autódromo José Carlos Pace,Race circuit,Lando Norris,11,5,8758,1694,BRA,GBR,GBR,0,0,-233.0
2023,Aston Martin,Autódromo José Carlos Pace,Race circuit,Fernando Alonso,11,5,15439,8281,BRA,ESP,GBR,0,0,-17.0
2023,Red Bull,Autódromo José Carlos Pace,Race circuit,Sergio Pérez,11,5,12336,4606,BRA,MEX,AUT,0,0,-35.0
2023,Aston Martin,Autódromo José Carlos Pace,Race circuit,Lance Stroll,11,5,9138,2415,BRA,CAN,GBR,0,0,121.0
2023,Ferrari,Autódromo José Carlos Pace,Race circuit,Carlos Sainz,11,5,10657,3157,BRA,ESP,ITA,0,0,0.0
2023,Mercedes,Autódromo José Carlos Pace,Race circuit,Lewis Hamilton,11,5,14181,6076,BRA,GBR,DEU,0,0,12.0
2023,Mercedes,Autódromo José Carlos Pace,Race circuit,George Russell,11,5,9394,1694,BRA,GBR,DEU,0,0,62.0
2023,Ferrari,Autódromo José Carlos Pace,Race circuit,Charles Leclerc,11,5,9516,2051,BRA,MCO,ITA,0,0,49.0
2023,Red Bull,Las Vegas Strip Street Circuit,Street circuit,Max Verstappen,11,19,9546,3171,USA,NLD,AUT,0,0,-177.0
2023,Ferrari,Las Vegas Strip Street Circuit,Street circuit,Charles Leclerc,11,19,9530,2065,USA,MCO,ITA,0,0,-555.0
2023,Ferrari,Las Vegas Strip Street Circuit,Street circuit,Carlos Sainz,11,19,10671,3171,USA,ESP,ITA,0,0,-511.0
2023,Mercedes,Las Vegas Strip Street Circuit,Street circuit,George Russell,11,19,9408,1708,USA,GBR,DEU,0,0,-169.0
2023,Aston Martin,Las Vegas Strip Street Circuit,Street circuit,Fernando Alonso,11,19,15453,8295,USA,ESP,GBR,0,0,274.0
2023,Alpine F1 Team,Las Vegas Strip Street Circuit,Street circuit,Pierre Gasly,11,19,10147,2240,USA,FRA,FRA,0,0,-42.0
2023,Williams,Las Vegas Strip Street Circuit,Street circuit,Alexander Albon,11,19,10102,1708,USA,THA,GBR,0,0,42.0
2023,Haas F1 Team,Las Vegas Strip Street Circuit,Street circuit,Kevin Magnussen,11,19,11367,3535,USA,DNK,USA,0,1,256.0
2023,Williams,Las Vegas Strip Street Circuit,Street circuit,Logan Sargeant,11,19,8358,259,USA,USA,GBR,1,0,232.0
2023,Alfa Romeo,Las Vegas Strip Street Circuit,Street circuit,Valtteri Bottas,11,19,12501,3899,USA,FIN,CHE,0,0,244.0
2023,Red Bull,Yas Marina Circuit,Race circuit,Max Verstappen,11,26,9553,3178,ARE,NLD,AUT,0,0,-447.0
2023,Ferrari,Yas Marina Circuit,Race circuit,Charles Leclerc,11,26,9537,2072,ARE,MCO,ITA,0,0,-308.0
2023,Mercedes,Yas Marina Circuit,Race circuit,George Russell,11,26,9415,1715,ARE,GBR,DEU,0,0,-104.0
2023,Red Bull,Yas Marina Circuit,Race circuit,Sergio Pérez,11,26,12357,4627,ARE,MEX,AUT,0,0,224.0
2023,McLaren,Yas Marina Circuit,Race circuit,Lando Norris,11,26,8779,1715,ARE,GBR,GBR,0,0,-76.0
2023,McLaren,Yas Marina Circuit,Race circuit,Oscar Piastri,11,26,8269,266,ARE,AUS,GBR,0,0,-110.0
2023,Aston Martin,Yas Marina Circuit,Race circuit,Fernando Alonso,11,26,15460,8302,ARE,ESP,GBR,0,0,192.0
2023,AlphaTauri,Yas Marina Circuit,Race circuit,Yuki Tsunoda,11,26,8599,973,ARE,JPN,ITA,0,0,76.0
2023,Alpine F1 Team,Yas Marina Circuit,Race circuit,Pierre Gasly,11,26,10154,2247,ARE,FRA,FRA,0,0,186.0
2023,Haas F1 Team,Yas Marina Circuit,Race circuit,Nico Hülkenberg,11,26,13248,5005,ARE,DEU,USA,0,0,216.0
2024,Red Bull,Bahrain International Circuit,Race circuit,Max Verstappen,3,2,9650,3275,BHR,NLD,AUT,0,0,-360.0
2024,Red Bull,Bahrain International Circuit,Race circuit,Sergio Pérez,3,2,12454,4724,BHR,MEX,AUT,0,0,-2.0
2024,Ferrari,Bahrain International Circuit,Race circuit,Carlos Sainz,3,2,10775,3275,BHR,ESP,ITA,0,0,-32.0
2024,Ferrari,Bahrain International Circuit,Race circuit,Charles Leclerc,3,2,9634,2169,BHR,MCO,ITA,0,0,-374.0
2024,Mercedes,Bahrain International Circuit,Race circuit,George Russell,3,2,9512,1812,BHR,GBR,DEU,0,0,-54.0
2024,McLaren,Bahrain International Circuit,Race circuit,Lando Norris,3,2,8876,1812,BHR,GBR,GBR,0,0,74.0
2024,Mercedes,Bahrain International Circuit,Race circuit,Lewis Hamilton,3,2,14299,6194,BHR,GBR,DEU,0,0,170.0
2024,McLaren,Bahrain International Circuit,Race circuit,Oscar Piastri,3,2,8366,363,BHR,AUS,GBR,0,0,144.0
2024,Aston Martin,Bahrain International Circuit,Race circuit,Fernando Alonso,3,2,15557,8399,BHR,ESP,GBR,0,0,2.0
2024,Haas F1 Team,Bahrain International Circuit,Race circuit,Nico Hülkenberg,3,2,13345,5102,BHR,DEU,USA,0,0,312.0
2024,Red Bull,Jeddah Corniche Circuit,Street circuit,Max Verstappen,3,9,9657,3282,SAU,NLD,AUT,0,0,-638.0
2024,Red Bull,Jeddah Corniche Circuit,Street circuit,Sergio Pérez,3,9,12461,4731,SAU,MEX,AUT,0,0,-304.0
2024,Ferrari,Jeddah Corniche Circuit,Street circuit,Charles Leclerc,3,9,9641,2176,SAU,MCO,ITA,0,0,-320.0
2024,McLaren,Jeddah Corniche Circuit,Street circuit,Oscar Piastri,3,9,8373,370,SAU,AUS,GBR,0,0,-22.0
2024,Aston Martin,Jeddah Corniche Circuit,Street circuit,Fernando Alonso,3,9,15564,8406,SAU,ESP,GBR,0,0,-264.0
2024,Mercedes,Jeddah Corniche Circuit,Street circuit,George Russell,3,9,9519,1819,SAU,GBR,DEU,0,0,206.0
2024,McLaren,Jeddah Corniche Circuit,Street circuit,Lando Norris,3,9,8883,1819,SAU,GBR,GBR,0,0,22.0
2024,Mercedes,Jeddah Corniche Circuit,Street circuit,Lewis Hamilton,3,9,14306,6201,SAU,GBR,DEU,0,0,350.0
2024,RB F1 Team,Jeddah Corniche Circuit,Street circuit,Yuki Tsunoda,3,9,8703,1077,SAU,JPN,ITA,0,0,436.0
2024,Aston Martin,Jeddah Corniche Circuit,Street circuit,Lance Stroll,3,9,9263,2540,SAU,CAN,GBR,0,0,140.0
2024,Ferrari,Albert Park Grand Prix Circuit,Street circuit,Carlos Sainz,3,24,10797,3297,AUS,ESP,ITA,0,0,-258.0
2024,Ferrari,Albert Park Grand Prix Circuit,Street circuit,Charles Leclerc,3,24,9656,2191,AUS,MCO,ITA,0,0,-140.0
2024,McLaren,Albert Park Grand Prix Circuit,Street circuit,Lando Norris,3,24,8898,1834,AUS,GBR,GBR,0,0,-128.0
2024,McLaren,Albert Park Grand Prix Circuit,Street circuit,Oscar Piastri,3,24,8388,385,AUS,AUS,GBR,1,0,128.0
2024,Red Bull,Albert Park Grand Prix Circuit,Street circuit,Sergio Pérez,3,24,12476,4746,AUS,MEX,AUT,0,0,-170.0
2024,Aston Martin,Albert Park Grand Prix Circuit,Street circuit,Lance Stroll,3,24,9278,2555,AUS,CAN,GBR,0,0,336.0
2024,RB F1 Team,Albert Park Grand Prix Circuit,Street circuit,Yuki Tsunoda,3,24,8718,1092,AUS,JPN,ITA,0,0,344.0
2024,Aston Martin,Albert Park Grand Prix Circuit,Street circuit,Fernando Alonso,3,24,15579,8421,AUS,ESP,GBR,0,0,266.0
2024,Mercedes,Albert Park Grand Prix Circuit,Street circuit,George Russell,3,24,9534,1834,AUS,GBR,DEU,0,0,280.0
2024,Red Bull,Albert Park Grand Prix Circuit,Street circuit,Max Verstappen,3,24,9672,3297,AUS,NLD,AUT,0,0,-528.0
2024,Red Bull,Suzuka Circuit,Race circuit,Max Verstappen,4,7,9686,3311,JPN,NLD,AUT,0,0,-526.0
2024,Red Bull,Suzuka Circuit,Race circuit,Sergio Pérez,4,7,12490,4760,JPN,MEX,AUT,0,0,-460.0
2024,Ferrari,Suzuka Circuit,Race circuit,Carlos Sainz,4,7,10811,3311,JPN,ESP,ITA,0,0,-41.0
2024,Ferrari,Suzuka Circuit,Race circuit,Charles Leclerc,4,7,9670,2205,JPN,MCO,ITA,0,0,63.0
2024,McLaren,Suzuka Circuit,Race circuit,Lando Norris,4,7,8912,1848,JPN,GBR,GBR,0,0,-234.0
2024,Aston Martin,Suzuka Circuit,Race circuit,Fernando Alonso,4,7,15593,8435,JPN,ESP,GBR,0,0,-37.0
2024,Mercedes,Suzuka Circuit,Race circuit,George Russell,4,7,9548,1848,JPN,GBR,DEU,0,0,285.0
2024,McLaren,Suzuka Circuit,Race circuit,Oscar Piastri,4,7,8402,399,JPN,AUS,GBR,0,0,37.0
2024,Mercedes,Suzuka Circuit,Race circuit,Lewis Hamilton,4,7,14335,6230,JPN,GBR,DEU,0,0,43.0
2024,RB F1 Team,Suzuka Circuit,Race circuit,Yuki Tsunoda,4,7,8732,1106,JPN,JPN,ITA,1,0,690.0
2024,Red Bull,Shanghai International Circuit,Race circuit,Max Verstappen,4,21,9700,3325,CHN,NLD,AUT,0,0,-621.0
2024,McLaren,Shanghai International Circuit,Race circuit,Lando Norris,4,21,8926,1862,CHN,GBR,GBR,0,0,-116.0
2024,Red Bull,Shanghai International Circuit,Race circuit,Sergio Pérez,4,21,12504,4774,CHN,MEX,AUT,0,0,-299.0
2024,Ferrari,Shanghai International Circuit,Race circuit,Charles Leclerc,4,21,9684,2219,CHN,MCO,ITA,0,0,8.0
2024,Ferrari,Shanghai International Circuit,Race circuit,Carlos Sainz,4,21,10825,3325,CHN,ESP,ITA,0,0,16.0
2024,Mercedes,Shanghai International Circuit,Race circuit,George Russell,4,21,9562,1862,CHN,GBR,DEU,0,0,152.0
2024,Aston Martin,Shanghai International Circuit,Race circuit,Fernando Alonso,4,21,15607,8449,CHN,ESP,GBR,0,0,-133.0
2024,McLaren,Shanghai International Circuit,Race circuit,Oscar Piastri,4,21,8416,413,CHN,AUS,GBR,0,0,-8.0
2024,Haas F1 Team,Shanghai International Circuit,Race circuit,Nico Hülkenberg,4,21,13395,5152,CHN,DEU,USA,0,0,323.0
2024,Sauber,Shanghai International Circuit,Race circuit,Valtteri Bottas,4,21,12655,4053,CHN,FIN,CHE,0,0,384.0
2024,McLaren,Miami International Autodrome,Street circuit,Lando Norris,5,5,8940,1876,USA,GBR,GBR,0,0,-40.0
2024,Red Bull,Miami International Autodrome,Street circuit,Max Verstappen,5,5,9714,3339,USA,NLD,AUT,0,0,-394.0
2024,Ferrari,Miami International Autodrome,Street circuit,Charles Leclerc,5,5,9698,2233,USA,MCO,ITA,0,0,-252.0
2024,Red Bull,Miami International Autodrome,Street circuit,Sergio Pérez,5,5,12518,4788,USA,MEX,AUT,0,0,-174.0
2024,Ferrari,Miami International Autodrome,Street circuit,Carlos Sainz,5,5,10839,3339,USA,ESP,ITA,0,0,-180.0
2024,Mercedes,Miami International Autodrome,Street circuit,Lewis Hamilton,5,5,14363,6258,USA,GBR,DEU,0,0,62.0
2024,RB F1 Team,Miami International Autodrome,Street circuit,Yuki Tsunoda,5,5,8760,1134,USA,JPN,ITA,0,0,532.0
2024,Mercedes,Miami International Autodrome,Street circuit,George Russell,5,5,9576,1876,USA,GBR,DEU,0,0,432.0
2024,Haas F1 Team,Miami International Autodrome,Street circuit,Nico Hülkenberg,5,5,13409,5166,USA,DEU,USA,0,1,512.0
2024,McLaren,Miami International Autodrome,Street circuit,Oscar Piastri,5,5,8430,427,USA,AUS,GBR,0,0,40.0
2024,Red Bull,Autodromo Enzo e Dino Ferrari,Race circuit,Max Verstappen,5,19,9728,3353,ITA,NLD,AUT,0,0,-488.0
2024,McLaren,Autodromo Enzo e Dino Ferrari,Race circuit,Lando Norris,5,19,8954,1890,ITA,GBR,GBR,0,0,-396.0
2024,Ferrari,Autodromo Enzo e Dino Ferrari,Race circuit,Charles Leclerc,5,19,9712,2247,ITA,MCO,ITA,0,1,-264.0
2024,McLaren,Autodromo Enzo e Dino Ferrari,Race circuit,Oscar Piastri,5,19,8444,441,ITA,AUS,GBR,0,0,-414.0
2024,Ferrari,Autodromo Enzo e Dino Ferrari,Race circuit,Carlos Sainz,5,19,10853,3353,ITA,ESP,ITA,0,1,-0.0
2024,Mercedes,Autodromo Enzo e Dino Ferrari,Race circuit,Lewis Hamilton,5,19,14377,6272,ITA,GBR,DEU,0,0,270.0
2024,Mercedes,Autodromo Enzo e Dino Ferrari,Race circuit,George Russell,5,19,9590,1890,ITA,GBR,DEU,0,0,0.0
2024,RB F1 Team,Autodromo Enzo e Dino Ferrari,Race circuit,Yuki Tsunoda,5,19,8774,1148,ITA,JPN,ITA,0,1,124.0
2024,Haas F1 Team,Autodromo Enzo e Dino Ferrari,Race circuit,Nico Hülkenberg,5,19,13423,5180,ITA,DEU,USA,0,0,336.0
2024,RB F1 Team,Autodromo Enzo e Dino Ferrari,Race circuit,Daniel Ricciardo,5,19,12741,4697,ITA,AUS,ITA,0,1,440.0
2024,Ferrari,Circuit de Monaco,Street circuit,Charles Leclerc,5,26,9719,2254,MCO,MCO,ITA,1,0,-285.0
2024,McLaren,Circuit de Monaco,Street circuit,Oscar Piastri,5,26,8451,448,MCO,AUS,GBR,0,0,-131.0
2024,Ferrari,Circuit de Monaco,Street circuit,Carlos Sainz,5,26,10860,3360,MCO,ESP,ITA,0,0,-37.0
2024,McLaren,Circuit de Monaco,Street circuit,Lando Norris,5,26,8961,1897,MCO,GBR,GBR,0,0,-13.0
2024,Mercedes,Circuit de Monaco,Street circuit,George Russell,5,26,9597,1897,MCO,GBR,DEU,0,0,-12.0
2024,Red Bull,Circuit de Monaco,Street circuit,Max Verstappen,5,26,9735,3360,MCO,NLD,AUT,0,0,12.0
2024,Mercedes,Circuit de Monaco,Street circuit,Lewis Hamilton,5,26,14384,6279,MCO,GBR,DEU,0,0,66.0
2024,RB F1 Team,Circuit de Monaco,Street circuit,Yuki Tsunoda,5,26,8781,1155,MCO,JPN,ITA,0,0,303.0
2024,Williams,Circuit de Monaco,Street circuit,Alexander Albon,5,26,10291,1897,MCO,THA,GBR,0,0,393.0
2024,Alpine F1 Team,Circuit de Monaco,Street circuit,Pierre Gasly,5,26,10336,2429,MCO,FRA,FRA,0,0,341.0
2024,Red Bull,Circuit Gilles Villeneuve,Street circuit,Max Verstappen,6,9,9749,3374,CAN,NLD,AUT,0,0,-140.0
2024,McLaren,Circuit Gilles Villeneuve,Street circuit,Lando Norris,6,9,8975,1911,CAN,GBR,GBR,0,0,-120.0
2024,Mercedes,Circuit Gilles Villeneuve,Street circuit,George Russell,6,9,9611,1911,CAN,GBR,DEU,0,0,-398.0
2024,Mercedes,Circuit Gilles Villeneuve,Street circuit,Lewis Hamilton,6,9,14398,6293,CAN,GBR,DEU,0,0,-162.0
2024,McLaren,Circuit Gilles Villeneuve,Street circuit,Oscar Piastri,6,9,8465,462,CAN,AUS,GBR,0,0,-38.0
2024,Aston Martin,Circuit Gilles Villeneuve,Street circuit,Fernando Alonso,6,9,15656,8498,CAN,ESP,GBR,0,0,88.0
2024,Aston Martin,Circuit Gilles Villeneuve,Street circuit,Lance Stroll,6,9,9355,2632,CAN,CAN,GBR,1,0,518.0
2024,RB F1 Team,Circuit Gilles Villeneuve,Street circuit,Daniel Ricciardo,6,9,12762,4718,CAN,AUS,ITA,0,0,38.0
2024,RB F1 Team,Circuit Gilles Villeneuve,Street circuit,Yuki Tsunoda,6,9,8795,1169,CAN,JPN,ITA,0,0,162.0
2024,Williams,Circuit Gilles Villeneuve,Street circuit,Alexander Albon,6,9,10305,1911,CAN,THA,GBR,0,0,344.0
2024,Red Bull,Circuit de Barcelona-Catalunya,Race circuit,Max Verstappen,6,23,9763,3388,ESP,NLD,AUT,0,0,-328.0
2024,McLaren,Circuit de Barcelona-Catalunya,Race circuit,Lando Norris,6,23,8989,1925,ESP,GBR,GBR,0,0,-348.0
2024,Mercedes,Circuit de Barcelona-Catalunya,Race circuit,Lewis Hamilton,6,23,14412,6307,ESP,GBR,DEU,0,0,-30.0
2024,Mercedes,Circuit de Barcelona-Catalunya,Race circuit,George Russell,6,23,9625,1925,ESP,GBR,DEU,0,0,-28.0
2024,Ferrari,Circuit de Barcelona-Catalunya,Race circuit,Charles Leclerc,6,23,9747,2282,ESP,MCO,ITA,0,0,0.0
2024,Ferrari,Circuit de Barcelona-Catalunya,Race circuit,Carlos Sainz,6,23,10888,3388,ESP,ESP,ITA,1,0,5.0
2024,Red Bull,Circuit de Barcelona-Catalunya,Race circuit,Sergio Pérez,6,23,12567,4837,ESP,MEX,AUT,0,0,323.0
2024,Alpine F1 Team,Circuit de Barcelona-Catalunya,Race circuit,Pierre Gasly,6,23,10364,2457,ESP,FRA,FRA,0,0,126.0
2024,Alpine F1 Team,Circuit de Barcelona-Catalunya,Race circuit,Esteban Ocon,6,23,10141,2856,ESP,FRA,FRA,0,0,378.0
2024,Mercedes,Red Bull Ring,Race circuit,George Russell,6,30,9632,1932,AUT,GBR,DEU,0,0,-134.0
2024,McLaren,Red Bull Ring,Race circuit,Oscar Piastri,6,30,8486,483,AUT,AUS,GBR,0,0,74.0
2024,Ferrari,Red Bull Ring,Race circuit,Carlos Sainz,6,30,10895,3395,AUT,ESP,ITA,0,0,-122.0
2024,Mercedes,Red Bull Ring,Race circuit,Lewis Hamilton,6,30,14419,6314,AUT,GBR,DEU,0,0,-70.0
2024,Red Bull,Red Bull Ring,Race circuit,Max Verstappen,6,30,9770,3395,AUT,NLD,AUT,0,1,-660.0
2024,Haas F1 Team,Red Bull Ring,Race circuit,Nico Hülkenberg,6,30,13465,5222,AUT,DEU,USA,0,0,288.0
2024,Red Bull,Red Bull Ring,Race circuit,Sergio Pérez,6,30,12574,4844,AUT,MEX,AUT,0,1,171.0
2024,Ferrari,Red Bull Ring,Race circuit,Charles Leclerc,6,30,9754,2289,AUT,MCO,ITA,0,0,70.0
2024,Alpine F1 Team,Red Bull Ring,Race circuit,Esteban Ocon,6,30,10148,2863,AUT,FRA,FRA,0,0,300.0
2024,McLaren,Red Bull Ring,Race circuit,Lando Norris,6,30,8996,1932,AUT,GBR,GBR,0,0,-256.0
2024,Mercedes,Silverstone Circuit,Race circuit,Lewis Hamilton,7,7,14426,6321,GBR,GBR,DEU,1,0,-298.0
2024,Red Bull,Silverstone Circuit,Race circuit,Max Verstappen,7,7,9777,3402,GBR,NLD,AUT,0,0,-84.0
2024,McLaren,Silverstone Circuit,Race circuit,Lando Norris,7,7,9003,1939,GBR,GBR,GBR,1,1,-258.0
2024,McLaren,Silverstone Circuit,Race circuit,Oscar Piastri,7,7,8493,490,GBR,AUS,GBR,0,1,-50.0
2024,Ferrari,Silverstone Circuit,Race circuit,Carlos Sainz,7,7,10902,3402,GBR,ESP,ITA,0,0,222.0
2024,Haas F1 Team,Silverstone Circuit,Race circuit,Nico Hülkenberg,7,7,13472,5229,GBR,DEU,USA,0,0,50.0
2024,Aston Martin,Silverstone Circuit,Race circuit,Lance Stroll,7,7,9383,2660,GBR,CAN,GBR,0,1,298.0
2024,Aston Martin,Silverstone Circuit,Race circuit,Fernando Alonso,7,7,15684,8526,GBR,ESP,GBR,0,1,442.0
2024,Williams,Silverstone Circuit,Race circuit,Alexander Albon,7,7,10333,1939,GBR,THA,GBR,0,1,352.0
2024,Mercedes,Silverstone Circuit,Race circuit,George Russell,7,7,9639,1939,GBR,GBR,DEU,1,0,-468.0
2024,McLaren,Hungaroring,Race circuit,Oscar Piastri,7,21,8507,504,HUN,AUS,GBR,0,0,-624.0
2024,McLaren,Hungaroring,Race circuit,Lando Norris,7,21,9017,1953,HUN,GBR,GBR,0,0,-646.0
2024,Mercedes,Hungaroring,Race circuit,Lewis Hamilton,7,21,14440,6335,HUN,GBR,DEU,0,0,-18.0
2024,Ferrari,Hungaroring,Race circuit,Charles Leclerc,7,21,9775,2310,HUN,MCO,ITA,0,0,18.0
2024,Red Bull,Hungaroring,Race circuit,Max Verstappen,7,21,9791,3416,HUN,NLD,AUT,0,0,-600.0
2024,Ferrari,Hungaroring,Race circuit,Carlos Sainz,7,21,10916,3416,HUN,ESP,ITA,0,0,-176.0
2024,RB F1 Team,Hungaroring,Race circuit,Yuki Tsunoda,7,21,8837,1211,HUN,JPN,ITA,0,0,248.0
2024,Aston Martin,Hungaroring,Race circuit,Lance Stroll,7,21,9397,2674,HUN,CAN,GBR,0,0,202.0
2024,Aston Martin,Hungaroring,Race circuit,Fernando Alonso,7,21,15698,8540,HUN,ESP,GBR,0,0,170.0
2024,RB F1 Team,Hungaroring,Race circuit,Daniel Ricciardo,7,21,12804,4760,HUN,AUS,ITA,0,0,330.0
2024,Mercedes,Circuit de Spa-Francorchamps,Race circuit,Lewis Hamilton,7,28,14447,6342,BEL,GBR,DEU,0,0,-169.0
2024,McLaren,Circuit de Spa-Francorchamps,Race circuit,Oscar Piastri,7,28,8514,511,BEL,AUS,GBR,0,0,23.0
2024,Ferrari,Circuit de Spa-Francorchamps,Race circuit,Charles Leclerc,7,28,9782,2317,BEL,MCO,ITA,0,0,-250.0
2024,Red Bull,Circuit de Spa-Francorchamps,Race circuit,Max Verstappen,7,28,9798,3423,BEL,NLD,AUT,0,0,-845.0
2024,McLaren,Circuit de Spa-Francorchamps,Race circuit,Lando Norris,7,28,9024,1960,BEL,GBR,GBR,0,0,-23.0
2024,Ferrari,Circuit de Spa-Francorchamps,Race circuit,Carlos Sainz,7,28,10923,3423,BEL,ESP,ITA,0,0,108.0
2024,Red Bull,Circuit de Spa-Francorchamps,Race circuit,Sergio Pérez,7,28,12602,4872,BEL,MEX,AUT,0,0,-239.0
2024,Aston Martin,Circuit de Spa-Francorchamps,Race circuit,Fernando Alonso,7,28,15705,8547,BEL,ESP,GBR,0,0,254.0
2024,Alpine F1 Team,Circuit de Spa-Francorchamps,Race circuit,Esteban Ocon,7,28,10176,2891,BEL,FRA,FRA,0,0,456.0
2024,Mercedes,Circuit de Spa-Francorchamps,Race circuit,George Russell,7,28,9660,1960,BEL,GBR,DEU,0,0,91.0
2024,McLaren,Circuit Park Zandvoort,Race circuit,Lando Norris,8,25,9052,1988,NLD,GBR,GBR,0,0,-743.0
2024,Red Bull,Circuit Park Zandvoort,Race circuit,Max Verstappen,8,25,9826,3451,NLD,NLD,AUT,1,0,-387.0
2024,Ferrari,Circuit Park Zandvoort,Race circuit,Charles Leclerc,8,25,9810,2345,NLD,MCO,ITA,0,0,166.0
2024,McLaren,Circuit Park Zandvoort,Race circuit,Oscar Piastri,8,25,8542,539,NLD,AUS,GBR,0,0,-244.0
2024,Red Bull,Circuit Park Zandvoort,Race circuit,Sergio Pérez,8,25,12630,4900,NLD,MEX,AUT,0,0,0.0
2024,Mercedes,Circuit Park Zandvoort,Race circuit,George Russell,8,25,9688,1988,NLD,GBR,DEU,0,0,-172.0
2024,Alpine F1 Team,Circuit Park Zandvoort,Race circuit,Pierre Gasly,8,25,10427,2520,NLD,FRA,FRA,0,0,399.0
2024,Aston Martin,Circuit Park Zandvoort,Race circuit,Fernando Alonso,8,25,15733,8575,NLD,ESP,GBR,0,0,217.0
2024,Aston Martin,Circuit Park Zandvoort,Race circuit,Lance Stroll,8,25,9432,2709,NLD,CAN,GBR,0,0,245.0
2024,Ferrari,Autodromo Nazionale di Monza,Race circuit,Charles Leclerc,9,1,9817,2352,ITA,MCO,ITA,0,1,-29.0
2024,McLaren,Autodromo Nazionale di Monza,Race circuit,Oscar Piastri,9,1,8549,546,ITA,AUS,GBR,0,0,-54.0
2024,McLaren,Autodromo Nazionale di Monza,Race circuit,Lando Norris,9,1,9059,1995,ITA,GBR,GBR,0,0,-163.0
2024,Ferrari,Autodromo Nazionale di Monza,Race circuit,Carlos Sainz,9,1,10958,3458,ITA,ESP,ITA,0,1,-23.0
2024,Mercedes,Autodromo Nazionale di Monza,Race circuit,Lewis Hamilton,9,1,14482,6377,ITA,GBR,DEU,0,0,23.0
2024,Red Bull,Autodromo Nazionale di Monza,Race circuit,Max Verstappen,9,1,9833,3458,ITA,NLD,AUT,0,0,172.0
2024,Mercedes,Autodromo Nazionale di Monza,Race circuit,George Russell,9,1,9695,1995,ITA,GBR,DEU,0,0,-50.0
2024,Red Bull,Autodromo Nazionale di Monza,Race circuit,Sergio Pérez,9,1,12637,4907,ITA,MEX,AUT,0,0,572.0
2024,Williams,Autodromo Nazionale di Monza,Race circuit,Alexander Albon,9,1,10389,1995,ITA,THA,GBR,0,0,809.0
2024,Haas F1 Team,Autodromo Nazionale di Monza,Race circuit,Nico Hülkenberg,9,1,13528,5285,ITA,DEU,USA,0,0,849.0
2024,McLaren,Baku City Circuit,Street circuit,Oscar Piastri,9,15,8563,560,AZE,AUS,GBR,0,0,-262.0
2024,Ferrari,Baku City Circuit,Street circuit,Charles Leclerc,9,15,9831,2366,AZE,MCO,ITA,0,0,-584.0
2024,Mercedes,Baku City Circuit,Street circuit,George Russell,9,15,9709,2009,AZE,GBR,DEU,0,0,-74.0
2024,Red Bull,Baku City Circuit,Street circuit,Max Verstappen,9,15,9847,3472,AZE,NLD,AUT,0,0,74.0
2024,Aston Martin,Baku City Circuit,Street circuit,Fernando Alonso,9,15,15754,8596,AZE,ESP,GBR,0,0,420.0
2024,Williams,Baku City Circuit,Street circuit,Alexander Albon,9,15,10403,2009,AZE,THA,GBR,0,0,892.0
2024,Williams,Baku City Circuit,Street circuit,Franco Colapinto,9,15,7782,14,AZE,ARG,GBR,0,0,524.0
2024,Mercedes,Baku City Circuit,Street circuit,Lewis Hamilton,9,15,14496,6391,AZE,GBR,DEU,0,0,340.0
2024,Red Bull,Baku City Circuit,Street circuit,Sergio Pérez,9,15,12651,4921,AZE,MEX,AUT,0,0,-136.0
2024,Ferrari,Baku City Circuit,Street circuit,Carlos Sainz,9,15,10972,3472,AZE,ESP,ITA,0,0,-144.0
2024,McLaren,Marina Bay Street Circuit,Street circuit,Lando Norris,9,22,9080,2016,SGP,GBR,GBR,0,0,-329.0
2024,Red Bull,Marina Bay Street Circuit,Street circuit,Max Verstappen,9,22,9854,3479,SGP,NLD,AUT,0,0,-174.0
2024,McLaren,Marina Bay Street Circuit,Street circuit,Oscar Piastri,9,22,8570,567,SGP,AUS,GBR,0,0,-214.0
2024,Mercedes,Marina Bay Street Circuit,Street circuit,George Russell,9,22,9716,2016,SGP,GBR,DEU,0,0,13.0
2024,Mercedes,Marina Bay Street Circuit,Street circuit,Lewis Hamilton,9,22,14503,6398,SGP,GBR,DEU,0,0,-13.0
2024,Aston Martin,Marina Bay Street Circuit,Street circuit,Fernando Alonso,9,22,15761,8603,SGP,ESP,GBR,0,0,360.0
2024,Haas F1 Team,Marina Bay Street Circuit,Street circuit,Nico Hülkenberg,9,22,13549,5306,SGP,DEU,USA,0,0,261.0
2024,RB F1 Team,Marina Bay Street Circuit,Street circuit,Yuki Tsunoda,9,22,8900,1274,SGP,JPN,ITA,0,0,435.0
2024,Ferrari,Circuit of the Americas,Race circuit,Charles Leclerc,10,20,9866,2401,USA,MCO,ITA,0,0,-210.0
2024,Ferrari,Circuit of the Americas,Race circuit,Carlos Sainz,10,20,11007,3507,USA,ESP,ITA,0,0,-298.0
2024,Red Bull,Circuit of the Americas,Race circuit,Max Verstappen,10,20,9882,3507,USA,NLD,AUT,0,0,-589.0
2024,McLaren,Circuit of the Americas,Race circuit,Lando Norris,10,20,9108,2044,USA,GBR,GBR,0,0,-620.0
2024,McLaren,Circuit of the Americas,Race circuit,Oscar Piastri,10,20,8598,595,USA,AUS,GBR,0,0,0.0
2024,Mercedes,Circuit of the Americas,Race circuit,George Russell,10,20,9744,2044,USA,GBR,DEU,0,0,24.0
2024,Haas F1 Team,Circuit of the Americas,Race circuit,Kevin Magnussen,10,20,11703,3871,USA,DNK,USA,0,1,524.0
2024,Alpine F1 Team,Circuit of the Americas,Race circuit,Pierre Gasly,10,20,10483,2576,USA,FRA,FRA,0,0,68.0
2024,Aston Martin,Circuit of the Americas,Race circuit,Fernando Alonso,10,20,15789,8631,USA,ESP,GBR,0,0,359.0
2024,Ferrari,Autódromo Hermanos Rodríguez,Race circuit,Carlos Sainz,10,27,11014,3514,MEX,ESP,ITA,0,0,-558.0
2024,McLaren,Autódromo Hermanos Rodríguez,Race circuit,Lando Norris,10,27,9115,2051,MEX,GBR,GBR,0,0,-244.0
2024,Ferrari,Autódromo Hermanos Rodríguez,Race circuit,Charles Leclerc,10,27,9873,2408,MEX,MCO,ITA,0,0,-238.0
2024,Mercedes,Autódromo Hermanos Rodríguez,Race circuit,Lewis Hamilton,10,27,14538,6433,MEX,GBR,DEU,0,0,148.0
2024,Mercedes,Autódromo Hermanos Rodríguez,Race circuit,George Russell,10,27,9751,2051,MEX,GBR,DEU,0,0,-148.0
2024,Red Bull,Autódromo Hermanos Rodríguez,Race circuit,Max Verstappen,10,27,9889,3514,MEX,NLD,AUT,0,0,-332.0
2024,Haas F1 Team,Autódromo Hermanos Rodríguez,Race circuit,Kevin Magnussen,10,27,11710,3878,MEX,DNK,USA,0,0,382.0
2024,Haas F1 Team,Autódromo Hermanos Rodríguez,Race circuit,Nico Hülkenberg,10,27,13584,5341,MEX,DEU,USA,0,0,492.0
2024,Alpine F1 Team,Autódromo Hermanos Rodríguez,Race circuit,Pierre Gasly,10,27,10490,2583,MEX,FRA,FRA,0,0,388.0
2024,Williams,Autódromo Hermanos Rodríguez,Race circuit,Alexander Albon,10,27,10445,2051,MEX,THA,GBR,0,0,484.0
2024,Alpine F1 Team,Autódromo José Carlos Pace,Race circuit,Esteban Ocon,11,3,10274,2989,BRA,FRA,FRA,0,0,-9.0
2024,Mercedes,Autódromo José Carlos Pace,Race circuit,George Russell,11,3,9758,2058,BRA,GBR,DEU,0,0,-906.0
2024,Ferrari,Autódromo José Carlos Pace,Race circuit,Charles Leclerc,11,3,9880,2415,BRA,MCO,ITA,0,0,41.0
2024,McLaren,Autódromo José Carlos Pace,Race circuit,Lando Norris,11,3,9122,2058,BRA,GBR,GBR,0,0,-1079.0
2024,RB F1 Team,Autódromo José Carlos Pace,Race circuit,Yuki Tsunoda,11,3,8942,1316,BRA,JPN,ITA,0,0,-373.0
2024,McLaren,Autódromo José Carlos Pace,Race circuit,Oscar Piastri,11,3,8612,609,BRA,AUS,GBR,0,0,202.0
2024,RB F1 Team,Autódromo José Carlos Pace,Race circuit,Liam Lawson,11,3,8301,434,BRA,NZL,ITA,0,0,0.0
2024,Aston Martin,Autódromo José Carlos Pace,Race circuit,Fernando Alonso,11,3,15803,8645,BRA,ESP,GBR,0,0,551.0
2024,Williams,Autódromo José Carlos Pace,Race circuit,Alexander Albon,11,3,10452,2058,BRA,THA,GBR,0,0,173.0
2024,Mercedes,Las Vegas Strip Street Circuit,Street circuit,George Russell,11,23,9778,2078,USA,GBR,DEU,0,0,-478.0
2024,Mercedes,Las Vegas Strip Street Circuit,Street circuit,Lewis Hamilton,11,23,14565,6460,USA,GBR,DEU,0,0,-223.0
2024,Ferrari,Las Vegas Strip Street Circuit,Street circuit,Carlos Sainz,11,23,11041,3541,USA,ESP,ITA,0,0,-380.0
2024,Ferrari,Las Vegas Strip Street Circuit,Street circuit,Charles Leclerc,11,23,9900,2435,USA,MCO,ITA,0,0,-7.0
2024,Red Bull,Las Vegas Strip Street Circuit,Street circuit,Max Verstappen,11,23,9916,3541,USA,NLD,AUT,0,0,7.0
2024,McLaren,Las Vegas Strip Street Circuit,Street circuit,Lando Norris,11,23,9142,2078,USA,GBR,GBR,0,0,218.0
2024,McLaren,Las Vegas Strip Street Circuit,Street circuit,Oscar Piastri,11,23,8632,629,USA,AUS,GBR,0,0,234.0
2024,Haas F1 Team,Las Vegas Strip Street Circuit,Street circuit,Nico Hülkenberg,11,23,13611,5368,USA,DEU,USA,0,1,272.0
2024,RB F1 Team,Las Vegas Strip Street Circuit,Street circuit,Yuki Tsunoda,11,23,8962,1336,USA,JPN,ITA,0,0,239.0
2024,Alpine F1 Team,Las Vegas Strip Street Circuit,Street circuit,Pierre Gasly,11,23,10517,2610,USA,FRA,FRA,0,0,-126.0
2024,Red Bull,Losail International Circuit,Race circuit,Max Verstappen,12,1,9924,3549,QAT,NLD,AUT,0,0,-412.0
2024,Ferrari,Losail International Circuit,Race circuit,Charles Leclerc,12,1,9908,2443,QAT,MCO,ITA,0,0,-80.0
2024,McLaren,Losail International Circuit,Race circuit,Oscar Piastri,12,1,8640,637,QAT,AUS,GBR,0,0,-102.0
2024,Mercedes,Losail International Circuit,Race circuit,George Russell,12,1,9786,2086,QAT,GBR,DEU,0,0,-356.0
2024,Ferrari,Losail International Circuit,Race circuit,Carlos Sainz,12,1,11049,3549,QAT,ESP,ITA,0,0,110.0
2024,Aston Martin,Losail International Circuit,Race circuit,Fernando Alonso,12,1,15831,8673,QAT,ESP,GBR,0,0,276.0
2024,Haas F1 Team,Losail International Circuit,Race circuit,Kevin Magnussen,12,1,11745,3913,QAT,DNK,USA,0,0,456.0
2024,McLaren,Losail International Circuit,Race circuit,Lando Norris,12,1,9150,2086,QAT,GBR,GBR,0,0,-160.0
2024,Mercedes,Losail International Circuit,Race circuit,Lewis Hamilton,12,1,14573,6468,QAT,GBR,DEU,0,0,80.0
2024,Red Bull,Losail International Circuit,Race circuit,Sergio Pérez,12,1,12728,4998,QAT,MEX,AUT,0,0,494.0
2024,McLaren,Yas Marina Circuit,Race circuit,Lando Norris,12,8,9157,2093,ARE,GBR,GBR,0,0,-370.0
2024,Ferrari,Yas Marina Circuit,Race circuit,Carlos Sainz,12,8,11056,3556,ARE,ESP,ITA,0,0,-140.0
2024,Mercedes,Yas Marina Circuit,Race circuit,George Russell,12,8,9793,2093,ARE,GBR,DEU,0,0,168.0
2024,Red Bull,Yas Marina Circuit,Race circuit,Max Verstappen,12,8,9931,3556,ARE,NLD,AUT,0,0,-20.0
2024,Alpine F1 Team,Yas Marina Circuit,Race circuit,Pierre Gasly,12,8,10532,2625,ARE,FRA,FRA,0,0,20.0
2024,Haas F1 Team,Yas Marina Circuit,Race circuit,Nico Hülkenberg,12,8,13626,5383,ARE,DEU,USA,0,0,-78.0
2024,Aston Martin,Yas Marina Circuit,Race circuit,Fernando Alonso,12,8,15838,8680,ARE,ESP,GBR,0,0,232.0
2024,McLaren,Yas Marina Circuit,Race circuit,Oscar Piastri,12,8,8647,644,ARE,AUS,GBR,0,0,-160.0
2024,Sauber,Yas Marina Circuit,Race circuit,Valtteri Bottas,12,8,12886,4284,ARE,FIN,CHE,0,0,240.0
2024,Red Bull,Yas Marina Circuit,Race circuit,Sergio Pérez,12,8,12735,5005,ARE,MEX,AUT,0,0,300.0
