race_year,date,dob,constructor,circuit,type_circuit,driver,race_month,race_day,age_at_gp_in_days,first_race_date,days_since_first_race,circuit_nationality,driver_nationality,constructor_nationality,driver_home,constructor_home,milliseconds_qualification,median_qualification_duration,deviation_from_median,final_position
2006,2006-03-12,1981-07-29,Renault,Bahrain International Circuit,Race circuit,Fernando Alonso,3,12,8992,2001-03-04,1834,BHR,ESP,FRA,0,0,91215.0,91690.0,-475.0,1.0
2006,2006-03-12,1969-01-03,Ferrari,Bahrain International Circuit,Race circuit,Michael Schumacher,3,12,13582,1991-08-25,5313,BHR,DEU,ITA,0,0,91431.0,91690.0,-259.0,2.0
2006,2006-03-12,1980-01-19,Honda,Bahrain International Circuit,Race circuit,Jenson Button,3,12,9549,2000-03-12,2191,BHR,GBR,JPN,0,0,91549.0,91690.0,-141.0,5.0
2006,2006-03-12,1975-09-20,McLaren,Bahrain International Circuit,Race circuit,Juan Pablo Montoya,3,12,11131,2001-03-04,1834,BHR,COL,GBR,0,0,91487.0,91690.0,-203.0,4.0
2006,2006-03-12,1976-08-27,Williams,Bahrain International Circuit,Race circuit,Mark Webber,3,12,10789,2002-03-03,1470,BHR,AUS,GBR,0,0,92309.0,91690.0,619.0,9.0
2006,2006-03-12,1983-02-07,Red Bull,Bahrain International Circuit,Race circuit,Christian Klien,3,12,8434,2004-03-07,735,BHR,AUT,AUT,0,0,92106.0,91690.0,416.0,8.0
2006,2006-03-12,1981-04-25,Ferrari,Bahrain International Circuit,Race circuit,Felipe Massa,3,12,9087,2002-03-03,1470,BHR,BRA,ITA,0,0,91478.0,91690.0,-212.0,3.0
2006,2006-03-12,1977-05-10,BMW Sauber,Bahrain International Circuit,Race circuit,Nick Heidfeld,3,12,10533,2000-03-12,2191,BHR,DEU,DEU,0,0,91958.0,91690.0,268.0,7.0
2006,2006-03-12,1972-05-23,Honda,Bahrain International Circuit,Race circuit,Rubens Barrichello,3,12,12346,1993-03-14,4746,BHR,BRA,JPN,0,0,92322.0,91690.0,632.0,10.0
2006,2006-03-12,1973-01-14,Renault,Bahrain International Circuit,Race circuit,Giancarlo Fisichella,3,12,12110,1996-03-10,3654,BHR,ITA,FRA,0,0,91831.0,91690.0,141.0,6.0
2006,2006-03-19,1973-01-14,Renault,Sepang International Circuit,Race circuit,Giancarlo Fisichella,3,19,12117,1996-03-10,3661,MYS,ITA,FRA,0,0,93623.0,94351.0,-728.0,2.0
2006,2006-03-19,1981-07-29,Renault,Sepang International Circuit,Race circuit,Fernando Alonso,3,19,8999,2001-03-04,1841,MYS,ESP,FRA,0,0,93997.0,94351.0,-354.0,3.0
2006,2006-03-19,1980-01-19,Honda,Sepang International Circuit,Race circuit,Jenson Button,3,19,9556,2000-03-12,2198,MYS,GBR,JPN,0,0,93527.0,94351.0,-824.0,1.0
2006,2006-03-19,1975-09-20,McLaren,Sepang International Circuit,Race circuit,Juan Pablo Montoya,3,19,11138,2001-03-04,1841,MYS,COL,GBR,0,0,94536.0,94351.0,185.0,6.0
2006,2006-03-19,1969-01-03,Ferrari,Sepang International Circuit,Race circuit,Michael Schumacher,3,19,13589,1991-08-25,5320,MYS,DEU,ITA,0,0,94574.0,94351.0,223.0,9.0
2006,2006-03-19,1983-02-07,Red Bull,Sepang International Circuit,Race circuit,Christian Klien,3,19,8441,2004-03-07,742,MYS,AUT,AUT,0,0,94537.0,94351.0,186.0,7.0
2006,2006-03-19,1976-08-27,Williams,Sepang International Circuit,Race circuit,Mark Webber,3,19,10796,2002-03-03,1477,MYS,AUS,GBR,0,0,94279.0,94351.0,-72.0,4.0
2006,2006-03-19,1985-06-27,Williams,Sepang International Circuit,Race circuit,Nico Rosberg,3,19,7570,2006-03-12,7,MYS,DEU,GBR,0,0,94563.0,94351.0,212.0,8.0
2006,2006-03-19,1979-10-17,McLaren,Sepang International Circuit,Race circuit,Kimi Räikkönen,3,19,9650,2001-03-04,1841,MYS,FIN,GBR,0,0,94351.0,94351.0,0.0,5.0
2006,2006-04-02,1981-07-29,Renault,Albert Park Grand Prix Circuit,Street circuit,Fernando Alonso,4,2,9013,2001-03-04,1855,AUS,ESP,FRA,0,0,85729.0,85902.0,-173.0,3.0
2006,2006-04-02,1979-10-17,McLaren,Albert Park Grand Prix Circuit,Street circuit,Kimi Räikkönen,4,2,9664,2001-03-04,1855,AUS,FIN,GBR,0,0,85822.0,85902.0,-80.0,4.0
2006,2006-04-02,1975-06-30,Toyota,Albert Park Grand Prix Circuit,Street circuit,Ralf Schumacher,4,2,11234,1997-03-09,3311,AUS,DEU,JPN,0,0,86596.0,85902.0,694.0,8.0
2006,2006-04-02,1977-05-10,BMW Sauber,Albert Park Grand Prix Circuit,Street circuit,Nick Heidfeld,4,2,10554,2000-03-12,2212,AUS,DEU,DEU,0,0,86014.0,85902.0,112.0,6.0
2006,2006-04-02,1973-01-14,Renault,Albert Park Grand Prix Circuit,Street circuit,Giancarlo Fisichella,4,2,12131,1996-03-10,3675,AUS,ITA,FRA,0,0,85635.0,85902.0,-267.0,2.0
2006,2006-04-02,1971-04-09,BMW Sauber,Albert Park Grand Prix Circuit,Street circuit,Jacques Villeneuve,4,2,12777,1996-03-10,3675,AUS,CAN,DEU,0,0,86714.0,85902.0,812.0,9.0
2006,2006-04-02,1980-01-19,Honda,Albert Park Grand Prix Circuit,Street circuit,Jenson Button,4,2,9570,2000-03-12,2212,AUS,GBR,JPN,0,0,85229.0,85902.0,-673.0,1.0
2006,2006-04-02,1975-09-20,McLaren,Albert Park Grand Prix Circuit,Street circuit,Juan Pablo Montoya,4,2,11152,2001-03-04,1855,AUS,COL,GBR,0,0,85902.0,85902.0,0.0,5.0
2006,2006-04-02,1976-08-27,Williams,Albert Park Grand Prix Circuit,Street circuit,Mark Webber,4,2,10810,2002-03-03,1491,AUS,AUS,GBR,1,0,86075.0,85902.0,173.0,7.0
2006,2006-04-23,1969-01-03,Ferrari,Autodromo Enzo e Dino Ferrari,Race circuit,Michael Schumacher,4,23,13624,1991-08-25,5355,ITA,DEU,ITA,0,1,82579.0,83550.0,-972.0,1.0
2006,2006-04-23,1981-07-29,Renault,Autodromo Enzo e Dino Ferrari,Race circuit,Fernando Alonso,4,23,9034,2001-03-04,1876,ITA,ESP,FRA,0,0,83536.0,83550.0,-14.0,5.0
2006,2006-04-23,1975-09-20,McLaren,Autodromo Enzo e Dino Ferrari,Race circuit,Juan Pablo Montoya,4,23,11173,2001-03-04,1876,ITA,COL,GBR,0,0,83760.0,83550.0,210.0,10.0
2006,2006-04-23,1981-04-25,Ferrari,Autodromo Enzo e Dino Ferrari,Race circuit,Felipe Massa,4,23,9129,2002-03-03,1512,ITA,BRA,ITA,0,1,83595.0,83550.0,44.0,7.0
2006,2006-04-23,1979-10-17,McLaren,Autodromo Enzo e Dino Ferrari,Race circuit,Kimi Räikkönen,4,23,9685,2001-03-04,1876,ITA,FIN,GBR,0,0,83190.0,83550.0,-360.0,3.0
2006,2006-04-23,1976-08-27,Williams,Autodromo Enzo e Dino Ferrari,Race circuit,Mark Webber,4,23,10831,2002-03-03,1512,ITA,AUS,GBR,0,0,83718.0,83550.0,168.0,8.0
2006,2006-04-23,1980-01-19,Honda,Autodromo Enzo e Dino Ferrari,Race circuit,Jenson Button,4,23,9591,2000-03-12,2233,ITA,GBR,JPN,0,0,82988.0,83550.0,-562.0,2.0
2006,2006-04-23,1975-06-30,Toyota,Autodromo Enzo e Dino Ferrari,Race circuit,Ralf Schumacher,4,23,11255,1997-03-09,3332,ITA,DEU,JPN,0,0,83565.0,83550.0,14.0,6.0
2006,2006-04-23,1972-05-23,Honda,Autodromo Enzo e Dino Ferrari,Race circuit,Rubens Barrichello,4,23,12388,1993-03-14,4788,ITA,BRA,JPN,0,0,83242.0,83550.0,-308.0,4.0
2006,2006-04-23,1974-07-13,Toyota,Autodromo Enzo e Dino Ferrari,Race circuit,Jarno Trulli,4,23,11607,1997-03-09,3332,ITA,ITA,JPN,1,0,83727.0,83550.0,176.0,9.0
2006,2006-05-07,1969-01-03,Ferrari,Nürburgring,Race circuit,Michael Schumacher,5,7,13638,1991-08-25,5369,DEU,DEU,ITA,1,0,90013.0,90570.0,-557.0,2.0
2006,2006-05-07,1981-07-29,Renault,Nürburgring,Race circuit,Fernando Alonso,5,7,9048,2001-03-04,1890,DEU,ESP,FRA,0,0,89816.0,90570.0,-754.0,1.0
2006,2006-05-07,1981-04-25,Ferrari,Nürburgring,Race circuit,Felipe Massa,5,7,9143,2002-03-03,1526,DEU,BRA,ITA,0,0,90407.0,90570.0,-163.0,4.0
2006,2006-05-07,1979-10-17,McLaren,Nürburgring,Race circuit,Kimi Räikkönen,5,7,9699,2001-03-04,1890,DEU,FIN,GBR,0,0,90203.0,90570.0,-367.0,3.0
2006,2006-05-07,1972-05-23,Honda,Nürburgring,Race circuit,Rubens Barrichello,5,7,12402,1993-03-14,4802,DEU,BRA,JPN,0,0,90469.0,90570.0,-101.0,5.0
2006,2006-05-07,1971-04-09,BMW Sauber,Nürburgring,Race circuit,Jacques Villeneuve,5,7,12812,1996-03-10,3710,DEU,CAN,DEU,0,1,90865.0,90570.0,295.0,9.0
2006,2006-05-07,1974-07-13,Toyota,Nürburgring,Race circuit,Jarno Trulli,5,7,11621,1997-03-09,3346,DEU,ITA,JPN,0,0,90733.0,90570.0,163.0,7.0
2006,2006-05-07,1975-09-20,McLaren,Nürburgring,Race circuit,Juan Pablo Montoya,5,7,11187,2001-03-04,1890,DEU,COL,GBR,0,0,90671.0,90570.0,101.0,6.0
2006,2006-05-07,1980-01-19,Honda,Nürburgring,Race circuit,Jenson Button,5,7,9605,2000-03-12,2247,DEU,GBR,JPN,0,0,90755.0,90570.0,185.0,8.0
2006,2006-05-07,1976-08-27,Williams,Nürburgring,Race circuit,Mark Webber,5,7,10845,2002-03-03,1526,DEU,AUS,GBR,0,0,90892.0,90570.0,322.0,10.0
2006,2006-05-14,1981-07-29,Renault,Circuit de Barcelona-Catalunya,Race circuit,Fernando Alonso,5,14,9055,2001-03-04,1897,ESP,ESP,FRA,1,0,74648.0,75157.0,-509.0,2.0
2006,2006-05-14,1969-01-03,Ferrari,Circuit de Barcelona-Catalunya,Race circuit,Michael Schumacher,5,14,13645,1991-08-25,5376,ESP,DEU,ITA,0,0,74637.0,75157.0,-520.0,1.0
2006,2006-05-14,1973-01-14,Renault,Circuit de Barcelona-Catalunya,Race circuit,Giancarlo Fisichella,5,14,12173,1996-03-10,3717,ESP,ITA,FRA,0,0,74709.0,75157.0,-448.0,3.0
2006,2006-05-14,1981-04-25,Ferrari,Circuit de Barcelona-Catalunya,Race circuit,Felipe Massa,5,14,9150,2002-03-03,1533,ESP,BRA,ITA,0,0,75245.0,75157.0,88.0,7.0
2006,2006-05-14,1979-10-17,McLaren,Circuit de Barcelona-Catalunya,Race circuit,Kimi Räikkönen,5,14,9706,2001-03-04,1897,ESP,FIN,GBR,0,0,75422.0,75157.0,265.0,9.0
2006,2006-05-14,1980-01-19,Honda,Circuit de Barcelona-Catalunya,Race circuit,Jenson Button,5,14,9612,2000-03-12,2254,ESP,GBR,JPN,0,0,75150.0,75157.0,-7.0,5.0
2006,2006-05-14,1972-05-23,Honda,Circuit de Barcelona-Catalunya,Race circuit,Rubens Barrichello,5,14,12409,1993-03-14,4809,ESP,BRA,JPN,0,0,75258.0,75157.0,101.0,8.0
2006,2006-05-14,1977-05-10,BMW Sauber,Circuit de Barcelona-Catalunya,Race circuit,Nick Heidfeld,5,14,10596,2000-03-12,2254,ESP,DEU,DEU,0,0,75468.0,75157.0,311.0,10.0
2006,2006-05-14,1974-07-13,Toyota,Circuit de Barcelona-Catalunya,Race circuit,Jarno Trulli,5,14,11628,1997-03-09,3353,ESP,ITA,JPN,0,0,75068.0,75157.0,-89.0,4.0
2006,2006-05-14,1975-06-30,Toyota,Circuit de Barcelona-Catalunya,Race circuit,Ralf Schumacher,5,14,11276,1997-03-09,3353,ESP,DEU,JPN,0,0,75164.0,75157.0,7.0,6.0
2006,2006-05-28,1981-07-29,Renault,Circuit de Monaco,Street circuit,Fernando Alonso,5,28,9069,2001-03-04,1911,MCO,ESP,FRA,0,0,73622.0,73728.0,-106.0,2.0
2006,2006-05-28,1975-09-20,McLaren,Circuit de Monaco,Street circuit,Juan Pablo Montoya,5,28,11208,2001-03-04,1911,MCO,COL,GBR,0,0,74295.0,73728.0,567.0,8.0
2006,2006-05-28,1971-03-27,Red Bull,Circuit de Monaco,Street circuit,David Coulthard,5,28,12846,1994-05-29,4382,MCO,GBR,AUT,0,0,73687.0,73728.0,-41.0,4.0
2006,2006-05-28,1972-05-23,Honda,Circuit de Monaco,Street circuit,Rubens Barrichello,5,28,12423,1993-03-14,4823,MCO,BRA,JPN,0,0,74312.0,73728.0,584.0,9.0
2006,2006-05-28,1973-01-14,Renault,Circuit de Monaco,Street circuit,Giancarlo Fisichella,5,28,12187,1996-03-10,3731,MCO,ITA,FRA,0,0,73647.0,73728.0,-81.0,3.0
2006,2006-05-28,1974-07-13,Toyota,Circuit de Monaco,Street circuit,Jarno Trulli,5,28,11642,1997-03-09,3367,MCO,ITA,JPN,0,0,74211.0,73728.0,483.0,7.0
2006,2006-05-28,1985-06-27,Williams,Circuit de Monaco,Street circuit,Nico Rosberg,5,28,7640,2006-03-12,77,MCO,DEU,GBR,0,0,73909.0,73728.0,181.0,6.0
2006,2006-05-28,1979-10-17,McLaren,Circuit de Monaco,Street circuit,Kimi Räikkönen,5,28,9720,2001-03-04,1911,MCO,FIN,GBR,0,0,73532.0,73728.0,-196.0,1.0
2006,2006-05-28,1976-08-27,Williams,Circuit de Monaco,Street circuit,Mark Webber,5,28,10866,2002-03-03,1547,MCO,AUS,GBR,0,0,73728.0,73728.0,0.0,5.0
2006,2006-06-11,1981-07-29,Renault,Silverstone Circuit,Race circuit,Fernando Alonso,6,11,9083,2001-03-04,1925,GBR,ESP,FRA,0,0,80253.0,80650.0,-398.0,1.0
2006,2006-06-11,1969-01-03,Ferrari,Silverstone Circuit,Race circuit,Michael Schumacher,6,11,13673,1991-08-25,5404,GBR,DEU,ITA,0,0,80574.0,80650.0,-76.0,3.0
2006,2006-06-11,1979-10-17,McLaren,Silverstone Circuit,Race circuit,Kimi Räikkönen,6,11,9734,2001-03-04,1925,GBR,FIN,GBR,0,1,80397.0,80650.0,-254.0,2.0
2006,2006-06-11,1973-01-14,Renault,Silverstone Circuit,Race circuit,Giancarlo Fisichella,6,11,12201,1996-03-10,3745,GBR,ITA,FRA,0,0,80594.0,80650.0,-56.0,4.0
2006,2006-06-11,1981-04-25,Ferrari,Silverstone Circuit,Race circuit,Felipe Massa,6,11,9178,2002-03-03,1561,GBR,BRA,ITA,0,0,80764.0,80650.0,114.0,7.0
2006,2006-06-11,1975-09-20,McLaren,Silverstone Circuit,Race circuit,Juan Pablo Montoya,6,11,11222,2001-03-04,1925,GBR,COL,GBR,0,1,80816.0,80650.0,166.0,8.0
2006,2006-06-11,1977-05-10,BMW Sauber,Silverstone Circuit,Race circuit,Nick Heidfeld,6,11,10624,2000-03-12,2282,GBR,DEU,DEU,0,0,80629.0,80650.0,-22.0,5.0
2006,2006-06-11,1971-04-09,BMW Sauber,Silverstone Circuit,Race circuit,Jacques Villeneuve,6,11,12847,1996-03-10,3745,GBR,CAN,DEU,0,0,80672.0,80650.0,22.0,6.0
2006,2006-06-11,1972-05-23,Honda,Silverstone Circuit,Race circuit,Rubens Barrichello,6,11,12437,1993-03-14,4837,GBR,BRA,JPN,0,0,80929.0,80650.0,278.0,9.0
2006,2006-06-11,1975-06-30,Toyota,Silverstone Circuit,Race circuit,Ralf Schumacher,6,11,11304,1997-03-09,3381,GBR,DEU,JPN,0,0,81043.0,80650.0,392.0,10.0
2006,2006-06-25,1981-07-29,Renault,Circuit Gilles Villeneuve,Street circuit,Fernando Alonso,6,25,9097,2001-03-04,1939,CAN,ESP,FRA,0,0,74726.0,75271.0,-545.0,1.0
2006,2006-06-25,1969-01-03,Ferrari,Circuit Gilles Villeneuve,Street circuit,Michael Schumacher,6,25,13687,1991-08-25,5418,CAN,DEU,ITA,0,0,75139.0,75271.0,-132.0,2.0
2006,2006-06-25,1979-10-17,McLaren,Circuit Gilles Villeneuve,Street circuit,Kimi Räikkönen,6,25,9748,2001-03-04,1939,CAN,FIN,GBR,0,0,75273.0,75271.0,2.0,6.0
2006,2006-06-25,1973-01-14,Renault,Circuit Gilles Villeneuve,Street circuit,Giancarlo Fisichella,6,25,12215,1996-03-10,3759,CAN,ITA,FRA,0,0,75178.0,75271.0,-93.0,3.0
2006,2006-06-25,1981-04-25,Ferrari,Circuit Gilles Villeneuve,Street circuit,Felipe Massa,6,25,9192,2002-03-03,1575,CAN,BRA,ITA,0,0,75555.0,75271.0,284.0,8.0
2006,2006-06-25,1974-07-13,Toyota,Circuit Gilles Villeneuve,Street circuit,Jarno Trulli,6,25,11670,1997-03-09,3395,CAN,ITA,JPN,0,0,75506.0,75271.0,235.0,7.0
2006,2006-06-25,1980-01-19,Honda,Circuit Gilles Villeneuve,Street circuit,Jenson Button,6,25,9654,2000-03-12,2296,CAN,GBR,JPN,0,0,75814.0,75271.0,543.0,10.0
2006,2006-06-25,1975-09-20,McLaren,Circuit Gilles Villeneuve,Street circuit,Juan Pablo Montoya,6,25,11236,2001-03-04,1939,CAN,COL,GBR,0,0,75253.0,75271.0,-18.0,4.0
2006,2006-06-25,1972-05-23,Honda,Circuit Gilles Villeneuve,Street circuit,Rubens Barrichello,6,25,12451,1993-03-14,4851,CAN,BRA,JPN,0,0,75601.0,75271.0,330.0,9.0
2006,2006-06-25,1985-06-27,Williams,Circuit Gilles Villeneuve,Street circuit,Nico Rosberg,6,25,7668,2006-03-12,105,CAN,DEU,GBR,0,0,75269.0,75271.0,-2.0,5.0
2006,2006-07-02,1969-01-03,Ferrari,Indianapolis Motor Speedway,Race circuit,Michael Schumacher,7,2,13694,1991-08-25,5425,USA,DEU,ITA,0,0,70636.0,71696.0,-1060.0,1.0
2006,2006-07-02,1981-04-25,Ferrari,Indianapolis Motor Speedway,Race circuit,Felipe Massa,7,2,9199,2002-03-03,1582,USA,BRA,ITA,0,0,71088.0,71696.0,-608.0,2.0
2006,2006-07-02,1973-01-14,Renault,Indianapolis Motor Speedway,Race circuit,Giancarlo Fisichella,7,2,12222,1996-03-10,3766,USA,ITA,FRA,0,0,71200.0,71696.0,-496.0,3.0
2006,2006-07-02,1981-07-29,Renault,Indianapolis Motor Speedway,Race circuit,Fernando Alonso,7,2,9104,2001-03-04,1946,USA,ESP,FRA,0,0,71877.0,71696.0,182.0,9.0
2006,2006-07-02,1972-05-23,Honda,Indianapolis Motor Speedway,Race circuit,Rubens Barrichello,7,2,12458,1993-03-14,4858,USA,BRA,JPN,0,0,71263.0,71696.0,-432.0,4.0
2006,2006-07-02,1975-06-30,Toyota,Indianapolis Motor Speedway,Race circuit,Ralf Schumacher,7,2,11325,1997-03-09,3402,USA,DEU,JPN,0,0,71673.0,71696.0,-22.0,5.0
2006,2006-07-02,1971-04-09,BMW Sauber,Indianapolis Motor Speedway,Race circuit,Jacques Villeneuve,7,2,12868,1996-03-10,3766,USA,CAN,DEU,0,0,71724.0,71696.0,28.0,7.0
2006,2006-07-02,1980-01-19,Honda,Indianapolis Motor Speedway,Race circuit,Jenson Button,7,2,9661,2000-03-12,2303,USA,GBR,JPN,0,0,71865.0,71696.0,170.0,8.0
2006,2006-07-02,1979-10-17,McLaren,Indianapolis Motor Speedway,Race circuit,Kimi Räikkönen,7,2,9755,2001-03-04,1946,USA,FIN,GBR,0,0,72135.0,71696.0,440.0,10.0
2006,2006-07-02,1977-05-10,BMW Sauber,Indianapolis Motor Speedway,Race circuit,Nick Heidfeld,7,2,10645,2000-03-12,2303,USA,DEU,DEU,0,0,71718.0,71696.0,22.0,6.0
2006,2006-07-16,1969-01-03,Ferrari,Circuit de Nevers Magny-Cours,Race circuit,Michael Schumacher,7,16,13708,1991-08-25,5439,FRA,DEU,ITA,0,0,75111.0,75724.0,-613.0,1.0
2006,2006-07-16,1981-07-29,Renault,Circuit de Nevers Magny-Cours,Race circuit,Fernando Alonso,7,16,9118,2001-03-04,1960,FRA,ESP,FRA,0,1,75706.0,75724.0,-18.0,5.0
2006,2006-07-16,1981-04-25,Ferrari,Circuit de Nevers Magny-Cours,Race circuit,Felipe Massa,7,16,9213,2002-03-03,1596,FRA,BRA,ITA,0,0,75510.0,75724.0,-214.0,2.0
2006,2006-07-16,1975-06-30,Toyota,Circuit de Nevers Magny-Cours,Race circuit,Ralf Schumacher,7,16,11339,1997-03-09,3416,FRA,DEU,JPN,0,0,75625.0,75724.0,-99.0,4.0
2006,2006-07-16,1979-10-17,McLaren,Circuit de Nevers Magny-Cours,Race circuit,Kimi Räikkönen,7,16,9769,2001-03-04,1960,FRA,FIN,GBR,0,0,75742.0,75724.0,18.0,6.0
2006,2006-07-16,1973-01-14,Renault,Circuit de Nevers Magny-Cours,Race circuit,Giancarlo Fisichella,7,16,12236,1996-03-10,3780,FRA,ITA,FRA,0,1,75901.0,75724.0,177.0,7.0
2006,2006-07-16,1971-02-24,McLaren,Circuit de Nevers Magny-Cours,Race circuit,Pedro de la Rosa,7,16,12926,1999-03-07,2688,FRA,ESP,GBR,0,0,75902.0,75724.0,178.0,8.0
2006,2006-07-16,1971-03-27,Red Bull,Circuit de Nevers Magny-Cours,Race circuit,David Coulthard,7,16,12895,1994-05-29,4431,FRA,GBR,AUT,0,0,75974.0,75724.0,250.0,10.0
2006,2006-07-16,1985-06-27,Williams,Circuit de Nevers Magny-Cours,Race circuit,Nico Rosberg,7,16,7689,2006-03-12,126,FRA,DEU,GBR,0,0,75926.0,75724.0,202.0,9.0
2006,2006-07-16,1974-07-13,Toyota,Circuit de Nevers Magny-Cours,Race circuit,Jarno Trulli,7,16,11691,1997-03-09,3416,FRA,ITA,JPN,0,0,75550.0,75724.0,-174.0,3.0
2006,2006-07-30,1969-01-03,Ferrari,Hockenheimring,Race circuit,Michael Schumacher,7,30,13722,1991-08-25,5453,DEU,DEU,ITA,1,0,73778.0,74596.0,-818.0,1.0
2006,2006-07-30,1981-04-25,Ferrari,Hockenheimring,Race circuit,Felipe Massa,7,30,9227,2002-03-03,1610,DEU,BRA,ITA,0,0,74094.0,74596.0,-502.0,3.0
2006,2006-07-30,1979-10-17,McLaren,Hockenheimring,Race circuit,Kimi Räikkönen,7,30,9783,2001-03-04,1974,DEU,FIN,GBR,0,0,74070.0,74596.0,-526.0,2.0
2006,2006-07-30,1980-01-19,Honda,Hockenheimring,Race circuit,Jenson Button,7,30,9689,2000-03-12,2331,DEU,GBR,JPN,0,0,74378.0,74596.0,-218.0,4.0
2006,2006-07-30,1981-07-29,Renault,Hockenheimring,Race circuit,Fernando Alonso,7,30,9132,2001-03-04,1974,DEU,ESP,FRA,0,0,74746.0,74596.0,150.0,8.0
2006,2006-07-30,1973-01-14,Renault,Hockenheimring,Race circuit,Giancarlo Fisichella,7,30,12250,1996-03-10,3794,DEU,ITA,FRA,0,0,74540.0,74596.0,-56.0,5.0
2006,2006-07-30,1975-06-30,Toyota,Hockenheimring,Race circuit,Ralf Schumacher,7,30,11353,1997-03-09,3430,DEU,DEU,JPN,1,0,74743.0,74596.0,147.0,7.0
2006,2006-07-30,1971-03-27,Red Bull,Hockenheimring,Race circuit,David Coulthard,7,30,12909,1994-05-29,4445,DEU,GBR,AUT,0,0,74826.0,74596.0,230.0,9.0
2006,2006-07-30,1972-05-23,Honda,Hockenheimring,Race circuit,Rubens Barrichello,7,30,12486,1993-03-14,4886,DEU,BRA,JPN,0,0,74652.0,74596.0,56.0,6.0
2006,2006-07-30,1971-02-24,McLaren,Hockenheimring,Race circuit,Pedro de la Rosa,7,30,12940,1999-03-07,2702,DEU,ESP,GBR,0,0,75021.0,74596.0,425.0,10.0
2006,2006-08-06,1980-01-19,Honda,Hungaroring,Race circuit,Jenson Button,8,6,9696,2000-03-12,2338,HUN,GBR,JPN,0,0,79943.0,80019.0,-76.0,4.0
2006,2006-08-06,1971-02-24,McLaren,Hungaroring,Race circuit,Pedro de la Rosa,8,6,12947,1999-03-07,2709,HUN,ESP,GBR,0,0,79991.0,80019.0,-28.0,5.0
2006,2006-08-06,1972-05-23,Honda,Hungaroring,Race circuit,Rubens Barrichello,8,6,12493,1993-03-14,4893,HUN,BRA,JPN,0,0,79783.0,80019.0,-236.0,3.0
2006,2006-08-06,1975-06-30,Toyota,Hungaroring,Race circuit,Ralf Schumacher,8,6,11360,1997-03-09,3437,HUN,DEU,JPN,0,0,80243.0,80019.0,224.0,9.0
2006,2006-08-06,1981-04-25,Ferrari,Hungaroring,Race circuit,Felipe Massa,8,6,9234,2002-03-03,1617,HUN,BRA,ITA,0,0,79504.0,80019.0,-515.0,1.0
2006,2006-08-06,1974-07-13,Toyota,Hungaroring,Race circuit,Jarno Trulli,8,6,11712,1997-03-09,3437,HUN,ITA,JPN,0,0,80231.0,80019.0,212.0,8.0
2006,2006-08-06,1979-10-17,McLaren,Hungaroring,Race circuit,Kimi Räikkönen,8,6,9790,2001-03-04,1981,HUN,FIN,GBR,0,0,79599.0,80019.0,-420.0,2.0
2006,2006-08-06,1973-01-14,Renault,Hungaroring,Race circuit,Giancarlo Fisichella,8,6,12257,1996-03-10,3801,HUN,ITA,FRA,0,0,80154.0,80019.0,135.0,7.0
2006,2006-08-06,1976-08-27,Williams,Hungaroring,Race circuit,Mark Webber,8,6,10936,2002-03-03,1617,HUN,AUS,GBR,0,0,80047.0,80019.0,28.0,6.0
2006,2006-08-06,1984-12-07,BMW Sauber,Hungaroring,Race circuit,Robert Kubica,8,6,7912,2006-08-06,0,HUN,POL,DEU,0,0,80256.0,80019.0,237.0,10.0
2006,2006-08-27,1981-04-25,Ferrari,Istanbul Park,Race circuit,Felipe Massa,8,27,9255,2002-03-03,1638,TUR,BRA,ITA,0,0,86907.0,87132.0,-225.0,3.0
2006,2006-08-27,1981-07-29,Renault,Istanbul Park,Race circuit,Fernando Alonso,8,27,9160,2001-03-04,2002,TUR,ESP,FRA,0,0,86917.0,87132.0,-215.0,4.0
2006,2006-08-27,1969-01-03,Ferrari,Istanbul Park,Race circuit,Michael Schumacher,8,27,13750,1991-08-25,5481,TUR,DEU,ITA,0,0,85850.0,87132.0,-1282.0,1.0
2006,2006-08-27,1980-01-19,Honda,Istanbul Park,Race circuit,Jenson Button,8,27,9717,2000-03-12,2359,TUR,GBR,JPN,0,0,86872.0,87132.0,-260.0,2.0
2006,2006-08-27,1973-01-14,Renault,Istanbul Park,Race circuit,Giancarlo Fisichella,8,27,12278,1996-03-10,3822,TUR,ITA,FRA,0,0,87346.0,87132.0,214.0,8.0
2006,2006-08-27,1975-06-30,Toyota,Istanbul Park,Race circuit,Ralf Schumacher,8,27,11381,1997-03-09,3458,TUR,DEU,JPN,0,0,87062.0,87132.0,-70.0,5.0
2006,2006-08-27,1976-08-27,Williams,Istanbul Park,Race circuit,Mark Webber,8,27,10957,2002-03-03,1638,TUR,AUS,GBR,0,0,87608.0,87132.0,476.0,10.0
2006,2006-08-27,1984-12-07,BMW Sauber,Istanbul Park,Race circuit,Robert Kubica,8,27,7933,2006-08-06,21,TUR,POL,DEU,0,0,87405.0,87132.0,273.0,9.0
2006,2006-08-27,1977-05-10,BMW Sauber,Istanbul Park,Race circuit,Nick Heidfeld,8,27,10701,2000-03-12,2359,TUR,DEU,DEU,0,0,87251.0,87132.0,119.0,7.0
2006,2006-08-27,1979-10-17,McLaren,Istanbul Park,Race circuit,Kimi Räikkönen,8,27,9811,2001-03-04,2002,TUR,FIN,GBR,0,0,87202.0,87132.0,70.0,6.0
2006,2006-09-10,1969-01-03,Ferrari,Autodromo Nazionale di Monza,Race circuit,Michael Schumacher,9,10,13764,1991-08-25,5495,ITA,DEU,ITA,0,1,81353.0,81476.0,-122.0,4.0
2006,2006-09-10,1979-10-17,McLaren,Autodromo Nazionale di Monza,Race circuit,Kimi Räikkönen,9,10,9825,2001-03-04,2016,ITA,FIN,GBR,0,0,81349.0,81476.0,-126.0,3.0
2006,2006-09-10,1984-12-07,BMW Sauber,Autodromo Nazionale di Monza,Race circuit,Robert Kubica,9,10,7947,2006-08-06,35,ITA,POL,DEU,0,0,81270.0,81476.0,-206.0,2.0
2006,2006-09-10,1973-01-14,Renault,Autodromo Nazionale di Monza,Race circuit,Giancarlo Fisichella,9,10,12292,1996-03-10,3836,ITA,ITA,FRA,1,0,81722.0,81476.0,246.0,9.0
2006,2006-09-10,1980-01-19,Honda,Autodromo Nazionale di Monza,Race circuit,Jenson Button,9,10,9731,2000-03-12,2373,ITA,GBR,JPN,0,0,81572.0,81476.0,96.0,7.0
2006,2006-09-10,1972-05-23,Honda,Autodromo Nazionale di Monza,Race circuit,Rubens Barrichello,9,10,12528,1993-03-14,4928,ITA,BRA,JPN,0,0,81688.0,81476.0,212.0,8.0
2006,2006-09-10,1977-05-10,BMW Sauber,Autodromo Nazionale di Monza,Race circuit,Nick Heidfeld,9,10,10715,2000-03-12,2373,ITA,DEU,DEU,0,0,81425.0,81476.0,-50.0,5.0
2006,2006-09-10,1981-04-25,Ferrari,Autodromo Nazionale di Monza,Race circuit,Felipe Massa,9,10,9269,2002-03-03,1652,ITA,BRA,ITA,0,1,81225.0,81476.0,-250.0,1.0
2006,2006-09-10,1981-07-29,Renault,Autodromo Nazionale di Monza,Race circuit,Fernando Alonso,9,10,9174,2001-03-04,2016,ITA,ESP,FRA,0,0,81526.0,81476.0,50.0,6.0
2006,2006-09-10,1971-02-24,McLaren,Autodromo Nazionale di Monza,Race circuit,Pedro de la Rosa,9,10,12982,1999-03-07,2744,ITA,ESP,GBR,0,0,81878.0,81476.0,402.0,10.0
2006,2006-10-01,1969-01-03,Ferrari,Shanghai International Circuit,Race circuit,Michael Schumacher,10,1,13785,1991-08-25,5516,CHN,DEU,ITA,0,0,105660.0,104982.0,678.0,9.0
2006,2006-10-01,1981-07-29,Renault,Shanghai International Circuit,Race circuit,Fernando Alonso,10,1,9195,2001-03-04,2037,CHN,ESP,FRA,0,0,103951.0,104982.0,-1031.0,1.0
2006,2006-10-01,1973-01-14,Renault,Shanghai International Circuit,Race circuit,Giancarlo Fisichella,10,1,12313,1996-03-10,3857,CHN,ITA,FRA,0,0,104336.0,104982.0,-646.0,2.0
2006,2006-10-01,1980-01-19,Honda,Shanghai International Circuit,Race circuit,Jenson Button,10,1,9752,2000-03-12,2394,CHN,GBR,JPN,0,0,104662.0,104982.0,-320.0,3.0
2006,2006-10-01,1971-02-24,McLaren,Shanghai International Circuit,Race circuit,Pedro de la Rosa,10,1,13003,1999-03-07,2765,CHN,ESP,GBR,0,0,104808.0,104982.0,-174.0,4.0
2006,2006-10-01,1972-05-23,Honda,Shanghai International Circuit,Race circuit,Rubens Barrichello,10,1,12549,1993-03-14,4949,CHN,BRA,JPN,0,0,105228.0,104982.0,246.0,7.0
2006,2006-10-01,1977-05-10,BMW Sauber,Shanghai International Circuit,Race circuit,Nick Heidfeld,10,1,10736,2000-03-12,2394,CHN,DEU,DEU,0,0,105055.0,104982.0,73.0,6.0
2006,2006-10-01,1981-09-23,Red Bull,Shanghai International Circuit,Race circuit,Robert Doornbos,10,1,9139,2005-07-24,434,CHN,NLD,AUT,0,0,105747.0,104982.0,765.0,10.0
2006,2006-10-01,1984-12-07,BMW Sauber,Shanghai International Circuit,Race circuit,Robert Kubica,10,1,7968,2006-08-06,56,CHN,POL,DEU,0,0,105576.0,104982.0,594.0,8.0
2006,2006-10-01,1979-10-17,McLaren,Shanghai International Circuit,Race circuit,Kimi Räikkönen,10,1,9846,2001-03-04,2037,CHN,FIN,GBR,0,0,104909.0,104982.0,-73.0,5.0
2006,2006-10-08,1981-07-29,Renault,Suzuka Circuit,Race circuit,Fernando Alonso,10,8,9202,2001-03-04,2044,JPN,ESP,FRA,0,0,90357.0,90287.0,70.0,8.0
2006,2006-10-08,1981-04-25,Ferrari,Suzuka Circuit,Race circuit,Felipe Massa,10,8,9297,2002-03-03,1680,JPN,BRA,ITA,0,0,89599.0,90287.0,-688.0,2.0
2006,2006-10-08,1973-01-14,Renault,Suzuka Circuit,Race circuit,Giancarlo Fisichella,10,8,12320,1996-03-10,3864,JPN,ITA,FRA,0,0,90306.0,90287.0,19.0,6.0
2006,2006-10-08,1980-01-19,Honda,Suzuka Circuit,Race circuit,Jenson Button,10,8,9759,2000-03-12,2401,JPN,GBR,JPN,0,1,90268.0,90287.0,-19.0,5.0
2006,2006-10-08,1974-07-13,Toyota,Suzuka Circuit,Race circuit,Jarno Trulli,10,8,11775,1997-03-09,3500,JPN,ITA,JPN,0,1,90039.0,90287.0,-248.0,4.0
2006,2006-10-08,1975-06-30,Toyota,Suzuka Circuit,Race circuit,Ralf Schumacher,10,8,11423,1997-03-09,3500,JPN,DEU,JPN,0,1,89989.0,90287.0,-298.0,3.0
2006,2006-10-08,1977-05-10,BMW Sauber,Suzuka Circuit,Race circuit,Nick Heidfeld,10,8,10743,2000-03-12,2401,JPN,DEU,DEU,0,0,90470.0,90287.0,183.0,9.0
2006,2006-10-08,1985-06-27,Williams,Suzuka Circuit,Race circuit,Nico Rosberg,10,8,7773,2006-03-12,210,JPN,DEU,GBR,0,0,90321.0,90287.0,34.0,7.0
2006,2006-10-08,1972-05-23,Honda,Suzuka Circuit,Race circuit,Rubens Barrichello,10,8,12556,1993-03-14,4956,JPN,BRA,JPN,0,1,90598.0,90287.0,311.0,10.0
2006,2006-10-08,1969-01-03,Ferrari,Suzuka Circuit,Race circuit,Michael Schumacher,10,8,13792,1991-08-25,5523,JPN,DEU,ITA,0,0,88954.0,90287.0,-1333.0,1.0
2006,2006-10-22,1981-04-25,Ferrari,Autódromo José Carlos Pace,Race circuit,Felipe Massa,10,22,9311,2002-03-03,1694,BRA,BRA,ITA,1,0,70643.0,71461.0,-818.0,1.0
2006,2006-10-22,1981-07-29,Renault,Autódromo José Carlos Pace,Race circuit,Fernando Alonso,10,22,9216,2001-03-04,2058,BRA,ESP,FRA,0,0,71148.0,71461.0,-313.0,2.0
2006,2006-10-22,1979-10-17,McLaren,Autódromo José Carlos Pace,Race circuit,Kimi Räikkönen,10,22,9867,2001-03-04,2058,BRA,FIN,GBR,0,0,71299.0,71461.0,-162.0,3.0
2006,2006-10-22,1973-01-14,Renault,Autódromo José Carlos Pace,Race circuit,Giancarlo Fisichella,10,22,12334,1996-03-10,3878,BRA,ITA,FRA,0,0,71461.0,71461.0,0.0,5.0
2006,2006-10-22,1972-05-23,Honda,Autódromo José Carlos Pace,Race circuit,Rubens Barrichello,10,22,12570,1993-03-14,4970,BRA,BRA,JPN,1,0,71578.0,71461.0,117.0,7.0
2006,2006-10-22,1984-12-07,BMW Sauber,Autódromo José Carlos Pace,Race circuit,Robert Kubica,10,22,7989,2006-08-06,77,BRA,POL,DEU,0,0,71589.0,71461.0,128.0,8.0
2006,2006-10-22,1977-05-10,BMW Sauber,Autódromo José Carlos Pace,Race circuit,Nick Heidfeld,10,22,10757,2000-03-12,2415,BRA,DEU,DEU,0,0,71648.0,71461.0,187.0,9.0
2006,2006-10-22,1974-07-13,Toyota,Autódromo José Carlos Pace,Race circuit,Jarno Trulli,10,22,11789,1997-03-09,3514,BRA,ITA,JPN,0,0,71328.0,71461.0,-133.0,4.0
2006,2006-10-22,1975-06-30,Toyota,Autódromo José Carlos Pace,Race circuit,Ralf Schumacher,10,22,11437,1997-03-09,3514,BRA,DEU,JPN,0,0,71550.0,71461.0,89.0,6.0
2007,2007-03-18,1979-10-17,Ferrari,Albert Park Grand Prix Circuit,Street circuit,Kimi Räikkönen,3,18,10014,2001-03-04,2205,AUS,FIN,ITA,0,0,85644.0,85913.0,-269.0,4.0
2007,2007-03-18,1981-07-29,McLaren,Albert Park Grand Prix Circuit,Street circuit,Fernando Alonso,3,18,9363,2001-03-04,2205,AUS,ESP,GBR,0,0,85326.0,85913.0,-587.0,1.0
2007,2007-03-18,1985-01-07,McLaren,Albert Park Grand Prix Circuit,Street circuit,Lewis Hamilton,3,18,8105,2007-03-18,0,AUS,GBR,GBR,0,0,85577.0,85913.0,-336.0,3.0
2007,2007-03-18,1977-05-10,BMW Sauber,Albert Park Grand Prix Circuit,Street circuit,Nick Heidfeld,3,18,10904,2000-03-12,2562,AUS,DEU,DEU,0,0,85358.0,85913.0,-555.0,2.0
2007,2007-03-18,1973-01-14,Renault,Albert Park Grand Prix Circuit,Street circuit,Giancarlo Fisichella,3,18,12481,1996-03-10,4025,AUS,ITA,FRA,0,0,85944.0,85913.0,31.0,6.0
2007,2007-03-18,1975-06-30,Toyota,Albert Park Grand Prix Circuit,Street circuit,Ralf Schumacher,3,18,11584,1997-03-09,3661,AUS,DEU,JPN,0,0,86739.0,85913.0,826.0,9.0
2007,2007-03-18,1974-07-13,Toyota,Albert Park Grand Prix Circuit,Street circuit,Jarno Trulli,3,18,11936,1997-03-09,3661,AUS,ITA,JPN,0,0,86688.0,85913.0,775.0,8.0
2007,2007-03-18,1977-01-28,Super Aguri,Albert Park Grand Prix Circuit,Street circuit,Takuma Sato,3,18,11006,2002-03-03,1841,AUS,JPN,JPN,0,0,86758.0,85913.0,845.0,10.0
2007,2007-03-18,1976-08-27,Red Bull,Albert Park Grand Prix Circuit,Street circuit,Mark Webber,3,18,11160,2002-03-03,1841,AUS,AUS,AUT,1,0,86623.0,85913.0,710.0,7.0
2007,2007-03-18,1984-12-07,BMW Sauber,Albert Park Grand Prix Circuit,Street circuit,Robert Kubica,3,18,8136,2006-08-06,224,AUS,POL,DEU,0,0,85882.0,85913.0,-31.0,5.0
2007,2007-04-08,1981-07-29,McLaren,Sepang International Circuit,Race circuit,Fernando Alonso,4,8,9384,2001-03-04,2226,MYS,ESP,GBR,0,0,94057.0,94971.0,-914.0,1.0
2007,2007-04-08,1985-01-07,McLaren,Sepang International Circuit,Race circuit,Lewis Hamilton,4,8,8126,2007-03-18,21,MYS,GBR,GBR,0,0,94650.0,94971.0,-321.0,3.0
2007,2007-04-08,1979-10-17,Ferrari,Sepang International Circuit,Race circuit,Kimi Räikkönen,4,8,10035,2001-03-04,2226,MYS,FIN,ITA,0,0,94687.0,94971.0,-284.0,4.0
2007,2007-04-08,1977-05-10,BMW Sauber,Sepang International Circuit,Race circuit,Nick Heidfeld,4,8,10925,2000-03-12,2583,MYS,DEU,DEU,0,0,95203.0,94971.0,232.0,6.0
2007,2007-04-08,1981-04-25,Ferrari,Sepang International Circuit,Race circuit,Felipe Massa,4,8,9479,2002-03-03,1862,MYS,BRA,ITA,0,0,94454.0,94971.0,-517.0,2.0
2007,2007-04-08,1974-07-13,Toyota,Sepang International Circuit,Race circuit,Jarno Trulli,4,8,11957,1997-03-09,3682,MYS,ITA,JPN,0,0,95255.0,94971.0,284.0,7.0
2007,2007-04-08,1976-08-27,Red Bull,Sepang International Circuit,Race circuit,Mark Webber,4,8,11181,2002-03-03,1862,MYS,AUS,AUT,0,0,95579.0,94971.0,608.0,9.0
2007,2007-04-08,1975-06-30,Toyota,Sepang International Circuit,Race circuit,Ralf Schumacher,4,8,11605,1997-03-09,3682,MYS,DEU,JPN,0,0,95595.0,94971.0,624.0,10.0
2007,2007-04-08,1984-12-07,BMW Sauber,Sepang International Circuit,Race circuit,Robert Kubica,4,8,8157,2006-08-06,245,MYS,POL,DEU,0,0,94739.0,94971.0,-232.0,5.0
2007,2007-04-08,1985-06-27,Williams,Sepang International Circuit,Race circuit,Nico Rosberg,4,8,7955,2006-03-12,392,MYS,DEU,GBR,0,0,95380.0,94971.0,409.0,8.0
2007,2007-04-15,1981-04-25,Ferrari,Bahrain International Circuit,Race circuit,Felipe Massa,4,15,9486,2002-03-03,1869,BHR,BRA,ITA,0,0,91359.0,92253.0,-894.0,1.0
2007,2007-04-15,1985-01-07,McLaren,Bahrain International Circuit,Race circuit,Lewis Hamilton,4,15,8133,2007-03-18,28,BHR,GBR,GBR,0,0,91752.0,92253.0,-501.0,2.0
2007,2007-04-15,1979-10-17,Ferrari,Bahrain International Circuit,Race circuit,Kimi Räikkönen,4,15,10042,2001-03-04,2233,BHR,FIN,ITA,0,0,91812.0,92253.0,-441.0,3.0
2007,2007-04-15,1977-05-10,BMW Sauber,Bahrain International Circuit,Race circuit,Nick Heidfeld,4,15,10932,2000-03-12,2590,BHR,DEU,DEU,0,0,92154.0,92253.0,-99.0,4.0
2007,2007-04-15,1981-07-29,McLaren,Bahrain International Circuit,Race circuit,Fernando Alonso,4,15,9391,2001-03-04,2233,BHR,ESP,GBR,0,0,92214.0,92253.0,-39.0,5.0
2007,2007-04-15,1984-12-07,BMW Sauber,Bahrain International Circuit,Race circuit,Robert Kubica,4,15,8164,2006-08-06,252,BHR,POL,DEU,0,0,92292.0,92253.0,39.0,6.0
2007,2007-04-15,1974-07-13,Toyota,Bahrain International Circuit,Race circuit,Jarno Trulli,4,15,11964,1997-03-09,3689,BHR,ITA,JPN,0,0,92429.0,92253.0,176.0,7.0
2007,2007-04-15,1973-01-14,Renault,Bahrain International Circuit,Race circuit,Giancarlo Fisichella,4,15,12509,1996-03-10,4053,BHR,ITA,FRA,0,0,92889.0,92253.0,636.0,10.0
2007,2007-04-15,1985-06-27,Williams,Bahrain International Circuit,Race circuit,Nico Rosberg,4,15,7962,2006-03-12,399,BHR,DEU,GBR,0,0,92815.0,92253.0,562.0,9.0
2007,2007-04-15,1976-08-27,Red Bull,Bahrain International Circuit,Race circuit,Mark Webber,4,15,11188,2002-03-03,1869,BHR,AUS,AUT,0,0,92808.0,92253.0,555.0,8.0
2007,2007-05-13,1981-04-25,Ferrari,Circuit de Barcelona-Catalunya,Race circuit,Felipe Massa,5,13,9514,2002-03-03,1897,ESP,BRA,ITA,0,0,80597.0,81247.0,-650.0,1.0
2007,2007-05-13,1985-01-07,McLaren,Circuit de Barcelona-Catalunya,Race circuit,Lewis Hamilton,5,13,8161,2007-03-18,56,ESP,GBR,GBR,0,0,80713.0,81247.0,-534.0,2.0
2007,2007-05-13,1981-07-29,McLaren,Circuit de Barcelona-Catalunya,Race circuit,Fernando Alonso,5,13,9419,2001-03-04,2261,ESP,ESP,GBR,1,0,80797.0,81247.0,-450.0,4.0
2007,2007-05-13,1984-12-07,BMW Sauber,Circuit de Barcelona-Catalunya,Race circuit,Robert Kubica,5,13,8192,2006-08-06,280,ESP,POL,DEU,0,0,81381.0,81247.0,134.0,6.0
2007,2007-05-13,1971-03-27,Red Bull,Circuit de Barcelona-Catalunya,Race circuit,David Coulthard,5,13,13196,1994-05-29,4732,ESP,GBR,AUT,0,0,81488.0,81247.0,241.0,7.0
2007,2007-05-13,1981-10-19,Renault,Circuit de Barcelona-Catalunya,Race circuit,Heikki Kovalainen,5,13,9337,2007-03-18,56,ESP,FIN,FRA,0,0,81623.0,81247.0,376.0,9.0
2007,2007-05-13,1973-01-14,Renault,Circuit de Barcelona-Catalunya,Race circuit,Giancarlo Fisichella,5,13,12537,1996-03-10,4081,ESP,ITA,FRA,0,0,81677.0,81247.0,430.0,10.0
2007,2007-05-13,1977-05-10,BMW Sauber,Circuit de Barcelona-Catalunya,Race circuit,Nick Heidfeld,5,13,10960,2000-03-12,2618,ESP,DEU,DEU,0,0,81113.0,81247.0,-134.0,5.0
2007,2007-05-13,1979-10-17,Ferrari,Circuit de Barcelona-Catalunya,Race circuit,Kimi Räikkönen,5,13,10070,2001-03-04,2261,ESP,FIN,ITA,0,0,80741.0,81247.0,-506.0,3.0
2007,2007-05-13,1974-07-13,Toyota,Circuit de Barcelona-Catalunya,Race circuit,Jarno Trulli,5,13,11992,1997-03-09,3717,ESP,ITA,JPN,0,0,81554.0,81247.0,307.0,8.0
2007,2007-05-27,1981-07-29,McLaren,Circuit de Monaco,Street circuit,Fernando Alonso,5,27,9433,2001-03-04,2275,MCO,ESP,GBR,0,0,75431.0,76010.0,-580.0,1.0
2007,2007-05-27,1985-01-07,McLaren,Circuit de Monaco,Street circuit,Lewis Hamilton,5,27,8175,2007-03-18,70,MCO,GBR,GBR,0,0,75479.0,76010.0,-532.0,2.0
2007,2007-05-27,1981-04-25,Ferrari,Circuit de Monaco,Street circuit,Felipe Massa,5,27,9528,2002-03-03,1911,MCO,BRA,ITA,0,0,75967.0,76010.0,-44.0,5.0
2007,2007-05-27,1973-01-14,Renault,Circuit de Monaco,Street circuit,Giancarlo Fisichella,5,27,12551,1996-03-10,4095,MCO,ITA,FRA,0,0,76054.0,76010.0,44.0,6.0
2007,2007-05-27,1984-12-07,BMW Sauber,Circuit de Monaco,Street circuit,Robert Kubica,5,27,8206,2006-08-06,294,MCO,POL,DEU,0,0,75576.0,76010.0,-434.0,3.0
2007,2007-05-27,1977-05-10,BMW Sauber,Circuit de Monaco,Street circuit,Nick Heidfeld,5,27,10974,2000-03-12,2632,MCO,DEU,DEU,0,0,75733.0,76010.0,-278.0,4.0
2007,2007-05-27,1972-05-23,Honda,Circuit de Monaco,Street circuit,Rubens Barrichello,5,27,12787,1993-03-14,5187,MCO,BRA,JPN,0,0,76454.0,76010.0,444.0,9.0
2007,2007-05-27,1980-01-19,Honda,Circuit de Monaco,Street circuit,Jenson Button,5,27,9990,2000-03-12,2632,MCO,GBR,JPN,0,0,76457.0,76010.0,446.0,10.0
2007,2007-05-27,1985-06-27,Williams,Circuit de Monaco,Street circuit,Nico Rosberg,5,27,8004,2006-03-12,441,MCO,DEU,GBR,0,0,76100.0,76010.0,90.0,7.0
2007,2007-05-27,1976-08-27,Red Bull,Circuit de Monaco,Street circuit,Mark Webber,5,27,11230,2002-03-03,1911,MCO,AUS,AUT,0,0,76420.0,76010.0,410.0,8.0
2007,2007-06-10,1985-01-07,McLaren,Circuit Gilles Villeneuve,Street circuit,Lewis Hamilton,6,10,8189,2007-03-18,84,CAN,GBR,GBR,0,0,75486.0,76224.0,-738.0,1.0
2007,2007-06-10,1977-05-10,BMW Sauber,Circuit Gilles Villeneuve,Street circuit,Nick Heidfeld,6,10,10988,2000-03-12,2646,CAN,DEU,DEU,0,0,75960.0,76224.0,-264.0,3.0
2007,2007-06-10,1979-10-17,Ferrari,Circuit Gilles Villeneuve,Street circuit,Kimi Räikkönen,6,10,10098,2001-03-04,2289,CAN,FIN,ITA,0,0,76411.0,76224.0,188.0,9.0
2007,2007-06-10,1981-07-29,McLaren,Circuit Gilles Villeneuve,Street circuit,Fernando Alonso,6,10,9447,2001-03-04,2289,CAN,ESP,GBR,0,0,75522.0,76224.0,-702.0,2.0
2007,2007-06-10,1976-08-27,Red Bull,Circuit Gilles Villeneuve,Street circuit,Mark Webber,6,10,11244,2002-03-03,1925,CAN,AUS,AUT,0,0,76257.0,76224.0,34.0,6.0
2007,2007-06-10,1985-06-27,Williams,Circuit Gilles Villeneuve,Street circuit,Nico Rosberg,6,10,8018,2006-03-12,455,CAN,DEU,GBR,0,0,76190.0,76224.0,-34.0,5.0
2007,2007-06-10,1974-07-13,Toyota,Circuit Gilles Villeneuve,Street circuit,Jarno Trulli,6,10,12020,1997-03-09,3745,CAN,ITA,JPN,0,0,76600.0,76224.0,376.0,10.0
2007,2007-06-10,1984-12-07,BMW Sauber,Circuit Gilles Villeneuve,Street circuit,Robert Kubica,6,10,8220,2006-08-06,308,CAN,POL,DEU,0,0,76368.0,76224.0,144.0,8.0
2007,2007-06-10,1981-04-25,Ferrari,Circuit Gilles Villeneuve,Street circuit,Felipe Massa,6,10,9542,2002-03-03,1925,CAN,BRA,ITA,0,0,76138.0,76224.0,-86.0,4.0
2007,2007-06-10,1973-01-14,Renault,Circuit Gilles Villeneuve,Street circuit,Giancarlo Fisichella,6,10,12565,1996-03-10,4109,CAN,ITA,FRA,0,0,76288.0,76224.0,64.0,7.0
2007,2007-06-17,1985-01-07,McLaren,Indianapolis Motor Speedway,Race circuit,Lewis Hamilton,6,17,8196,2007-03-18,91,USA,GBR,GBR,0,0,72065.0,72394.0,-328.0,2.0
2007,2007-06-17,1981-07-29,McLaren,Indianapolis Motor Speedway,Race circuit,Fernando Alonso,6,17,9454,2001-03-04,2296,USA,ESP,GBR,0,0,71926.0,72394.0,-468.0,1.0
2007,2007-06-17,1981-04-25,Ferrari,Indianapolis Motor Speedway,Race circuit,Felipe Massa,6,17,9549,2002-03-03,1932,USA,BRA,ITA,0,0,72180.0,72394.0,-214.0,4.0
2007,2007-06-17,1979-10-17,Ferrari,Indianapolis Motor Speedway,Race circuit,Kimi Räikkönen,6,17,10105,2001-03-04,2296,USA,FIN,ITA,0,0,72111.0,72394.0,-282.0,3.0
2007,2007-06-17,1981-10-19,Renault,Indianapolis Motor Speedway,Race circuit,Heikki Kovalainen,6,17,9372,2007-03-18,91,USA,FIN,FRA,0,0,72599.0,72394.0,206.0,6.0
2007,2007-06-17,1974-07-13,Toyota,Indianapolis Motor Speedway,Race circuit,Jarno Trulli,6,17,12027,1997-03-09,3752,USA,ITA,JPN,0,0,72828.0,72394.0,434.0,10.0
2007,2007-06-17,1976-08-27,Red Bull,Indianapolis Motor Speedway,Race circuit,Mark Webber,6,17,11251,2002-03-03,1932,USA,AUS,AUT,0,0,72788.0,72394.0,394.0,9.0
2007,2007-06-17,1987-07-03,BMW Sauber,Indianapolis Motor Speedway,Race circuit,Sebastian Vettel,6,17,7289,2007-06-17,0,USA,DEU,DEU,0,0,72644.0,72394.0,250.0,8.0
2007,2007-06-17,1973-01-14,Renault,Indianapolis Motor Speedway,Race circuit,Giancarlo Fisichella,6,17,12572,1996-03-10,4116,USA,ITA,FRA,0,0,72603.0,72394.0,210.0,7.0
2007,2007-06-17,1977-05-10,BMW Sauber,Indianapolis Motor Speedway,Race circuit,Nick Heidfeld,6,17,10995,2000-03-12,2653,USA,DEU,DEU,0,0,72188.0,72394.0,-206.0,5.0
2007,2007-07-01,1979-10-17,Ferrari,Circuit de Nevers Magny-Cours,Race circuit,Kimi Räikkönen,7,1,10119,2001-03-04,2310,FRA,FIN,ITA,0,0,74828.0,75149.0,-321.0,3.0
2007,2007-07-01,1981-04-25,Ferrari,Circuit de Nevers Magny-Cours,Race circuit,Felipe Massa,7,1,9563,2002-03-03,1946,FRA,BRA,ITA,0,0,74822.0,75149.0,-327.0,2.0
2007,2007-07-01,1985-01-07,McLaren,Circuit de Nevers Magny-Cours,Race circuit,Lewis Hamilton,7,1,8210,2007-03-18,105,FRA,GBR,GBR,0,0,74795.0,75149.0,-354.0,1.0
2007,2007-07-01,1984-12-07,BMW Sauber,Circuit de Nevers Magny-Cours,Race circuit,Robert Kubica,7,1,8241,2006-08-06,329,FRA,POL,DEU,0,0,75066.0,75149.0,-83.0,4.0
2007,2007-07-01,1977-05-10,BMW Sauber,Circuit de Nevers Magny-Cours,Race circuit,Nick Heidfeld,7,1,11009,2000-03-12,2667,FRA,DEU,DEU,0,0,75149.0,75149.0,0.0,5.0
2007,2007-07-01,1973-01-14,Renault,Circuit de Nevers Magny-Cours,Race circuit,Giancarlo Fisichella,7,1,12586,1996-03-10,4130,FRA,ITA,FRA,0,1,75227.0,75149.0,78.0,6.0
2007,2007-07-01,1985-06-27,Williams,Circuit de Nevers Magny-Cours,Race circuit,Nico Rosberg,7,1,8039,2006-03-12,476,FRA,DEU,GBR,0,0,75331.0,75149.0,182.0,8.0
2007,2007-07-01,1981-10-19,Renault,Circuit de Nevers Magny-Cours,Race circuit,Heikki Kovalainen,7,1,9386,2007-03-18,105,FRA,FIN,FRA,0,1,75272.0,75149.0,123.0,7.0
2007,2007-07-01,1974-07-13,Toyota,Circuit de Nevers Magny-Cours,Race circuit,Jarno Trulli,7,1,12041,1997-03-09,3766,FRA,ITA,JPN,0,0,75379.0,75149.0,230.0,9.0
2007,2007-07-08,1979-10-17,Ferrari,Silverstone Circuit,Race circuit,Kimi Räikkönen,7,8,10126,2001-03-04,2317,GBR,FIN,ITA,0,0,79252.0,79951.0,-699.0,2.0
2007,2007-07-08,1981-07-29,McLaren,Silverstone Circuit,Race circuit,Fernando Alonso,7,8,9475,2001-03-04,2317,GBR,ESP,GBR,0,1,79152.0,79951.0,-799.0,1.0
2007,2007-07-08,1985-01-07,McLaren,Silverstone Circuit,Race circuit,Lewis Hamilton,7,8,8217,2007-03-18,112,GBR,GBR,GBR,1,1,79400.0,79951.0,-551.0,3.0
2007,2007-07-08,1984-12-07,BMW Sauber,Silverstone Circuit,Race circuit,Robert Kubica,7,8,8248,2006-08-06,336,GBR,POL,DEU,0,0,80054.0,79951.0,103.0,7.0
2007,2007-07-08,1981-04-25,Ferrari,Silverstone Circuit,Race circuit,Felipe Massa,7,8,9570,2002-03-03,1953,GBR,BRA,ITA,0,0,79421.0,79951.0,-530.0,4.0
2007,2007-07-08,1977-05-10,BMW Sauber,Silverstone Circuit,Race circuit,Nick Heidfeld,7,8,11016,2000-03-12,2674,GBR,DEU,DEU,0,0,80178.0,79951.0,227.0,10.0
2007,2007-07-08,1981-10-19,Renault,Silverstone Circuit,Race circuit,Heikki Kovalainen,7,8,9393,2007-03-18,112,GBR,FIN,FRA,0,0,80077.0,79951.0,126.0,8.0
2007,2007-07-08,1973-01-14,Renault,Silverstone Circuit,Race circuit,Giancarlo Fisichella,7,8,12593,1996-03-10,4137,GBR,ITA,FRA,0,0,80042.0,79951.0,91.0,6.0
2007,2007-07-08,1974-07-13,Toyota,Silverstone Circuit,Race circuit,Jarno Trulli,7,8,12048,1997-03-09,3773,GBR,ITA,JPN,0,0,80133.0,79951.0,182.0,9.0
2007,2007-07-08,1975-06-30,Toyota,Silverstone Circuit,Race circuit,Ralf Schumacher,7,8,11696,1997-03-09,3773,GBR,DEU,JPN,0,0,79860.0,79951.0,-91.0,5.0
2007,2007-07-22,1981-07-29,McLaren,Nürburgring,Race circuit,Fernando Alonso,7,22,9489,2001-03-04,2331,DEU,ESP,GBR,0,0,90983.0,91548.0,-565.0,2.0
2007,2007-07-22,1981-04-25,Ferrari,Nürburgring,Race circuit,Felipe Massa,7,22,9584,2002-03-03,1967,DEU,BRA,ITA,0,0,90912.0,91548.0,-636.0,1.0
2007,2007-07-22,1976-08-27,Red Bull,Nürburgring,Race circuit,Mark Webber,7,22,11286,2002-03-03,1967,DEU,AUS,AUT,0,0,91661.0,91548.0,113.0,7.0
2007,2007-07-22,1977-05-10,BMW Sauber,Nürburgring,Race circuit,Nick Heidfeld,7,22,11030,2000-03-12,2688,DEU,DEU,DEU,1,1,91652.0,91548.0,104.0,6.0
2007,2007-07-22,1984-12-07,BMW Sauber,Nürburgring,Race circuit,Robert Kubica,7,22,8262,2006-08-06,350,DEU,POL,DEU,0,1,91444.0,91548.0,-104.0,5.0
2007,2007-07-22,1981-10-19,Renault,Nürburgring,Race circuit,Heikki Kovalainen,7,22,9407,2007-03-18,126,DEU,FIN,FRA,0,0,91783.0,91548.0,235.0,8.0
2007,2007-07-22,1985-01-07,McLaren,Nürburgring,Race circuit,Lewis Hamilton,7,22,8231,2007-03-18,126,DEU,GBR,GBR,0,0,91185.0,91548.0,-363.0,3.0
2007,2007-07-22,1974-07-13,Toyota,Nürburgring,Race circuit,Jarno Trulli,7,22,12062,1997-03-09,3787,DEU,ITA,JPN,0,0,91859.0,91548.0,311.0,10.0
2007,2007-07-22,1979-10-17,Ferrari,Nürburgring,Race circuit,Kimi Räikkönen,7,22,10140,2001-03-04,2331,DEU,FIN,ITA,0,0,91237.0,91548.0,-311.0,4.0
2007,2007-07-22,1975-06-30,Toyota,Nürburgring,Race circuit,Ralf Schumacher,7,22,11710,1997-03-09,3787,DEU,DEU,JPN,1,0,91843.0,91548.0,295.0,9.0
2007,2007-08-05,1985-01-07,McLaren,Hungaroring,Race circuit,Lewis Hamilton,8,5,8245,2007-03-18,140,HUN,GBR,GBR,0,0,79301.0,80224.0,-922.0,1.0
2007,2007-08-05,1979-10-17,Ferrari,Hungaroring,Race circuit,Kimi Räikkönen,8,5,10154,2001-03-04,2345,HUN,FIN,ITA,0,0,80107.0,80224.0,-116.0,4.0
2007,2007-08-05,1977-05-10,BMW Sauber,Hungaroring,Race circuit,Nick Heidfeld,8,5,11044,2000-03-12,2702,HUN,DEU,DEU,0,0,80259.0,80224.0,36.0,6.0
2007,2007-08-05,1981-07-29,McLaren,Hungaroring,Race circuit,Fernando Alonso,8,5,9503,2001-03-04,2345,HUN,ESP,GBR,0,0,79661.0,80224.0,-562.0,2.0
2007,2007-08-05,1984-12-07,BMW Sauber,Hungaroring,Race circuit,Robert Kubica,8,5,8276,2006-08-06,364,HUN,POL,DEU,0,0,80366.0,80224.0,142.0,7.0
2007,2007-08-05,1975-06-30,Toyota,Hungaroring,Race circuit,Ralf Schumacher,8,5,11724,1997-03-09,3801,HUN,DEU,JPN,0,0,80449.0,80224.0,226.0,9.0
2007,2007-08-05,1985-06-27,Williams,Hungaroring,Race circuit,Nico Rosberg,8,5,8074,2006-03-12,511,HUN,DEU,GBR,0,0,80188.0,80224.0,-36.0,5.0
2007,2007-08-05,1976-08-27,Red Bull,Hungaroring,Race circuit,Mark Webber,8,5,11300,2002-03-03,1981,HUN,AUS,AUT,0,0,80439.0,80224.0,216.0,8.0
2007,2007-08-05,1974-07-13,Toyota,Hungaroring,Race circuit,Jarno Trulli,8,5,12076,1997-03-09,3801,HUN,ITA,JPN,0,0,79951.0,80224.0,-272.0,3.0
2007,2007-08-05,1973-01-14,Renault,Hungaroring,Race circuit,Giancarlo Fisichella,8,5,12621,1996-03-10,4165,HUN,ITA,FRA,0,0,80590.0,80224.0,366.0,10.0
2007,2007-08-26,1981-04-25,Ferrari,Istanbul Park,Race circuit,Felipe Massa,8,26,9619,2002-03-03,2002,TUR,BRA,ITA,0,0,87039.0,87146.0,-107.0,4.0
2007,2007-08-26,1979-10-17,Ferrari,Istanbul Park,Race circuit,Kimi Räikkönen,8,26,10175,2001-03-04,2366,TUR,FIN,ITA,0,0,86902.0,87146.0,-244.0,2.0
2007,2007-08-26,1981-07-29,McLaren,Istanbul Park,Race circuit,Fernando Alonso,8,26,9524,2001-03-04,2366,TUR,ESP,GBR,0,0,86841.0,87146.0,-305.0,1.0
2007,2007-08-26,1977-05-10,BMW Sauber,Istanbul Park,Race circuit,Nick Heidfeld,8,26,11065,2000-03-12,2723,TUR,DEU,DEU,0,0,87253.0,87146.0,107.0,6.0
2007,2007-08-26,1985-01-07,McLaren,Istanbul Park,Race circuit,Lewis Hamilton,8,26,8266,2007-03-18,161,TUR,GBR,GBR,0,0,86936.0,87146.0,-210.0,3.0
2007,2007-08-26,1981-10-19,Renault,Istanbul Park,Race circuit,Heikki Kovalainen,8,26,9442,2007-03-18,161,TUR,FIN,FRA,0,0,87039.0,87146.0,-107.0,4.0
2007,2007-08-26,1985-06-27,Williams,Istanbul Park,Race circuit,Nico Rosberg,8,26,8095,2006-03-12,532,TUR,DEU,GBR,0,0,87750.0,87146.0,604.0,8.0
2007,2007-08-26,1984-12-07,BMW Sauber,Istanbul Park,Race circuit,Robert Kubica,8,26,8297,2006-08-06,385,TUR,POL,DEU,0,0,87253.0,87146.0,107.0,6.0
2007,2007-08-26,1973-01-14,Renault,Istanbul Park,Race circuit,Giancarlo Fisichella,8,26,12642,1996-03-10,4186,TUR,ITA,FRA,0,0,87880.0,87146.0,734.0,10.0
2007,2007-08-26,1974-07-13,Toyota,Istanbul Park,Race circuit,Jarno Trulli,8,26,12097,1997-03-09,3822,TUR,ITA,JPN,0,0,87801.0,87146.0,655.0,9.0
2007,2007-09-09,1981-07-29,McLaren,Autodromo Nazionale di Monza,Race circuit,Fernando Alonso,9,9,9538,2001-03-04,2380,ITA,ESP,GBR,0,0,81356.0,82433.0,-1077.0,1.0
2007,2007-09-09,1985-01-07,McLaren,Autodromo Nazionale di Monza,Race circuit,Lewis Hamilton,9,9,8280,2007-03-18,175,ITA,GBR,GBR,0,0,81746.0,82433.0,-687.0,2.0
2007,2007-09-09,1979-10-17,Ferrari,Autodromo Nazionale di Monza,Race circuit,Kimi Räikkönen,9,9,10189,2001-03-04,2380,ITA,FIN,ITA,0,1,82369.0,82433.0,-64.0,4.0
2007,2007-09-09,1977-05-10,BMW Sauber,Autodromo Nazionale di Monza,Race circuit,Nick Heidfeld,9,9,11079,2000-03-12,2737,ITA,DEU,DEU,0,0,82466.0,82433.0,33.0,6.0
2007,2007-09-09,1984-12-07,BMW Sauber,Autodromo Nazionale di Monza,Race circuit,Robert Kubica,9,9,8311,2006-08-06,399,ITA,POL,DEU,0,0,82400.0,82433.0,-33.0,5.0
2007,2007-09-09,1985-06-27,Williams,Autodromo Nazionale di Monza,Race circuit,Nico Rosberg,9,9,8109,2006-03-12,546,ITA,DEU,GBR,0,0,82748.0,82433.0,315.0,7.0
2007,2007-09-09,1981-10-19,Renault,Autodromo Nazionale di Monza,Race circuit,Heikki Kovalainen,9,9,9456,2007-03-18,175,ITA,FIN,FRA,0,0,83134.0,82433.0,701.0,10.0
2007,2007-09-09,1980-01-19,Honda,Autodromo Nazionale di Monza,Race circuit,Jenson Button,9,9,10095,2000-03-12,2737,ITA,GBR,JPN,0,0,83021.0,82433.0,588.0,8.0
2007,2007-09-09,1974-07-13,Toyota,Autodromo Nazionale di Monza,Race circuit,Jarno Trulli,9,9,12111,1997-03-09,3836,ITA,ITA,JPN,1,0,83107.0,82433.0,674.0,9.0
2007,2007-09-09,1981-04-25,Ferrari,Autodromo Nazionale di Monza,Race circuit,Felipe Massa,9,9,9633,2002-03-03,2016,ITA,BRA,ITA,0,1,81993.0,82433.0,-440.0,3.0
2007,2007-09-16,1979-10-17,Ferrari,Circuit de Spa-Francorchamps,Race circuit,Kimi Räikkönen,9,16,10196,2001-03-04,2387,BEL,FIN,ITA,0,0,105070.0,105940.0,-870.0,1.0
2007,2007-09-16,1981-04-25,Ferrari,Circuit de Spa-Francorchamps,Race circuit,Felipe Massa,9,16,9640,2002-03-03,2023,BEL,BRA,ITA,0,0,105173.0,105940.0,-766.0,3.0
2007,2007-09-16,1981-07-29,McLaren,Circuit de Spa-Francorchamps,Race circuit,Fernando Alonso,9,16,9545,2001-03-04,2387,BEL,ESP,GBR,0,0,105442.0,105940.0,-498.0,4.0
2007,2007-09-16,1985-01-07,McLaren,Circuit de Spa-Francorchamps,Race circuit,Lewis Hamilton,9,16,8287,2007-03-18,182,BEL,GBR,GBR,0,0,105132.0,105940.0,-808.0,2.0
2007,2007-09-16,1977-05-10,BMW Sauber,Circuit de Spa-Francorchamps,Race circuit,Nick Heidfeld,9,16,11086,2000-03-12,2744,BEL,DEU,DEU,0,0,105994.0,105940.0,54.0,6.0
2007,2007-09-16,1985-06-27,Williams,Circuit de Spa-Francorchamps,Race circuit,Nico Rosberg,9,16,8116,2006-03-12,553,BEL,DEU,GBR,0,0,106469.0,105940.0,530.0,9.0
2007,2007-09-16,1976-08-27,Red Bull,Circuit de Spa-Francorchamps,Race circuit,Mark Webber,9,16,11342,2002-03-03,2023,BEL,AUS,AUT,0,0,106426.0,105940.0,486.0,8.0
2007,2007-09-16,1981-10-19,Renault,Circuit de Spa-Francorchamps,Race circuit,Heikki Kovalainen,9,16,9463,2007-03-18,182,BEL,FIN,FRA,0,0,106240.0,105940.0,300.0,7.0
2007,2007-09-16,1984-12-07,BMW Sauber,Circuit de Spa-Francorchamps,Race circuit,Robert Kubica,9,16,8318,2006-08-06,406,BEL,POL,DEU,0,0,105885.0,105940.0,-54.0,5.0
2007,2007-09-16,1974-07-13,Toyota,Circuit de Spa-Francorchamps,Race circuit,Jarno Trulli,9,16,12118,1997-03-09,3843,BEL,ITA,JPN,0,0,106480.0,105940.0,540.0,10.0
2007,2007-09-30,1985-01-07,McLaren,Fuji Speedway,Race circuit,Lewis Hamilton,9,30,8301,2007-03-18,196,JPN,GBR,GBR,0,0,84753.0,85351.0,-598.0,1.0
2007,2007-09-30,1979-10-17,Ferrari,Fuji Speedway,Race circuit,Kimi Räikkönen,9,30,10210,2001-03-04,2401,JPN,FIN,ITA,0,0,84988.0,85351.0,-363.0,3.0
2007,2007-09-30,1981-04-25,Ferrari,Fuji Speedway,Race circuit,Felipe Massa,9,30,9654,2002-03-03,2037,JPN,BRA,ITA,0,0,85049.0,85351.0,-302.0,4.0
2007,2007-09-30,1984-12-07,BMW Sauber,Fuji Speedway,Race circuit,Robert Kubica,9,30,8332,2006-08-06,420,JPN,POL,DEU,0,0,85530.0,85351.0,179.0,7.0
2007,2007-09-30,1980-01-19,Honda,Fuji Speedway,Race circuit,Jenson Button,9,30,10116,2000-03-12,2758,JPN,GBR,JPN,0,1,85454.0,85351.0,103.0,6.0
2007,2007-09-30,1977-05-10,BMW Sauber,Fuji Speedway,Race circuit,Nick Heidfeld,9,30,11100,2000-03-12,2758,JPN,DEU,DEU,0,0,85248.0,85351.0,-103.0,5.0
2007,2007-09-30,1985-06-27,Williams,Fuji Speedway,Race circuit,Nico Rosberg,9,30,8130,2006-03-12,567,JPN,DEU,GBR,0,0,85816.0,85351.0,465.0,9.0
2007,2007-09-30,1987-07-03,Toro Rosso,Fuji Speedway,Race circuit,Sebastian Vettel,9,30,7394,2007-06-17,105,JPN,DEU,ITA,0,0,85909.0,85351.0,558.0,10.0
2007,2007-09-30,1976-08-27,Red Bull,Fuji Speedway,Race circuit,Mark Webber,9,30,11356,2002-03-03,2037,JPN,AUS,AUT,0,0,85535.0,85351.0,184.0,8.0
2007,2007-09-30,1981-07-29,McLaren,Fuji Speedway,Race circuit,Fernando Alonso,9,30,9559,2001-03-04,2401,JPN,ESP,GBR,0,0,84806.0,85351.0,-545.0,2.0
2007,2007-10-07,1979-10-17,Ferrari,Shanghai International Circuit,Race circuit,Kimi Räikkönen,10,7,10217,2001-03-04,2408,CHN,FIN,ITA,0,0,95381.0,96166.0,-786.0,1.0
2007,2007-10-07,1981-07-29,McLaren,Shanghai International Circuit,Race circuit,Fernando Alonso,10,7,9566,2001-03-04,2408,CHN,ESP,GBR,0,0,95809.0,96166.0,-358.0,4.0
2007,2007-10-07,1981-04-25,Ferrari,Shanghai International Circuit,Race circuit,Felipe Massa,10,7,9661,2002-03-03,2044,CHN,BRA,ITA,0,0,95792.0,96166.0,-374.0,2.0
2007,2007-10-07,1980-01-19,Honda,Shanghai International Circuit,Race circuit,Jenson Button,10,7,10123,2000-03-12,2765,CHN,GBR,JPN,0,0,96771.0,96166.0,604.0,10.0
2007,2007-10-07,1977-05-10,BMW Sauber,Shanghai International Circuit,Race circuit,Nick Heidfeld,10,7,11107,2000-03-12,2765,CHN,DEU,DEU,0,0,96217.0,96166.0,50.0,6.0
2007,2007-10-07,1971-03-27,Red Bull,Shanghai International Circuit,Race circuit,David Coulthard,10,7,13343,1994-05-29,4879,CHN,GBR,AUT,0,0,96252.0,96166.0,86.0,7.0
2007,2007-10-07,1976-08-27,Red Bull,Shanghai International Circuit,Race circuit,Mark Webber,10,7,11363,2002-03-03,2044,CHN,AUS,AUT,0,0,96602.0,96166.0,436.0,8.0
2007,2007-10-07,1984-12-07,BMW Sauber,Shanghai International Circuit,Race circuit,Robert Kubica,10,7,8339,2006-08-06,427,CHN,POL,DEU,0,0,96116.0,96166.0,-50.0,5.0
2007,2007-10-07,1985-01-07,McLaren,Shanghai International Circuit,Race circuit,Lewis Hamilton,10,7,8308,2007-03-18,203,CHN,GBR,GBR,0,0,95798.0,96166.0,-368.0,3.0
2007,2007-10-07,1975-06-30,Toyota,Shanghai International Circuit,Race circuit,Ralf Schumacher,10,7,11787,1997-03-09,3864,CHN,DEU,JPN,0,0,96709.0,96166.0,542.0,9.0
2007,2007-10-21,1979-10-17,Ferrari,Autódromo José Carlos Pace,Race circuit,Kimi Räikkönen,10,21,10231,2001-03-04,2422,BRA,FIN,ITA,0,0,72161.0,72662.0,-501.0,3.0
2007,2007-10-21,1981-04-25,Ferrari,Autódromo José Carlos Pace,Race circuit,Felipe Massa,10,21,9675,2002-03-03,2058,BRA,BRA,ITA,1,0,71931.0,72662.0,-731.0,1.0
2007,2007-10-21,1981-07-29,McLaren,Autódromo José Carlos Pace,Race circuit,Fernando Alonso,10,21,9580,2001-03-04,2422,BRA,ESP,GBR,0,0,72356.0,72662.0,-306.0,4.0
2007,2007-10-21,1985-06-27,Williams,Autódromo José Carlos Pace,Race circuit,Nico Rosberg,10,21,8151,2006-03-12,588,BRA,DEU,GBR,0,0,72752.0,72662.0,90.0,7.0
2007,2007-10-21,1984-12-07,BMW Sauber,Autódromo José Carlos Pace,Race circuit,Robert Kubica,10,21,8353,2006-08-06,441,BRA,POL,DEU,0,0,72641.0,72662.0,-21.0,5.0
2007,2007-10-21,1977-05-10,BMW Sauber,Autódromo José Carlos Pace,Race circuit,Nick Heidfeld,10,21,11121,2000-03-12,2779,BRA,DEU,DEU,0,0,72888.0,72662.0,226.0,10.0
2007,2007-10-21,1985-01-07,McLaren,Autódromo José Carlos Pace,Race circuit,Lewis Hamilton,10,21,8322,2007-03-18,217,BRA,GBR,GBR,0,0,72082.0,72662.0,-580.0,2.0
2007,2007-10-21,1974-07-13,Toyota,Autódromo José Carlos Pace,Race circuit,Jarno Trulli,10,21,12153,1997-03-09,3878,BRA,ITA,JPN,0,0,72832.0,72662.0,170.0,8.0
2007,2007-10-21,1971-03-27,Red Bull,Autódromo José Carlos Pace,Race circuit,David Coulthard,10,21,13357,1994-05-29,4893,BRA,GBR,AUT,0,0,72846.0,72662.0,184.0,9.0
2007,2007-10-21,1976-08-27,Red Bull,Autódromo José Carlos Pace,Race circuit,Mark Webber,10,21,11377,2002-03-03,2058,BRA,AUS,AUT,0,0,72683.0,72662.0,21.0,6.0
2008,2008-03-16,1985-01-07,McLaren,Albert Park Grand Prix Circuit,Street circuit,Lewis Hamilton,3,16,8469,2007-03-18,364,AUS,GBR,GBR,0,0,85187.0,85691.0,-504.0,1.0
2008,2008-03-16,1977-05-10,BMW Sauber,Albert Park Grand Prix Circuit,Street circuit,Nick Heidfeld,3,16,11268,2000-03-12,2926,AUS,DEU,DEU,0,0,85518.0,85691.0,-173.0,4.0
2008,2008-03-16,1985-06-27,Williams,Albert Park Grand Prix Circuit,Street circuit,Nico Rosberg,3,16,8298,2006-03-12,735,AUS,DEU,GBR,0,0,86059.0,85691.0,368.0,6.0
2008,2008-03-16,1981-10-19,McLaren,Albert Park Grand Prix Circuit,Street circuit,Heikki Kovalainen,3,16,9645,2007-03-18,364,AUS,FIN,GBR,0,0,85452.0,85691.0,-239.0,3.0
2008,2008-03-16,1984-12-07,BMW Sauber,Albert Park Grand Prix Circuit,Street circuit,Robert Kubica,3,16,8500,2006-08-06,588,AUS,POL,DEU,0,0,85315.0,85691.0,-376.0,2.0
2008,2008-03-16,1982-03-18,Toyota,Albert Park Grand Prix Circuit,Street circuit,Timo Glock,3,16,9495,2004-06-13,1372,AUS,DEU,JPN,0,0,86164.0,85691.0,473.0,9.0
2008,2008-03-16,1981-04-25,Ferrari,Albert Park Grand Prix Circuit,Street circuit,Felipe Massa,3,16,9822,2002-03-03,2205,AUS,BRA,ITA,0,0,85691.0,85691.0,0.0,5.0
2008,2008-03-16,1971-03-27,Red Bull,Albert Park Grand Prix Circuit,Street circuit,David Coulthard,3,16,13504,1994-05-29,5040,AUS,GBR,AUT,0,0,86063.0,85691.0,372.0,7.0
2008,2008-03-16,1974-07-13,Toyota,Albert Park Grand Prix Circuit,Street circuit,Jarno Trulli,3,16,12300,1997-03-09,4025,AUS,ITA,JPN,0,0,86101.0,85691.0,410.0,8.0
2008,2008-03-23,1979-10-17,Ferrari,Sepang International Circuit,Race circuit,Kimi Räikkönen,3,23,10385,2001-03-04,2576,MYS,FIN,ITA,0,0,94188.0,94785.0,-597.0,1.0
2008,2008-03-23,1984-12-07,BMW Sauber,Sepang International Circuit,Race circuit,Robert Kubica,3,23,8507,2006-08-06,595,MYS,POL,DEU,0,0,94811.0,94785.0,26.0,6.0
2008,2008-03-23,1981-10-19,McLaren,Sepang International Circuit,Race circuit,Heikki Kovalainen,3,23,9652,2007-03-18,371,MYS,FIN,GBR,0,0,94759.0,94785.0,-26.0,5.0
2008,2008-03-23,1974-07-13,Toyota,Sepang International Circuit,Race circuit,Jarno Trulli,3,23,12307,1997-03-09,4032,MYS,ITA,JPN,0,0,94960.0,94785.0,175.0,7.0
2008,2008-03-23,1985-01-07,McLaren,Sepang International Circuit,Race circuit,Lewis Hamilton,3,23,8476,2007-03-18,371,MYS,GBR,GBR,0,0,94627.0,94785.0,-158.0,3.0
2008,2008-03-23,1977-05-10,BMW Sauber,Sepang International Circuit,Race circuit,Nick Heidfeld,3,23,11275,2000-03-12,2933,MYS,DEU,DEU,0,0,94648.0,94785.0,-137.0,4.0
2008,2008-03-23,1976-08-27,Red Bull,Sepang International Circuit,Race circuit,Mark Webber,3,23,11531,2002-03-03,2212,MYS,AUS,AUT,0,0,94967.0,94785.0,182.0,8.0
2008,2008-03-23,1981-07-29,Renault,Sepang International Circuit,Race circuit,Fernando Alonso,3,23,9734,2001-03-04,2576,MYS,ESP,FRA,0,0,95140.0,94785.0,355.0,10.0
2008,2008-03-23,1981-04-25,Ferrari,Sepang International Circuit,Race circuit,Felipe Massa,3,23,9829,2002-03-03,2212,MYS,BRA,ITA,0,0,94412.0,94785.0,-373.0,2.0
2008,2008-03-23,1982-03-18,Toyota,Sepang International Circuit,Race circuit,Timo Glock,3,23,9502,2004-06-13,1379,MYS,DEU,JPN,0,0,95000.0,94785.0,215.0,9.0
2008,2008-04-06,1981-04-25,Ferrari,Bahrain International Circuit,Race circuit,Felipe Massa,4,6,9843,2002-03-03,2226,BHR,BRA,ITA,0,0,91188.0,91928.0,-740.0,1.0
2008,2008-04-06,1979-10-17,Ferrari,Bahrain International Circuit,Race circuit,Kimi Räikkönen,4,6,10399,2001-03-04,2590,BHR,FIN,ITA,0,0,91933.0,91928.0,6.0,6.0
2008,2008-04-06,1984-12-07,BMW Sauber,Bahrain International Circuit,Race circuit,Robert Kubica,4,6,8521,2006-08-06,609,BHR,POL,DEU,0,0,91745.0,91928.0,-182.0,3.0
2008,2008-04-06,1977-05-10,BMW Sauber,Bahrain International Circuit,Race circuit,Nick Heidfeld,4,6,11289,2000-03-12,2947,BHR,DEU,DEU,0,0,91909.0,91928.0,-18.0,4.0
2008,2008-04-06,1981-10-19,McLaren,Bahrain International Circuit,Race circuit,Heikki Kovalainen,4,6,9666,2007-03-18,385,BHR,FIN,GBR,0,0,91718.0,91928.0,-210.0,2.0
2008,2008-04-06,1974-07-13,Toyota,Bahrain International Circuit,Race circuit,Jarno Trulli,4,6,12321,1997-03-09,4046,BHR,ITA,JPN,0,0,92159.0,91928.0,232.0,7.0
2008,2008-04-06,1985-06-27,Williams,Bahrain International Circuit,Race circuit,Nico Rosberg,4,6,8319,2006-03-12,756,BHR,DEU,GBR,0,0,92185.0,91928.0,258.0,8.0
2008,2008-04-06,1981-07-29,Renault,Bahrain International Circuit,Race circuit,Fernando Alonso,4,6,9748,2001-03-04,2590,BHR,ESP,FRA,0,0,92345.0,91928.0,418.0,9.0
2008,2008-04-06,1985-01-07,McLaren,Bahrain International Circuit,Race circuit,Lewis Hamilton,4,6,8490,2007-03-18,385,BHR,GBR,GBR,0,0,91922.0,91928.0,-6.0,5.0
2008,2008-04-06,1980-01-19,Honda,Bahrain International Circuit,Race circuit,Jenson Button,4,6,10305,2000-03-12,2947,BHR,GBR,JPN,0,0,92362.0,91928.0,434.0,10.0
2008,2008-04-27,1979-10-17,Ferrari,Circuit de Barcelona-Catalunya,Race circuit,Kimi Räikkönen,4,27,10420,2001-03-04,2611,ESP,FIN,ITA,0,0,80701.0,80816.0,-115.0,3.0
2008,2008-04-27,1981-04-25,Ferrari,Circuit de Barcelona-Catalunya,Race circuit,Felipe Massa,4,27,9864,2002-03-03,2247,ESP,BRA,ITA,0,0,80584.0,80816.0,-232.0,1.0
2008,2008-04-27,1985-01-07,McLaren,Circuit de Barcelona-Catalunya,Race circuit,Lewis Hamilton,4,27,8511,2007-03-18,406,ESP,GBR,GBR,0,0,80825.0,80816.0,9.0,7.0
2008,2008-04-27,1984-12-07,BMW Sauber,Circuit de Barcelona-Catalunya,Race circuit,Robert Kubica,4,27,8542,2006-08-06,630,ESP,POL,DEU,0,0,80597.0,80816.0,-219.0,2.0
2008,2008-04-27,1976-08-27,Red Bull,Circuit de Barcelona-Catalunya,Race circuit,Mark Webber,4,27,11566,2002-03-03,2247,ESP,AUS,AUT,0,0,80984.0,80816.0,168.0,10.0
2008,2008-04-27,1974-07-13,Toyota,Circuit de Barcelona-Catalunya,Race circuit,Jarno Trulli,4,27,12342,1997-03-09,4067,ESP,ITA,JPN,0,0,80907.0,80816.0,91.0,9.0
2008,2008-04-27,1977-05-10,BMW Sauber,Circuit de Barcelona-Catalunya,Race circuit,Nick Heidfeld,4,27,11310,2000-03-12,2968,ESP,DEU,DEU,0,0,80815.0,80816.0,-1.0,5.0
2008,2008-04-27,1981-07-29,Renault,Circuit de Barcelona-Catalunya,Race circuit,Fernando Alonso,4,27,9769,2001-03-04,2611,ESP,ESP,FRA,1,0,80804.0,80816.0,-12.0,4.0
2008,2008-04-27,1981-10-19,McLaren,Circuit de Barcelona-Catalunya,Race circuit,Heikki Kovalainen,4,27,9687,2007-03-18,406,ESP,FIN,GBR,0,0,80817.0,80816.0,1.0,6.0
2008,2008-04-27,1985-07-25,Renault,Circuit de Barcelona-Catalunya,Race circuit,Nelson Piquet Jr.,4,27,8312,2008-03-16,42,ESP,BRA,FRA,0,0,80894.0,80816.0,78.0,8.0
2008,2008-05-11,1981-04-25,Ferrari,Istanbul Park,Race circuit,Felipe Massa,5,11,9878,2002-03-03,2261,TUR,BRA,ITA,0,0,85994.0,86378.0,-384.0,1.0
2008,2008-05-11,1985-01-07,McLaren,Istanbul Park,Race circuit,Lewis Hamilton,5,11,8525,2007-03-18,420,TUR,GBR,GBR,0,0,86192.0,86378.0,-186.0,4.0
2008,2008-05-11,1979-10-17,Ferrari,Istanbul Park,Race circuit,Kimi Räikkönen,5,11,10434,2001-03-04,2625,TUR,FIN,ITA,0,0,86050.0,86378.0,-328.0,2.0
2008,2008-05-11,1984-12-07,BMW Sauber,Istanbul Park,Race circuit,Robert Kubica,5,11,8556,2006-08-06,644,TUR,POL,DEU,0,0,86129.0,86378.0,-249.0,3.0
2008,2008-05-11,1977-05-10,BMW Sauber,Istanbul Park,Race circuit,Nick Heidfeld,5,11,11324,2000-03-12,2982,TUR,DEU,DEU,0,0,87107.0,86378.0,729.0,10.0
2008,2008-05-11,1981-07-29,Renault,Istanbul Park,Race circuit,Fernando Alonso,5,11,9783,2001-03-04,2625,TUR,ESP,FRA,0,0,86522.0,86378.0,144.0,8.0
2008,2008-05-11,1976-08-27,Red Bull,Istanbul Park,Race circuit,Mark Webber,5,11,11580,2002-03-03,2261,TUR,AUS,AUT,0,0,86466.0,86378.0,88.0,6.0
2008,2008-05-11,1971-03-27,Red Bull,Istanbul Park,Race circuit,David Coulthard,5,11,13560,1994-05-29,5096,TUR,GBR,AUT,0,0,86520.0,86378.0,142.0,7.0
2008,2008-05-11,1974-07-13,Toyota,Istanbul Park,Race circuit,Jarno Trulli,5,11,12356,1997-03-09,4081,TUR,ITA,JPN,0,0,86695.0,86378.0,317.0,9.0
2008,2008-05-11,1981-10-19,McLaren,Istanbul Park,Race circuit,Heikki Kovalainen,5,11,9701,2007-03-18,420,TUR,FIN,GBR,0,0,86290.0,86378.0,-88.0,5.0
2008,2008-05-25,1985-01-07,McLaren,Circuit de Monaco,Street circuit,Lewis Hamilton,5,25,8539,2007-03-18,434,MCO,GBR,GBR,0,0,75322.0,75404.0,-82.0,4.0
2008,2008-05-25,1984-12-07,BMW Sauber,Circuit de Monaco,Street circuit,Robert Kubica,5,25,8570,2006-08-06,658,MCO,POL,DEU,0,0,75483.0,75404.0,79.0,6.0
2008,2008-05-25,1981-04-25,Ferrari,Circuit de Monaco,Street circuit,Felipe Massa,5,25,9892,2002-03-03,2275,MCO,BRA,ITA,0,0,75110.0,75404.0,-294.0,1.0
2008,2008-05-25,1976-08-27,Red Bull,Circuit de Monaco,Street circuit,Mark Webber,5,25,11594,2002-03-03,2275,MCO,AUS,AUT,0,0,75745.0,75404.0,341.0,8.0
2008,2008-05-25,1981-10-19,McLaren,Circuit de Monaco,Street circuit,Heikki Kovalainen,5,25,9715,2007-03-18,434,MCO,FIN,GBR,0,0,75295.0,75404.0,-109.0,3.0
2008,2008-05-25,1979-10-17,Ferrari,Circuit de Monaco,Street circuit,Kimi Räikkönen,5,25,10448,2001-03-04,2639,MCO,FIN,ITA,0,0,75404.0,75404.0,0.0,5.0
2008,2008-05-25,1981-07-29,Renault,Circuit de Monaco,Street circuit,Fernando Alonso,5,25,9797,2001-03-04,2639,MCO,ESP,FRA,0,0,75827.0,75404.0,423.0,9.0
2008,2008-05-25,1974-07-13,Toyota,Circuit de Monaco,Street circuit,Jarno Trulli,5,25,12370,1997-03-09,4095,MCO,ITA,JPN,0,0,75598.0,75404.0,194.0,7.0
2008,2008-05-25,1985-06-27,Williams,Circuit de Monaco,Street circuit,Nico Rosberg,5,25,8368,2006-03-12,805,MCO,DEU,GBR,0,0,75287.0,75404.0,-117.0,2.0
2008,2008-06-08,1984-12-07,BMW Sauber,Circuit Gilles Villeneuve,Street circuit,Robert Kubica,6,8,8584,2006-08-06,672,CAN,POL,DEU,0,0,77471.0,77415.0,56.0,6.0
2008,2008-06-08,1977-05-10,BMW Sauber,Circuit Gilles Villeneuve,Street circuit,Nick Heidfeld,6,8,11352,2000-03-12,3010,CAN,DEU,DEU,0,0,77781.0,77415.0,366.0,7.0
2008,2008-06-08,1981-04-25,Ferrari,Circuit Gilles Villeneuve,Street circuit,Felipe Massa,6,8,9906,2002-03-03,2289,CAN,BRA,ITA,0,0,77231.0,77415.0,-184.0,2.0
2008,2008-06-08,1972-05-23,Honda,Circuit Gilles Villeneuve,Street circuit,Rubens Barrichello,6,8,13165,1993-03-14,5565,CAN,BRA,JPN,0,0,78020.0,77415.0,605.0,9.0
2008,2008-06-08,1981-10-19,McLaren,Circuit Gilles Villeneuve,Street circuit,Heikki Kovalainen,6,8,9729,2007-03-18,448,CAN,FIN,GBR,0,0,77287.0,77415.0,-128.0,3.0
2008,2008-06-08,1985-06-27,Williams,Circuit Gilles Villeneuve,Street circuit,Nico Rosberg,6,8,8382,2006-03-12,819,CAN,DEU,GBR,0,0,77891.0,77415.0,476.0,8.0
2008,2008-06-08,1981-07-29,Renault,Circuit Gilles Villeneuve,Street circuit,Fernando Alonso,6,8,9811,2001-03-04,2653,CAN,ESP,FRA,0,0,77415.0,77415.0,0.0,5.0
2008,2008-06-08,1979-10-17,Ferrari,Circuit Gilles Villeneuve,Street circuit,Kimi Räikkönen,6,8,10462,2001-03-04,2653,CAN,FIN,ITA,0,0,77301.0,77415.0,-114.0,4.0
2008,2008-06-08,1985-01-07,McLaren,Circuit Gilles Villeneuve,Street circuit,Lewis Hamilton,6,8,8553,2007-03-18,448,CAN,GBR,GBR,0,0,76909.0,77415.0,-506.0,1.0
2008,2008-06-22,1981-04-25,Ferrari,Circuit de Nevers Magny-Cours,Race circuit,Felipe Massa,6,22,9920,2002-03-03,2303,FRA,BRA,ITA,0,0,75024.0,75486.0,-462.0,1.0
2008,2008-06-22,1979-10-17,Ferrari,Circuit de Nevers Magny-Cours,Race circuit,Kimi Räikkönen,6,22,10476,2001-03-04,2667,FRA,FIN,ITA,0,0,75133.0,75486.0,-352.0,2.0
2008,2008-06-22,1974-07-13,Toyota,Circuit de Nevers Magny-Cours,Race circuit,Jarno Trulli,6,22,12398,1997-03-09,4123,FRA,ITA,JPN,0,0,75362.0,75486.0,-124.0,4.0
2008,2008-06-22,1981-10-19,McLaren,Circuit de Nevers Magny-Cours,Race circuit,Heikki Kovalainen,6,22,9743,2007-03-18,462,FRA,FIN,GBR,0,0,75639.0,75486.0,154.0,8.0
2008,2008-06-22,1984-12-07,BMW Sauber,Circuit de Nevers Magny-Cours,Race circuit,Robert Kubica,6,22,8598,2006-08-06,686,FRA,POL,DEU,0,0,75687.0,75486.0,202.0,10.0
2008,2008-06-22,1976-08-27,Red Bull,Circuit de Nevers Magny-Cours,Race circuit,Mark Webber,6,22,11622,2002-03-03,2303,FRA,AUS,AUT,0,0,75488.0,75486.0,2.0,6.0
2008,2008-06-22,1981-07-29,Renault,Circuit de Nevers Magny-Cours,Race circuit,Fernando Alonso,6,22,9825,2001-03-04,2667,FRA,ESP,FRA,0,1,75483.0,75486.0,-2.0,5.0
2008,2008-06-22,1971-03-27,Red Bull,Circuit de Nevers Magny-Cours,Race circuit,David Coulthard,6,22,13602,1994-05-29,5138,FRA,GBR,AUT,0,0,75654.0,75486.0,168.0,9.0
2008,2008-06-22,1985-01-07,McLaren,Circuit de Nevers Magny-Cours,Race circuit,Lewis Hamilton,6,22,8567,2007-03-18,462,FRA,GBR,GBR,0,0,75293.0,75486.0,-192.0,3.0
2008,2008-06-22,1982-03-18,Toyota,Circuit de Nevers Magny-Cours,Race circuit,Timo Glock,6,22,9593,2004-06-13,1470,FRA,DEU,JPN,0,0,75558.0,75486.0,72.0,7.0
2008,2008-07-06,1985-01-07,McLaren,Silverstone Circuit,Race circuit,Lewis Hamilton,7,6,8581,2007-03-18,476,GBR,GBR,GBR,1,1,79537.0,79971.0,-434.0,1.0
2008,2008-07-06,1977-05-10,BMW Sauber,Silverstone Circuit,Race circuit,Nick Heidfeld,7,6,11380,2000-03-12,3038,GBR,DEU,DEU,0,0,79802.0,79971.0,-169.0,4.0
2008,2008-07-06,1979-10-17,Ferrari,Silverstone Circuit,Race circuit,Kimi Räikkönen,7,6,10490,2001-03-04,2681,GBR,FIN,ITA,0,0,79971.0,79971.0,0.0,5.0
2008,2008-07-06,1981-10-19,McLaren,Silverstone Circuit,Race circuit,Heikki Kovalainen,7,6,9757,2007-03-18,476,GBR,FIN,GBR,0,1,79597.0,79971.0,-374.0,2.0
2008,2008-07-06,1981-07-29,Renault,Silverstone Circuit,Race circuit,Fernando Alonso,7,6,9839,2001-03-04,2681,GBR,ESP,FRA,0,0,79992.0,79971.0,21.0,6.0
2008,2008-07-06,1976-08-27,Red Bull,Silverstone Circuit,Race circuit,Mark Webber,7,6,11636,2002-03-03,2317,GBR,AUS,AUT,0,0,79710.0,79971.0,-261.0,3.0
2008,2008-07-06,1981-04-25,Ferrari,Silverstone Circuit,Race circuit,Felipe Massa,7,6,9934,2002-03-03,2317,GBR,BRA,ITA,0,0,80086.0,79971.0,115.0,7.0
2008,2008-07-06,1985-07-25,Renault,Silverstone Circuit,Race circuit,Nelson Piquet Jr.,7,6,8382,2008-03-16,112,GBR,BRA,FRA,0,0,80115.0,79971.0,144.0,9.0
2008,2008-07-06,1987-07-03,Toro Rosso,Silverstone Circuit,Race circuit,Sebastian Vettel,7,6,7674,2007-06-17,385,GBR,DEU,ITA,0,0,80109.0,79971.0,138.0,8.0
2008,2008-07-20,1985-01-07,McLaren,Hockenheimring,Race circuit,Lewis Hamilton,7,20,8595,2007-03-18,490,DEU,GBR,GBR,0,0,74603.0,75029.0,-426.0,1.0
2008,2008-07-20,1981-04-25,Ferrari,Hockenheimring,Race circuit,Felipe Massa,7,20,9948,2002-03-03,2331,DEU,BRA,ITA,0,0,74747.0,75029.0,-282.0,2.0
2008,2008-07-20,1981-10-19,McLaren,Hockenheimring,Race circuit,Heikki Kovalainen,7,20,9771,2007-03-18,490,DEU,FIN,GBR,0,0,74855.0,75029.0,-174.0,3.0
2008,2008-07-20,1979-10-17,Ferrari,Hockenheimring,Race circuit,Kimi Räikkönen,7,20,10504,2001-03-04,2695,DEU,FIN,ITA,0,0,74949.0,75029.0,-80.0,5.0
2008,2008-07-20,1984-12-07,BMW Sauber,Hockenheimring,Race circuit,Robert Kubica,7,20,8626,2006-08-06,714,DEU,POL,DEU,0,1,75109.0,75029.0,80.0,6.0
2008,2008-07-20,1987-07-03,Toro Rosso,Hockenheimring,Race circuit,Sebastian Vettel,7,20,7688,2007-06-17,399,DEU,DEU,ITA,1,0,75420.0,75029.0,391.0,9.0
2008,2008-07-20,1974-07-13,Toyota,Hockenheimring,Race circuit,Jarno Trulli,7,20,12426,1997-03-09,4151,DEU,ITA,JPN,0,0,75122.0,75029.0,93.0,7.0
2008,2008-07-20,1981-07-29,Renault,Hockenheimring,Race circuit,Fernando Alonso,7,20,9853,2001-03-04,2695,DEU,ESP,FRA,0,0,74943.0,75029.0,-86.0,4.0
2008,2008-07-20,1971-03-27,Red Bull,Hockenheimring,Race circuit,David Coulthard,7,20,13630,1994-05-29,5166,DEU,GBR,AUT,0,0,75338.0,75029.0,309.0,8.0
2008,2008-07-20,1976-08-27,Red Bull,Hockenheimring,Race circuit,Mark Webber,7,20,11650,2002-03-03,2331,DEU,AUS,AUT,0,0,75481.0,75029.0,452.0,10.0
2008,2008-08-03,1981-10-19,McLaren,Hungaroring,Race circuit,Heikki Kovalainen,8,3,9785,2007-03-18,504,HUN,FIN,GBR,0,0,79480.0,79516.0,-36.0,4.0
2008,2008-08-03,1982-03-18,Toyota,Hungaroring,Race circuit,Timo Glock,8,3,9635,2004-06-13,1512,HUN,DEU,JPN,0,0,79246.0,79516.0,-270.0,2.0
2008,2008-08-03,1979-10-17,Ferrari,Hungaroring,Race circuit,Kimi Räikkönen,8,3,10518,2001-03-04,2709,HUN,FIN,ITA,0,0,79546.0,79516.0,30.0,6.0
2008,2008-08-03,1981-07-29,Renault,Hungaroring,Race circuit,Fernando Alonso,8,3,9867,2001-03-04,2709,HUN,ESP,FRA,0,0,79816.0,79516.0,300.0,8.0
2008,2008-08-03,1985-01-07,McLaren,Hungaroring,Race circuit,Lewis Hamilton,8,3,8609,2007-03-18,504,HUN,GBR,GBR,0,0,79376.0,79516.0,-140.0,3.0
2008,2008-08-03,1985-07-25,Renault,Hungaroring,Race circuit,Nelson Piquet Jr.,8,3,8410,2008-03-16,140,HUN,BRA,FRA,0,0,80131.0,79516.0,615.0,10.0
2008,2008-08-03,1974-07-13,Toyota,Hungaroring,Race circuit,Jarno Trulli,8,3,12440,1997-03-09,4165,HUN,ITA,JPN,0,0,79486.0,79516.0,-30.0,5.0
2008,2008-08-03,1984-12-07,BMW Sauber,Hungaroring,Race circuit,Robert Kubica,8,3,8640,2006-08-06,728,HUN,POL,DEU,0,0,79776.0,79516.0,260.0,7.0
2008,2008-08-03,1976-08-27,Red Bull,Hungaroring,Race circuit,Mark Webber,8,3,11664,2002-03-03,2345,HUN,AUS,AUT,0,0,80046.0,79516.0,530.0,9.0
2008,2008-08-03,1981-04-25,Ferrari,Hungaroring,Race circuit,Felipe Massa,8,3,9962,2002-03-03,2345,HUN,BRA,ITA,0,0,79068.0,79516.0,-448.0,1.0
2008,2008-08-24,1981-04-25,Ferrari,Valencia Street Circuit,Street circuit,Felipe Massa,8,24,9983,2002-03-03,2366,ESP,BRA,ITA,0,0,97859.0,98002.0,-143.0,2.0
2008,2008-08-24,1985-01-07,McLaren,Valencia Street Circuit,Street circuit,Lewis Hamilton,8,24,8630,2007-03-18,525,ESP,GBR,GBR,0,0,97954.0,98002.0,-48.0,5.0
2008,2008-08-24,1984-12-07,BMW Sauber,Valencia Street Circuit,Street circuit,Robert Kubica,8,24,8661,2006-08-06,749,ESP,POL,DEU,0,0,98050.0,98002.0,48.0,6.0
2008,2008-08-24,1981-10-19,McLaren,Valencia Street Circuit,Street circuit,Heikki Kovalainen,8,24,9806,2007-03-18,525,ESP,FIN,GBR,0,0,98120.0,98002.0,118.0,7.0
2008,2008-08-24,1974-07-13,Toyota,Valencia Street Circuit,Street circuit,Jarno Trulli,8,24,12461,1997-03-09,4186,ESP,ITA,JPN,0,0,97928.0,98002.0,-74.0,4.0
2008,2008-08-24,1987-07-03,Toro Rosso,Valencia Street Circuit,Street circuit,Sebastian Vettel,8,24,7723,2007-06-17,434,ESP,DEU,ITA,0,0,97842.0,98002.0,-160.0,1.0
2008,2008-08-24,1985-06-27,Williams,Valencia Street Circuit,Street circuit,Nico Rosberg,8,24,8459,2006-03-12,896,ESP,DEU,GBR,0,0,98336.0,98002.0,334.0,9.0
2008,2008-08-24,1977-05-10,BMW Sauber,Valencia Street Circuit,Street circuit,Nick Heidfeld,8,24,11429,2000-03-12,3087,ESP,DEU,DEU,0,0,97859.0,98002.0,-143.0,2.0
2008,2008-08-24,1979-02-28,Toro Rosso,Valencia Street Circuit,Street circuit,Sébastien Bourdais,8,24,10770,2008-03-16,161,ESP,FRA,ITA,0,0,98417.0,98002.0,415.0,10.0
2008,2008-08-24,1979-10-17,Ferrari,Valencia Street Circuit,Street circuit,Kimi Räikkönen,8,24,10539,2001-03-04,2730,ESP,FIN,ITA,0,0,98229.0,98002.0,227.0,8.0
2008,2008-09-07,1981-04-25,Ferrari,Circuit de Spa-Francorchamps,Race circuit,Felipe Massa,9,7,9997,2002-03-03,2380,BEL,BRA,ITA,0,0,106391.0,106441.0,-50.0,5.0
2008,2008-09-07,1977-05-10,BMW Sauber,Circuit de Spa-Francorchamps,Race circuit,Nick Heidfeld,9,7,11443,2000-03-12,3101,BEL,DEU,DEU,0,0,106311.0,106441.0,-130.0,4.0
2008,2008-09-07,1985-01-07,McLaren,Circuit de Spa-Francorchamps,Race circuit,Lewis Hamilton,9,7,8644,2007-03-18,539,BEL,GBR,GBR,0,0,106088.0,106441.0,-353.0,2.0
2008,2008-09-07,1981-07-29,Renault,Circuit de Spa-Francorchamps,Race circuit,Fernando Alonso,9,7,9902,2001-03-04,2744,BEL,ESP,FRA,0,0,106491.0,106441.0,50.0,6.0
2008,2008-09-07,1987-07-03,Toro Rosso,Circuit de Spa-Francorchamps,Race circuit,Sebastian Vettel,9,7,7737,2007-06-17,448,BEL,DEU,ITA,0,0,106804.0,106441.0,363.0,9.0
2008,2008-09-07,1984-12-07,BMW Sauber,Circuit de Spa-Francorchamps,Race circuit,Robert Kubica,9,7,8675,2006-08-06,763,BEL,POL,DEU,0,0,106494.0,106441.0,53.0,7.0
2008,2008-09-07,1979-02-28,Toro Rosso,Circuit de Spa-Francorchamps,Race circuit,Sébastien Bourdais,9,7,10784,2008-03-16,175,BEL,FRA,ITA,0,0,106544.0,106441.0,103.0,8.0
2008,2008-09-07,1976-08-27,Red Bull,Circuit de Spa-Francorchamps,Race circuit,Mark Webber,9,7,11699,2002-03-03,2380,BEL,AUS,AUT,0,0,106814.0,106441.0,373.0,10.0
2008,2008-09-07,1981-10-19,McLaren,Circuit de Spa-Francorchamps,Race circuit,Heikki Kovalainen,9,7,9820,2007-03-18,539,BEL,FIN,GBR,0,0,106037.0,106441.0,-404.0,1.0
2008,2008-09-07,1979-10-17,Ferrari,Circuit de Spa-Francorchamps,Race circuit,Kimi Räikkönen,9,7,10553,2001-03-04,2744,BEL,FIN,ITA,0,0,106298.0,106441.0,-143.0,3.0
2008,2008-09-14,1987-07-03,Toro Rosso,Autodromo Nazionale di Monza,Race circuit,Sebastian Vettel,9,14,7744,2007-06-17,455,ITA,DEU,ITA,0,1,95464.0,95626.0,-162.0,2.0
2008,2008-09-14,1981-10-19,McLaren,Autodromo Nazionale di Monza,Race circuit,Heikki Kovalainen,9,14,9827,2007-03-18,546,ITA,FIN,GBR,0,0,95214.0,95626.0,-412.0,1.0
2008,2008-09-14,1981-07-29,Renault,Autodromo Nazionale di Monza,Race circuit,Fernando Alonso,9,14,9909,2001-03-04,2751,ITA,ESP,FRA,0,0,96297.0,95626.0,671.0,10.0
2008,2008-09-14,1977-05-10,BMW Sauber,Autodromo Nazionale di Monza,Race circuit,Nick Heidfeld,9,14,11450,2000-03-12,3108,ITA,DEU,DEU,0,0,95709.0,95626.0,83.0,6.0
2008,2008-09-14,1981-04-25,Ferrari,Autodromo Nazionale di Monza,Race circuit,Felipe Massa,9,14,10004,2002-03-03,2387,ITA,BRA,ITA,0,1,95536.0,95626.0,-90.0,4.0
2008,2008-09-14,1976-08-27,Red Bull,Autodromo Nazionale di Monza,Race circuit,Mark Webber,9,14,11706,2002-03-03,2387,ITA,AUS,AUT,0,0,96001.0,95626.0,375.0,9.0
2008,2008-09-14,1982-03-18,Toyota,Autodromo Nazionale di Monza,Race circuit,Timo Glock,9,14,9677,2004-06-13,1554,ITA,DEU,JPN,0,0,95737.0,95626.0,111.0,7.0
2008,2008-09-14,1974-07-13,Toyota,Autodromo Nazionale di Monza,Race circuit,Jarno Trulli,9,14,12482,1997-03-09,4207,ITA,ITA,JPN,1,0,95906.0,95626.0,280.0,8.0
2008,2008-09-14,1985-06-27,Williams,Autodromo Nazionale di Monza,Race circuit,Nico Rosberg,9,14,8480,2006-03-12,917,ITA,DEU,GBR,0,0,95485.0,95626.0,-141.0,3.0
2008,2008-09-14,1979-02-28,Toro Rosso,Autodromo Nazionale di Monza,Race circuit,Sébastien Bourdais,9,14,10791,2008-03-16,182,ITA,FRA,ITA,0,1,95543.0,95626.0,-83.0,5.0
2008,2008-09-28,1985-06-27,Williams,Marina Bay Street Circuit,Street circuit,Nico Rosberg,9,28,8494,2006-03-12,931,SGP,DEU,GBR,0,0,104429.0,104435.0,-6.0,5.0
2008,2008-09-28,1985-01-07,McLaren,Marina Bay Street Circuit,Street circuit,Lewis Hamilton,9,28,8665,2007-03-18,560,SGP,GBR,GBR,0,0,104501.0,104435.0,66.0,7.0
2008,2008-09-28,1982-03-18,Toyota,Marina Bay Street Circuit,Street circuit,Timo Glock,9,28,9691,2004-06-13,1568,SGP,DEU,JPN,0,0,104441.0,104435.0,6.0,6.0
2008,2008-09-28,1987-07-03,Toro Rosso,Marina Bay Street Circuit,Street circuit,Sebastian Vettel,9,28,7758,2007-06-17,469,SGP,DEU,ITA,0,0,104261.0,104435.0,-174.0,4.0
2008,2008-09-28,1977-05-10,BMW Sauber,Marina Bay Street Circuit,Street circuit,Nick Heidfeld,9,28,11464,2000-03-12,3122,SGP,DEU,DEU,0,0,104520.0,104435.0,85.0,9.0
2008,2008-09-28,1985-01-11,Williams,Marina Bay Street Circuit,Street circuit,Kazuki Nakajima,9,28,8661,2007-10-21,343,SGP,JPN,GBR,0,0,104826.0,104435.0,391.0,10.0
2008,2008-09-28,1981-10-19,McLaren,Marina Bay Street Circuit,Street circuit,Heikki Kovalainen,9,28,9841,2007-03-18,560,SGP,FIN,GBR,0,0,104207.0,104435.0,-228.0,2.0
2008,2008-09-28,1984-12-07,BMW Sauber,Marina Bay Street Circuit,Street circuit,Robert Kubica,9,28,8696,2006-08-06,784,SGP,POL,DEU,0,0,104519.0,104435.0,84.0,8.0
2008,2008-09-28,1981-04-25,Ferrari,Marina Bay Street Circuit,Street circuit,Felipe Massa,9,28,10018,2002-03-03,2401,SGP,BRA,ITA,0,0,104014.0,104435.0,-421.0,1.0
2008,2008-09-28,1979-10-17,Ferrari,Marina Bay Street Circuit,Street circuit,Kimi Räikkönen,9,28,10574,2001-03-04,2765,SGP,FIN,ITA,0,0,104232.0,104435.0,-203.0,3.0
2008,2008-10-12,1981-07-29,Renault,Fuji Speedway,Race circuit,Fernando Alonso,10,12,9937,2001-03-04,2779,JPN,ESP,FRA,0,0,77871.0,77692.0,179.0,8.0
2008,2008-10-12,1984-12-07,BMW Sauber,Fuji Speedway,Race circuit,Robert Kubica,10,12,8710,2006-08-06,798,JPN,POL,DEU,0,0,77931.0,77692.0,239.0,9.0
2008,2008-10-12,1979-10-17,Ferrari,Fuji Speedway,Race circuit,Kimi Räikkönen,10,12,10588,2001-03-04,2779,JPN,FIN,ITA,0,0,77733.0,77692.0,41.0,7.0
2008,2008-10-12,1974-07-13,Toyota,Fuji Speedway,Race circuit,Jarno Trulli,10,12,12510,1997-03-09,4235,JPN,ITA,JPN,0,1,77541.0,77692.0,-151.0,4.0
2008,2008-10-12,1987-07-03,Toro Rosso,Fuji Speedway,Race circuit,Sebastian Vettel,10,12,7772,2007-06-17,483,JPN,DEU,ITA,0,0,77714.0,77692.0,22.0,6.0
2008,2008-10-12,1981-04-25,Ferrari,Fuji Speedway,Race circuit,Felipe Massa,10,12,10032,2002-03-03,2415,JPN,BRA,ITA,0,0,77287.0,77692.0,-405.0,1.0
2008,2008-10-12,1979-02-28,Toro Rosso,Fuji Speedway,Race circuit,Sébastien Bourdais,10,12,10819,2008-03-16,210,JPN,FRA,ITA,0,0,78102.0,77692.0,410.0,10.0
2008,2008-10-12,1985-01-07,McLaren,Fuji Speedway,Race circuit,Lewis Hamilton,10,12,8679,2007-03-18,574,JPN,GBR,GBR,0,0,77462.0,77692.0,-230.0,3.0
2008,2008-10-12,1981-10-19,McLaren,Fuji Speedway,Race circuit,Heikki Kovalainen,10,12,9855,2007-03-18,574,JPN,FIN,GBR,0,0,77360.0,77692.0,-332.0,2.0
2008,2008-10-12,1982-03-18,Toyota,Fuji Speedway,Race circuit,Timo Glock,10,12,9705,2004-06-13,1582,JPN,DEU,JPN,0,1,77670.0,77692.0,-22.0,5.0
2008,2008-10-19,1985-01-07,McLaren,Shanghai International Circuit,Race circuit,Lewis Hamilton,10,19,8686,2007-03-18,581,CHN,GBR,GBR,0,0,94947.0,95394.0,-448.0,1.0
2008,2008-10-19,1981-04-25,Ferrari,Shanghai International Circuit,Race circuit,Felipe Massa,10,19,10039,2002-03-03,2422,CHN,BRA,ITA,0,0,95135.0,95394.0,-260.0,2.0
2008,2008-10-19,1979-10-17,Ferrari,Shanghai International Circuit,Race circuit,Kimi Räikkönen,10,19,10595,2001-03-04,2786,CHN,FIN,ITA,0,0,95355.0,95394.0,-40.0,4.0
2008,2008-10-19,1981-07-29,Renault,Shanghai International Circuit,Race circuit,Fernando Alonso,10,19,9944,2001-03-04,2786,CHN,ESP,FRA,0,0,95461.0,95394.0,66.0,7.0
2008,2008-10-19,1977-05-10,BMW Sauber,Shanghai International Circuit,Race circuit,Nick Heidfeld,10,19,11485,2000-03-12,3143,CHN,DEU,DEU,0,0,95403.0,95394.0,8.0,6.0
2008,2008-10-19,1987-07-03,Toro Rosso,Shanghai International Circuit,Race circuit,Sebastian Vettel,10,19,7779,2007-06-17,490,CHN,DEU,ITA,0,0,95386.0,95394.0,-8.0,5.0
2008,2008-10-19,1979-02-28,Toro Rosso,Shanghai International Circuit,Race circuit,Sébastien Bourdais,10,19,10826,2008-03-16,217,CHN,FRA,ITA,0,0,95478.0,95394.0,84.0,8.0
2008,2008-10-19,1976-08-27,Red Bull,Shanghai International Circuit,Race circuit,Mark Webber,10,19,11741,2002-03-03,2422,CHN,AUS,AUT,0,0,95686.0,95394.0,292.0,9.0
2008,2008-10-19,1981-10-19,McLaren,Shanghai International Circuit,Race circuit,Heikki Kovalainen,10,19,9862,2007-03-18,581,CHN,FIN,GBR,0,0,95216.0,95394.0,-178.0,3.0
2008,2008-10-19,1974-07-13,Toyota,Shanghai International Circuit,Race circuit,Jarno Trulli,10,19,12517,1997-03-09,4242,CHN,ITA,JPN,0,0,95715.0,95394.0,320.0,10.0
2008,2008-11-02,1981-04-25,Ferrari,Autódromo José Carlos Pace,Race circuit,Felipe Massa,11,2,10053,2002-03-03,2436,BRA,BRA,ITA,1,0,71830.0,71930.0,-100.0,2.0
2008,2008-11-02,1981-07-29,Renault,Autódromo José Carlos Pace,Race circuit,Fernando Alonso,11,2,9958,2001-03-04,2800,BRA,ESP,FRA,0,0,72090.0,71930.0,160.0,9.0
2008,2008-11-02,1979-10-17,Ferrari,Autódromo José Carlos Pace,Race circuit,Kimi Räikkönen,11,2,10609,2001-03-04,2800,BRA,FIN,ITA,0,0,71950.0,71930.0,20.0,6.0
2008,2008-11-02,1987-07-03,Toro Rosso,Autódromo José Carlos Pace,Race circuit,Sebastian Vettel,11,2,7793,2007-06-17,504,BRA,DEU,ITA,0,0,71845.0,71930.0,-84.0,3.0
2008,2008-11-02,1985-01-07,McLaren,Autódromo José Carlos Pace,Race circuit,Lewis Hamilton,11,2,8700,2007-03-18,595,BRA,GBR,GBR,0,0,71856.0,71930.0,-74.0,4.0
2008,2008-11-02,1982-03-18,Toyota,Autódromo José Carlos Pace,Race circuit,Timo Glock,11,2,9726,2004-06-13,1603,BRA,DEU,JPN,0,0,71909.0,71930.0,-20.0,5.0
2008,2008-11-02,1981-10-19,McLaren,Autódromo José Carlos Pace,Race circuit,Heikki Kovalainen,11,2,9876,2007-03-18,595,BRA,FIN,GBR,0,0,71768.0,71930.0,-162.0,1.0
2008,2008-11-02,1974-07-13,Toyota,Autódromo José Carlos Pace,Race circuit,Jarno Trulli,11,2,12531,1997-03-09,4256,BRA,ITA,JPN,0,0,72107.0,71930.0,178.0,10.0
2008,2008-11-02,1977-05-10,BMW Sauber,Autódromo José Carlos Pace,Race circuit,Nick Heidfeld,11,2,11499,2000-03-12,3157,BRA,DEU,DEU,0,0,72026.0,71930.0,96.0,7.0
2008,2008-11-02,1979-02-28,Toro Rosso,Autódromo José Carlos Pace,Race circuit,Sébastien Bourdais,11,2,10840,2008-03-16,231,BRA,FRA,ITA,0,0,72075.0,71930.0,146.0,8.0
2009,2009-03-29,1980-01-19,Brawn,Albert Park Grand Prix Circuit,Street circuit,Jenson Button,3,29,10662,2000-03-12,3304,AUS,GBR,GBR,0,0,84855.0,85196.0,-342.0,2.0
2009,2009-03-29,1972-05-23,Brawn,Albert Park Grand Prix Circuit,Street circuit,Rubens Barrichello,3,29,13459,1993-03-14,5859,AUS,BRA,GBR,0,0,84783.0,85196.0,-414.0,1.0
2009,2009-03-29,1974-07-13,Toyota,Albert Park Grand Prix Circuit,Street circuit,Jarno Trulli,3,29,12678,1997-03-09,4403,AUS,ITA,JPN,0,0,85265.0,85196.0,68.0,7.0
2009,2009-03-29,1982-03-18,Toyota,Albert Park Grand Prix Circuit,Street circuit,Timo Glock,3,29,9873,2004-06-13,1750,AUS,DEU,JPN,0,0,85281.0,85196.0,84.0,8.0
2009,2009-03-29,1985-06-27,Williams,Albert Park Grand Prix Circuit,Street circuit,Nico Rosberg,3,29,8676,2006-03-12,1113,AUS,DEU,GBR,0,0,85123.0,85196.0,-74.0,4.0
2009,2009-03-29,1976-08-27,Red Bull,Albert Park Grand Prix Circuit,Street circuit,Mark Webber,3,29,11902,2002-03-03,2583,AUS,AUS,AUT,1,0,85241.0,85196.0,44.0,6.0
2009,2009-03-29,1987-07-03,Red Bull,Albert Park Grand Prix Circuit,Street circuit,Sebastian Vettel,3,29,7940,2007-06-17,651,AUS,DEU,AUT,0,0,85121.0,85196.0,-76.0,3.0
2009,2009-03-29,1984-12-07,BMW Sauber,Albert Park Grand Prix Circuit,Street circuit,Robert Kubica,3,29,8878,2006-08-06,966,AUS,POL,DEU,0,0,85152.0,85196.0,-44.0,5.0
2009,2009-03-29,1979-10-17,Ferrari,Albert Park Grand Prix Circuit,Street circuit,Kimi Räikkönen,3,29,10756,2001-03-04,2947,AUS,FIN,ITA,0,0,85380.0,85196.0,184.0,10.0
2009,2009-03-29,1981-04-25,Ferrari,Albert Park Grand Prix Circuit,Street circuit,Felipe Massa,3,29,10200,2002-03-03,2583,AUS,BRA,ITA,0,0,85319.0,85196.0,122.0,9.0
2009,2009-04-05,1980-01-19,Brawn,Sepang International Circuit,Race circuit,Jenson Button,4,5,10669,2000-03-12,3311,MYS,GBR,GBR,0,0,93784.0,94332.0,-548.0,1.0
2009,2009-04-05,1982-03-18,Toyota,Sepang International Circuit,Race circuit,Timo Glock,4,5,9880,2004-06-13,1757,MYS,DEU,JPN,0,0,94258.0,94332.0,-74.0,4.0
2009,2009-04-05,1974-07-13,Toyota,Sepang International Circuit,Race circuit,Jarno Trulli,4,5,12685,1997-03-09,4410,MYS,ITA,JPN,0,0,93990.0,94332.0,-342.0,2.0
2009,2009-04-05,1972-05-23,Brawn,Sepang International Circuit,Race circuit,Rubens Barrichello,4,5,13466,1993-03-14,5866,MYS,BRA,GBR,0,0,94387.0,94332.0,56.0,6.0
2009,2009-04-05,1976-08-27,Red Bull,Sepang International Circuit,Race circuit,Mark Webber,4,5,11909,2002-03-03,2590,MYS,AUS,AUT,0,0,94222.0,94332.0,-110.0,3.0
2009,2009-04-05,1985-06-27,Williams,Sepang International Circuit,Race circuit,Nico Rosberg,4,5,8683,2006-03-12,1120,MYS,DEU,GBR,0,0,94547.0,94332.0,216.0,8.0
2009,2009-04-05,1981-07-29,Renault,Sepang International Circuit,Race circuit,Fernando Alonso,4,5,10112,2001-03-04,2954,MYS,ESP,FRA,0,0,94706.0,94332.0,374.0,10.0
2009,2009-04-05,1979-10-17,Ferrari,Sepang International Circuit,Race circuit,Kimi Räikkönen,4,5,10763,2001-03-04,2954,MYS,FIN,ITA,0,0,94456.0,94332.0,124.0,7.0
2009,2009-04-05,1987-07-03,Red Bull,Sepang International Circuit,Race circuit,Sebastian Vettel,4,5,7947,2007-06-17,658,MYS,DEU,AUT,0,0,94276.0,94332.0,-56.0,5.0
2009,2009-04-05,1984-12-07,BMW Sauber,Sepang International Circuit,Race circuit,Robert Kubica,4,5,8885,2006-08-06,973,MYS,POL,DEU,0,0,94562.0,94332.0,230.0,9.0
2009,2009-04-19,1987-07-03,Red Bull,Shanghai International Circuit,Race circuit,Sebastian Vettel,4,19,7961,2007-06-17,672,CHN,DEU,AUT,0,0,95130.0,95692.0,-562.0,1.0
2009,2009-04-19,1976-08-27,Red Bull,Shanghai International Circuit,Race circuit,Mark Webber,4,19,11923,2002-03-03,2604,CHN,AUS,AUT,0,0,95173.0,95692.0,-520.0,2.0
2009,2009-04-19,1980-01-19,Brawn,Shanghai International Circuit,Race circuit,Jenson Button,4,19,10683,2000-03-12,3325,CHN,GBR,GBR,0,0,95533.0,95692.0,-160.0,4.0
2009,2009-04-19,1972-05-23,Brawn,Shanghai International Circuit,Race circuit,Rubens Barrichello,4,19,13480,1993-03-14,5880,CHN,BRA,GBR,0,0,95503.0,95692.0,-190.0,3.0
2009,2009-04-19,1985-01-07,McLaren,Shanghai International Circuit,Race circuit,Lewis Hamilton,4,19,8868,2007-03-18,763,CHN,GBR,GBR,0,0,95740.0,95692.0,48.0,6.0
2009,2009-04-19,1988-10-31,Toro Rosso,Shanghai International Circuit,Race circuit,Sébastien Buemi,4,19,7475,2009-03-29,21,CHN,CHE,ITA,0,0,95965.0,95692.0,272.0,10.0
2009,2009-04-19,1981-07-29,Renault,Shanghai International Circuit,Race circuit,Fernando Alonso,4,19,10126,2001-03-04,2968,CHN,ESP,FRA,0,0,95803.0,95692.0,110.0,7.0
2009,2009-04-19,1979-10-17,Ferrari,Shanghai International Circuit,Race circuit,Kimi Räikkönen,4,19,10777,2001-03-04,2968,CHN,FIN,ITA,0,0,95856.0,95692.0,164.0,9.0
2009,2009-04-19,1985-06-27,Williams,Shanghai International Circuit,Race circuit,Nico Rosberg,4,19,8697,2006-03-12,1134,CHN,DEU,GBR,0,0,95809.0,95692.0,116.0,8.0
2009,2009-04-19,1974-07-13,Toyota,Shanghai International Circuit,Race circuit,Jarno Trulli,4,19,12699,1997-03-09,4424,CHN,ITA,JPN,0,0,95645.0,95692.0,-48.0,5.0
2009,2009-04-26,1980-01-19,Brawn,Bahrain International Circuit,Race circuit,Jenson Button,4,26,10690,2000-03-12,3332,BHR,GBR,GBR,0,0,92842.0,92842.0,0.0,5.0
2009,2009-04-26,1987-07-03,Red Bull,Bahrain International Circuit,Race circuit,Sebastian Vettel,4,26,7968,2007-06-17,679,BHR,DEU,AUT,0,0,92474.0,92842.0,-368.0,1.0
2009,2009-04-26,1974-07-13,Toyota,Bahrain International Circuit,Race circuit,Jarno Trulli,4,26,12706,1997-03-09,4431,BHR,ITA,JPN,0,0,92671.0,92842.0,-171.0,3.0
2009,2009-04-26,1985-01-07,McLaren,Bahrain International Circuit,Race circuit,Lewis Hamilton,4,26,8875,2007-03-18,770,BHR,GBR,GBR,0,0,92851.0,92842.0,9.0,7.0
2009,2009-04-26,1972-05-23,Brawn,Bahrain International Circuit,Race circuit,Rubens Barrichello,4,26,13487,1993-03-14,5887,BHR,BRA,GBR,0,0,92842.0,92842.0,0.0,5.0
2009,2009-04-26,1979-10-17,Ferrari,Bahrain International Circuit,Race circuit,Kimi Räikkönen,4,26,10784,2001-03-04,2975,BHR,FIN,ITA,0,0,92827.0,92842.0,-15.0,4.0
2009,2009-04-26,1982-03-18,Toyota,Bahrain International Circuit,Race circuit,Timo Glock,4,26,9901,2004-06-13,1778,BHR,DEU,JPN,0,0,92613.0,92842.0,-229.0,2.0
2009,2009-04-26,1981-07-29,Renault,Bahrain International Circuit,Race circuit,Fernando Alonso,4,26,10133,2001-03-04,2975,BHR,ESP,FRA,0,0,92860.0,92842.0,18.0,8.0
2009,2009-04-26,1985-06-27,Williams,Bahrain International Circuit,Race circuit,Nico Rosberg,4,26,8704,2006-03-12,1141,BHR,DEU,GBR,0,0,93166.0,92842.0,324.0,10.0
2009,2009-04-26,1981-04-25,Ferrari,Bahrain International Circuit,Race circuit,Felipe Massa,4,26,10228,2002-03-03,2611,BHR,BRA,ITA,0,0,93014.0,92842.0,172.0,9.0
2009,2009-05-10,1980-01-19,Brawn,Circuit de Barcelona-Catalunya,Race circuit,Jenson Button,5,10,10704,2000-03-12,3346,ESP,GBR,GBR,0,0,80192.0,80206.0,-14.0,5.0
2009,2009-05-10,1972-05-23,Brawn,Circuit de Barcelona-Catalunya,Race circuit,Rubens Barrichello,5,10,13501,1993-03-14,5901,ESP,BRA,GBR,0,0,79954.0,80206.0,-252.0,1.0
2009,2009-05-10,1976-08-27,Red Bull,Circuit de Barcelona-Catalunya,Race circuit,Mark Webber,5,10,11944,2002-03-03,2625,ESP,AUS,AUT,0,0,80007.0,80206.0,-199.0,2.0
2009,2009-05-10,1987-07-03,Red Bull,Circuit de Barcelona-Catalunya,Race circuit,Sebastian Vettel,5,10,7982,2007-06-17,693,ESP,DEU,AUT,0,0,80220.0,80206.0,14.0,6.0
2009,2009-05-10,1981-07-29,Renault,Circuit de Barcelona-Catalunya,Race circuit,Fernando Alonso,5,10,10147,2001-03-04,2989,ESP,ESP,FRA,1,0,80509.0,80206.0,303.0,10.0
2009,2009-05-10,1981-04-25,Ferrari,Circuit de Barcelona-Catalunya,Race circuit,Felipe Massa,5,10,10242,2002-03-03,2625,ESP,BRA,ITA,0,0,80149.0,80206.0,-57.0,4.0
2009,2009-05-10,1985-06-27,Williams,Circuit de Barcelona-Catalunya,Race circuit,Nico Rosberg,5,10,8718,2006-03-12,1155,ESP,DEU,GBR,0,0,80256.0,80206.0,50.0,7.0
2009,2009-05-10,1982-03-18,Toyota,Circuit de Barcelona-Catalunya,Race circuit,Timo Glock,5,10,9915,2004-06-13,1792,ESP,DEU,JPN,0,0,80107.0,80206.0,-99.0,3.0
2009,2009-05-10,1984-12-07,BMW Sauber,Circuit de Barcelona-Catalunya,Race circuit,Robert Kubica,5,10,8920,2006-08-06,1008,ESP,POL,DEU,0,0,80408.0,80206.0,202.0,8.0
2009,2009-05-10,1974-07-13,Toyota,Circuit de Barcelona-Catalunya,Race circuit,Jarno Trulli,5,10,12720,1997-03-09,4445,ESP,ITA,JPN,0,0,80420.0,80206.0,214.0,9.0
2009,2009-05-24,1980-01-19,Brawn,Circuit de Monaco,Street circuit,Jenson Button,5,24,10718,2000-03-12,3360,MCO,GBR,GBR,0,0,74902.0,74862.0,40.0,7.0
2009,2009-05-24,1972-05-23,Brawn,Circuit de Monaco,Street circuit,Rubens Barrichello,5,24,13515,1993-03-14,5915,MCO,BRA,GBR,0,0,74829.0,74862.0,-34.0,4.0
2009,2009-05-24,1979-10-17,Ferrari,Circuit de Monaco,Street circuit,Kimi Räikkönen,5,24,10812,2001-03-04,3003,MCO,FIN,ITA,0,0,74514.0,74862.0,-348.0,1.0
2009,2009-05-24,1981-04-25,Ferrari,Circuit de Monaco,Street circuit,Felipe Massa,5,24,10256,2002-03-03,2639,MCO,BRA,ITA,0,0,75001.0,74862.0,138.0,8.0
2009,2009-05-24,1976-08-27,Red Bull,Circuit de Monaco,Street circuit,Mark Webber,5,24,11958,2002-03-03,2639,MCO,AUS,AUT,0,0,74825.0,74862.0,-38.0,3.0
2009,2009-05-24,1985-06-27,Williams,Circuit de Monaco,Street circuit,Nico Rosberg,5,24,8732,2006-03-12,1169,MCO,DEU,GBR,0,0,74846.0,74862.0,-16.0,5.0
2009,2009-05-24,1981-07-29,Renault,Circuit de Monaco,Street circuit,Fernando Alonso,5,24,10161,2001-03-04,3003,MCO,ESP,FRA,0,0,75200.0,74862.0,338.0,9.0
2009,2009-05-24,1985-01-11,Williams,Circuit de Monaco,Street circuit,Kazuki Nakajima,5,24,8899,2007-10-21,581,MCO,JPN,GBR,0,0,75579.0,74862.0,716.0,10.0
2009,2009-05-24,1981-10-19,McLaren,Circuit de Monaco,Street circuit,Heikki Kovalainen,5,24,10079,2007-03-18,798,MCO,FIN,GBR,0,0,74809.0,74862.0,-54.0,2.0
2009,2009-05-24,1987-07-03,Red Bull,Circuit de Monaco,Street circuit,Sebastian Vettel,5,24,7996,2007-06-17,707,MCO,DEU,AUT,0,0,74879.0,74862.0,16.0,6.0
2009,2009-06-07,1980-01-19,Brawn,Istanbul Park,Race circuit,Jenson Button,6,7,10732,2000-03-12,3374,TUR,GBR,GBR,0,0,87230.0,87379.0,-149.0,3.0
2009,2009-06-07,1976-08-27,Red Bull,Istanbul Park,Race circuit,Mark Webber,6,7,11972,2002-03-03,2653,TUR,AUS,AUT,0,0,87416.0,87379.0,37.0,7.0
2009,2009-06-07,1987-07-03,Red Bull,Istanbul Park,Race circuit,Sebastian Vettel,6,7,8010,2007-06-17,721,TUR,DEU,AUT,0,0,87016.0,87379.0,-363.0,1.0
2009,2009-06-07,1974-07-13,Toyota,Istanbul Park,Race circuit,Jarno Trulli,6,7,12748,1997-03-09,4473,TUR,ITA,JPN,0,0,87195.0,87379.0,-184.0,2.0
2009,2009-06-07,1985-06-27,Williams,Istanbul Park,Race circuit,Nico Rosberg,6,7,8746,2006-03-12,1183,TUR,DEU,GBR,0,0,87418.0,87379.0,39.0,8.0
2009,2009-06-07,1981-04-25,Ferrari,Istanbul Park,Race circuit,Felipe Massa,6,7,10270,2002-03-03,2653,TUR,BRA,ITA,0,0,87349.0,87379.0,-30.0,4.0
2009,2009-06-07,1984-12-07,BMW Sauber,Istanbul Park,Race circuit,Robert Kubica,6,7,8948,2006-08-06,1036,TUR,POL,DEU,0,0,87455.0,87379.0,76.0,9.0
2009,2009-06-07,1979-10-17,Ferrari,Istanbul Park,Race circuit,Kimi Räikkönen,6,7,10826,2001-03-04,3017,TUR,FIN,ITA,0,0,87387.0,87379.0,8.0,6.0
2009,2009-06-07,1981-07-29,Renault,Istanbul Park,Race circuit,Fernando Alonso,6,7,10175,2001-03-04,3017,TUR,ESP,FRA,0,0,87473.0,87379.0,94.0,10.0
2009,2009-06-07,1972-05-23,Brawn,Istanbul Park,Race circuit,Rubens Barrichello,6,7,13529,1993-03-14,5929,TUR,BRA,GBR,0,0,87371.0,87379.0,-8.0,5.0
2009,2009-06-21,1987-07-03,Red Bull,Silverstone Circuit,Race circuit,Sebastian Vettel,6,21,8024,2007-06-17,735,GBR,DEU,AUT,0,0,78119.0,78548.0,-429.0,1.0
2009,2009-06-21,1976-08-27,Red Bull,Silverstone Circuit,Race circuit,Mark Webber,6,21,11986,2002-03-03,2667,GBR,AUS,AUT,0,0,78209.0,78548.0,-339.0,2.0
2009,2009-06-21,1972-05-23,Brawn,Silverstone Circuit,Race circuit,Rubens Barrichello,6,21,13543,1993-03-14,5943,GBR,BRA,GBR,0,1,78335.0,78548.0,-213.0,4.0
2009,2009-06-21,1985-06-27,Williams,Silverstone Circuit,Race circuit,Nico Rosberg,6,21,8760,2006-03-12,1197,GBR,DEU,GBR,0,1,78591.0,78548.0,43.0,7.0
2009,2009-06-21,1980-01-19,Brawn,Silverstone Circuit,Race circuit,Jenson Button,6,21,10746,2000-03-12,3388,GBR,GBR,GBR,1,1,78663.0,78548.0,115.0,8.0
2009,2009-06-21,1974-07-13,Toyota,Silverstone Circuit,Race circuit,Jarno Trulli,6,21,12762,1997-03-09,4487,GBR,ITA,JPN,0,0,78240.0,78548.0,-308.0,3.0
2009,2009-06-21,1979-10-17,Ferrari,Silverstone Circuit,Race circuit,Kimi Räikkönen,6,21,10840,2001-03-04,3031,GBR,FIN,ITA,0,0,78566.0,78548.0,18.0,6.0
2009,2009-06-21,1982-03-18,Toyota,Silverstone Circuit,Race circuit,Timo Glock,6,21,9957,2004-06-13,1834,GBR,DEU,JPN,0,0,78791.0,78548.0,243.0,10.0
2009,2009-06-21,1985-01-11,Williams,Silverstone Circuit,Race circuit,Kazuki Nakajima,6,21,8927,2007-10-21,609,GBR,JPN,GBR,0,1,78530.0,78548.0,-18.0,5.0
2009,2009-06-21,1981-07-29,Renault,Silverstone Circuit,Race circuit,Fernando Alonso,6,21,10189,2001-03-04,3031,GBR,ESP,FRA,0,0,78761.0,78548.0,213.0,9.0
2009,2009-07-12,1976-08-27,Red Bull,Nürburgring,Race circuit,Mark Webber,7,12,12007,2002-03-03,2688,DEU,AUS,AUT,0,0,91257.0,91584.0,-327.0,1.0
2009,2009-07-12,1987-07-03,Red Bull,Nürburgring,Race circuit,Sebastian Vettel,7,12,8045,2007-06-17,756,DEU,DEU,AUT,1,0,91430.0,91584.0,-154.0,2.0
2009,2009-07-12,1981-04-25,Ferrari,Nürburgring,Race circuit,Felipe Massa,7,12,10305,2002-03-03,2688,DEU,BRA,ITA,0,0,91600.0,91584.0,16.0,6.0
2009,2009-07-12,1980-01-19,Brawn,Nürburgring,Race circuit,Jenson Button,7,12,10767,2000-03-12,3409,DEU,GBR,GBR,0,0,91568.0,91584.0,-16.0,5.0
2009,2009-07-12,1972-05-23,Brawn,Nürburgring,Race circuit,Rubens Barrichello,7,12,13564,1993-03-14,5964,DEU,BRA,GBR,0,0,91482.0,91584.0,-102.0,4.0
2009,2009-07-12,1981-10-19,McLaren,Nürburgring,Race circuit,Heikki Kovalainen,7,12,10128,2007-03-18,847,DEU,FIN,GBR,0,0,91881.0,91584.0,297.0,8.0
2009,2009-07-12,1985-07-25,Renault,Nürburgring,Race circuit,Nelson Piquet Jr.,7,12,8753,2008-03-16,483,DEU,BRA,FRA,0,0,92128.0,91584.0,544.0,10.0
2009,2009-07-12,1983-01-11,Force India,Nürburgring,Race circuit,Adrian Sutil,7,12,9679,2007-03-18,847,DEU,DEU,IND,1,0,92015.0,91584.0,431.0,9.0
2009,2009-07-12,1985-01-07,McLaren,Nürburgring,Race circuit,Lewis Hamilton,7,12,8952,2007-03-18,847,DEU,GBR,GBR,0,0,91473.0,91584.0,-111.0,3.0
2009,2009-07-12,1979-10-17,Ferrari,Nürburgring,Race circuit,Kimi Räikkönen,7,12,10861,2001-03-04,3052,DEU,FIN,ITA,0,0,91869.0,91584.0,285.0,7.0
2009,2009-07-26,1985-01-07,McLaren,Hungaroring,Race circuit,Lewis Hamilton,7,26,8966,2007-03-18,861,HUN,GBR,GBR,0,0,80465.0,80647.0,-182.0,2.0
2009,2009-07-26,1979-10-17,Ferrari,Hungaroring,Race circuit,Kimi Räikkönen,7,26,10875,2001-03-04,3066,HUN,FIN,ITA,0,0,80647.0,80647.0,0.0,5.0
2009,2009-07-26,1976-08-27,Red Bull,Hungaroring,Race circuit,Mark Webber,7,26,12021,2002-03-03,2702,HUN,AUS,AUT,0,0,80358.0,80647.0,-289.0,1.0
2009,2009-07-26,1985-06-27,Williams,Hungaroring,Race circuit,Nico Rosberg,7,26,8795,2006-03-12,1232,HUN,DEU,GBR,0,0,80793.0,80647.0,146.0,7.0
2009,2009-07-26,1981-10-19,McLaren,Hungaroring,Race circuit,Heikki Kovalainen,7,26,10142,2007-03-18,861,HUN,FIN,GBR,0,0,80807.0,80647.0,160.0,8.0
2009,2009-07-26,1980-01-19,Brawn,Hungaroring,Race circuit,Jenson Button,7,26,10781,2000-03-12,3423,HUN,GBR,GBR,0,0,80707.0,80647.0,60.0,6.0
2009,2009-07-26,1985-01-11,Williams,Hungaroring,Race circuit,Kazuki Nakajima,7,26,8962,2007-10-21,644,HUN,JPN,GBR,0,0,80570.0,80647.0,-77.0,3.0
2009,2009-07-26,1987-07-03,Red Bull,Hungaroring,Race circuit,Sebastian Vettel,7,26,8059,2007-06-17,770,HUN,DEU,AUT,0,0,80604.0,80647.0,-43.0,4.0
2009,2009-07-26,1981-07-29,Renault,Hungaroring,Race circuit,Fernando Alonso,7,26,10224,2001-03-04,3066,HUN,ESP,FRA,0,0,80826.0,80647.0,179.0,9.0
2009,2009-08-23,1972-05-23,Brawn,Valencia Street Circuit,Street circuit,Rubens Barrichello,8,23,13606,1993-03-14,6006,ESP,BRA,GBR,0,0,98076.0,98438.0,-362.0,1.0
2009,2009-08-23,1985-01-07,McLaren,Valencia Street Circuit,Street circuit,Lewis Hamilton,8,23,8994,2007-03-18,889,ESP,GBR,GBR,0,0,98182.0,98438.0,-256.0,2.0
2009,2009-08-23,1979-10-17,Ferrari,Valencia Street Circuit,Street circuit,Kimi Räikkönen,8,23,10903,2001-03-04,3094,ESP,FIN,ITA,0,0,98782.0,98438.0,344.0,10.0
2009,2009-08-23,1981-10-19,McLaren,Valencia Street Circuit,Street circuit,Heikki Kovalainen,8,23,10170,2007-03-18,889,ESP,FIN,GBR,0,0,98230.0,98438.0,-208.0,3.0
2009,2009-08-23,1985-06-27,Williams,Valencia Street Circuit,Street circuit,Nico Rosberg,8,23,8823,2006-03-12,1260,ESP,DEU,GBR,0,0,98346.0,98438.0,-92.0,5.0
2009,2009-08-23,1981-07-29,Renault,Valencia Street Circuit,Street circuit,Fernando Alonso,8,23,10252,2001-03-04,3094,ESP,ESP,FRA,1,0,98717.0,98438.0,278.0,8.0
2009,2009-08-23,1980-01-19,Brawn,Valencia Street Circuit,Street circuit,Jenson Button,8,23,10809,2000-03-12,3451,ESP,GBR,GBR,0,0,98531.0,98438.0,92.0,6.0
2009,2009-08-23,1984-12-07,BMW Sauber,Valencia Street Circuit,Street circuit,Robert Kubica,8,23,9025,2006-08-06,1113,ESP,POL,DEU,0,0,98747.0,98438.0,308.0,9.0
2009,2009-08-23,1976-08-27,Red Bull,Valencia Street Circuit,Street circuit,Mark Webber,8,23,12049,2002-03-03,2730,ESP,AUS,AUT,0,0,98625.0,98438.0,186.0,7.0
2009,2009-08-23,1987-07-03,Red Bull,Valencia Street Circuit,Street circuit,Sebastian Vettel,8,23,8087,2007-06-17,798,ESP,DEU,AUT,0,0,98273.0,98438.0,-166.0,4.0
2009,2009-08-30,1979-10-17,Ferrari,Circuit de Spa-Francorchamps,Race circuit,Kimi Räikkönen,8,30,10910,2001-03-04,3101,BEL,FIN,ITA,0,0,104953.0,104772.0,182.0,9.0
2009,2009-08-30,1973-01-14,Force India,Circuit de Spa-Francorchamps,Race circuit,Giancarlo Fisichella,8,30,13377,1996-03-10,4921,BEL,ITA,IND,0,0,104667.0,104772.0,-104.0,4.0
2009,2009-08-30,1987-07-03,Red Bull,Circuit de Spa-Francorchamps,Race circuit,Sebastian Vettel,8,30,8094,2007-06-17,805,BEL,DEU,AUT,0,0,104592.0,104772.0,-180.0,3.0
2009,2009-08-30,1984-12-07,BMW Sauber,Circuit de Spa-Francorchamps,Race circuit,Robert Kubica,8,30,9032,2006-08-06,1120,BEL,POL,DEU,0,0,104557.0,104772.0,-214.0,2.0
2009,2009-08-30,1977-05-10,BMW Sauber,Circuit de Spa-Francorchamps,Race circuit,Nick Heidfeld,8,30,11800,2000-03-12,3458,BEL,DEU,DEU,0,0,104709.0,104772.0,-62.0,5.0
2009,2009-08-30,1972-05-23,Brawn,Circuit de Spa-Francorchamps,Race circuit,Rubens Barrichello,8,30,13613,1993-03-14,6013,BEL,BRA,GBR,0,0,104834.0,104772.0,62.0,6.0
2009,2009-08-30,1985-06-27,Williams,Circuit de Spa-Francorchamps,Race circuit,Nico Rosberg,8,30,8830,2006-03-12,1267,BEL,DEU,GBR,0,0,105047.0,104772.0,276.0,10.0
2009,2009-08-30,1976-08-27,Red Bull,Circuit de Spa-Francorchamps,Race circuit,Mark Webber,8,30,12056,2002-03-03,2737,BEL,AUS,AUT,0,0,104924.0,104772.0,152.0,8.0
2009,2009-08-30,1982-03-18,Toyota,Circuit de Spa-Francorchamps,Race circuit,Timo Glock,8,30,10027,2004-06-13,1904,BEL,DEU,JPN,0,0,104877.0,104772.0,106.0,7.0
2009,2009-08-30,1974-07-13,Toyota,Circuit de Spa-Francorchamps,Race circuit,Jarno Trulli,8,30,12832,1997-03-09,4557,BEL,ITA,JPN,0,0,104503.0,104772.0,-268.0,1.0
2009,2009-09-13,1972-05-23,Brawn,Autodromo Nazionale di Monza,Race circuit,Rubens Barrichello,9,13,13627,1993-03-14,6027,ITA,BRA,GBR,0,0,82976.0,83240.0,-264.0,3.0
2009,2009-09-13,1980-01-19,Brawn,Autodromo Nazionale di Monza,Race circuit,Jenson Button,9,13,10830,2000-03-12,3472,ITA,GBR,GBR,0,0,82955.0,83240.0,-285.0,1.0
2009,2009-09-13,1979-10-17,Ferrari,Autodromo Nazionale di Monza,Race circuit,Kimi Räikkönen,9,13,10924,2001-03-04,3115,ITA,FIN,ITA,0,1,83349.0,83240.0,109.0,7.0
2009,2009-09-13,1983-01-11,Force India,Autodromo Nazionale di Monza,Race circuit,Adrian Sutil,9,13,9742,2007-03-18,910,ITA,DEU,IND,0,0,83070.0,83240.0,-170.0,4.0
2009,2009-09-13,1981-07-29,Renault,Autodromo Nazionale di Monza,Race circuit,Fernando Alonso,9,13,10273,2001-03-04,3115,ITA,ESP,FRA,0,0,83497.0,83240.0,257.0,8.0
2009,2009-09-13,1981-10-19,McLaren,Autodromo Nazionale di Monza,Race circuit,Heikki Kovalainen,9,13,10191,2007-03-18,910,ITA,FIN,GBR,0,0,83515.0,83240.0,275.0,9.0
2009,2009-09-13,1987-07-03,Red Bull,Autodromo Nazionale di Monza,Race circuit,Sebastian Vettel,9,13,8108,2007-06-17,819,ITA,DEU,AUT,0,0,83545.0,83240.0,305.0,10.0
2009,2009-09-13,1985-01-07,McLaren,Autodromo Nazionale di Monza,Race circuit,Lewis Hamilton,9,13,9015,2007-03-18,910,ITA,GBR,GBR,0,0,82973.0,83240.0,-267.0,2.0
2009,2009-09-13,1980-08-06,Force India,Autodromo Nazionale di Monza,Race circuit,Vitantonio Liuzzi,9,13,10630,2005-04-24,1603,ITA,ITA,IND,1,0,83207.0,83240.0,-33.0,5.0
2009,2009-09-13,1976-08-27,Red Bull,Autodromo Nazionale di Monza,Race circuit,Mark Webber,9,13,12070,2002-03-03,2751,ITA,AUS,AUT,0,0,83273.0,83240.0,33.0,6.0
2009,2009-09-27,1985-01-07,McLaren,Marina Bay Street Circuit,Street circuit,Lewis Hamilton,9,27,9029,2007-03-18,924,SGP,GBR,GBR,0,0,106657.0,106737.0,-80.0,4.0
2009,2009-09-27,1982-03-18,Toyota,Marina Bay Street Circuit,Street circuit,Timo Glock,9,27,10055,2004-06-13,1932,SGP,DEU,JPN,0,0,106707.0,106737.0,-30.0,5.0
2009,2009-09-27,1981-07-29,Renault,Marina Bay Street Circuit,Street circuit,Fernando Alonso,9,27,10287,2001-03-04,3129,SGP,ESP,FRA,0,0,106767.0,106737.0,30.0,6.0
2009,2009-09-27,1987-07-03,Red Bull,Marina Bay Street Circuit,Street circuit,Sebastian Vettel,9,27,8122,2007-06-17,833,SGP,DEU,AUT,0,0,106362.0,106737.0,-375.0,3.0
2009,2009-09-27,1972-05-23,Brawn,Marina Bay Street Circuit,Street circuit,Rubens Barrichello,9,27,13641,1993-03-14,6041,SGP,BRA,GBR,0,0,106787.0,106737.0,50.0,7.0
2009,2009-09-27,1981-10-19,McLaren,Marina Bay Street Circuit,Street circuit,Heikki Kovalainen,9,27,10205,2007-03-18,924,SGP,FIN,GBR,0,0,106842.0,106737.0,105.0,10.0
2009,2009-09-27,1984-12-07,BMW Sauber,Marina Bay Street Circuit,Street circuit,Robert Kubica,9,27,9060,2006-08-06,1148,SGP,POL,DEU,0,0,106813.0,106737.0,76.0,8.0
2009,2009-09-27,1985-06-27,Williams,Marina Bay Street Circuit,Street circuit,Nico Rosberg,9,27,8858,2006-03-12,1295,SGP,DEU,GBR,0,0,106197.0,106737.0,-540.0,1.0
2009,2009-09-27,1976-08-27,Red Bull,Marina Bay Street Circuit,Street circuit,Mark Webber,9,27,12084,2002-03-03,2765,SGP,AUS,AUT,0,0,106328.0,106737.0,-409.0,2.0
2009,2009-09-27,1977-05-10,BMW Sauber,Marina Bay Street Circuit,Street circuit,Nick Heidfeld,9,27,11828,2000-03-12,3486,SGP,DEU,DEU,0,0,106832.0,106737.0,95.0,9.0
2009,2009-10-04,1987-07-03,Red Bull,Suzuka Circuit,Race circuit,Sebastian Vettel,10,4,8129,2007-06-17,840,JPN,DEU,AUT,0,0,90341.0,90966.0,-625.0,1.0
2009,2009-10-04,1974-07-13,Toyota,Suzuka Circuit,Race circuit,Jarno Trulli,10,4,12867,1997-03-09,4592,JPN,ITA,JPN,0,1,90737.0,90966.0,-229.0,3.0
2009,2009-10-04,1985-01-07,McLaren,Suzuka Circuit,Race circuit,Lewis Hamilton,10,4,9036,2007-03-18,931,JPN,GBR,GBR,0,0,90627.0,90966.0,-339.0,2.0
2009,2009-10-04,1979-10-17,Ferrari,Suzuka Circuit,Race circuit,Kimi Räikkönen,10,4,10945,2001-03-04,3136,JPN,FIN,ITA,0,0,91052.0,90966.0,86.0,5.0
2009,2009-10-04,1977-05-10,BMW Sauber,Suzuka Circuit,Race circuit,Nick Heidfeld,10,4,11835,2000-03-12,3493,JPN,DEU,DEU,0,0,91260.0,90966.0,294.0,8.0
2009,2009-10-04,1972-05-23,Brawn,Suzuka Circuit,Race circuit,Rubens Barrichello,10,4,13648,1993-03-14,6048,JPN,BRA,GBR,0,0,91055.0,90966.0,89.0,6.0
2009,2009-10-04,1980-01-19,Brawn,Suzuka Circuit,Race circuit,Jenson Button,10,4,10851,2000-03-12,3493,JPN,GBR,GBR,0,0,90880.0,90966.0,-86.0,4.0
2009,2009-10-04,1983-01-11,Force India,Suzuka Circuit,Race circuit,Adrian Sutil,10,4,9763,2007-03-18,931,JPN,DEU,IND,0,0,91222.0,90966.0,256.0,7.0
2009,2009-10-18,1976-08-27,Red Bull,Autódromo José Carlos Pace,Race circuit,Mark Webber,10,18,12105,2002-03-03,2786,BRA,AUS,AUT,0,0,79668.0,80209.0,-541.0,2.0
2009,2009-10-18,1984-12-07,BMW Sauber,Autódromo José Carlos Pace,Race circuit,Robert Kubica,10,18,9081,2006-08-06,1169,BRA,POL,DEU,0,0,80631.0,80209.0,422.0,9.0
2009,2009-10-18,1979-10-17,Ferrari,Autódromo José Carlos Pace,Race circuit,Kimi Räikkönen,10,18,10959,2001-03-04,3150,BRA,FIN,ITA,0,0,80168.0,80209.0,-41.0,5.0
2009,2009-10-18,1988-10-31,Toro Rosso,Autódromo José Carlos Pace,Race circuit,Sébastien Buemi,10,18,7657,2009-03-29,203,BRA,CHE,ITA,0,0,80250.0,80209.0,41.0,6.0
2009,2009-10-18,1972-05-23,Brawn,Autódromo José Carlos Pace,Race circuit,Rubens Barrichello,10,18,13662,1993-03-14,6062,BRA,BRA,GBR,1,0,79576.0,80209.0,-633.0,1.0
2009,2009-10-18,1985-01-11,Williams,Autódromo José Carlos Pace,Race circuit,Kazuki Nakajima,10,18,9046,2007-10-21,728,BRA,JPN,GBR,0,0,80427.0,80209.0,218.0,8.0
2009,2009-10-18,1985-06-27,Williams,Autódromo José Carlos Pace,Race circuit,Nico Rosberg,10,18,8879,2006-03-12,1316,BRA,DEU,GBR,0,0,80326.0,80209.0,117.0,7.0
2009,2009-10-18,1983-01-11,Force India,Autódromo José Carlos Pace,Race circuit,Adrian Sutil,10,18,9777,2007-03-18,945,BRA,DEU,IND,0,0,79912.0,80209.0,-297.0,3.0
2009,2009-10-18,1974-07-13,Toyota,Autódromo José Carlos Pace,Race circuit,Jarno Trulli,10,18,12881,1997-03-09,4606,BRA,ITA,JPN,0,0,80097.0,80209.0,-112.0,4.0
2009,2009-10-18,1981-07-29,Renault,Autódromo José Carlos Pace,Race circuit,Fernando Alonso,10,18,10308,2001-03-04,3150,BRA,ESP,FRA,0,0,81422.0,80209.0,1213.0,10.0
2009,2009-11-01,1987-07-03,Red Bull,Yas Marina Circuit,Race circuit,Sebastian Vettel,11,1,8157,2007-06-17,868,ARE,DEU,AUT,0,0,99984.0,100397.0,-413.0,2.0
2009,2009-11-01,1976-08-27,Red Bull,Yas Marina Circuit,Race circuit,Mark Webber,11,1,12119,2002-03-03,2800,ARE,AUS,AUT,0,0,100272.0,100397.0,-125.0,4.0
2009,2009-11-01,1980-01-19,Brawn,Yas Marina Circuit,Race circuit,Jenson Button,11,1,10879,2000-03-12,3521,ARE,GBR,GBR,0,0,100148.0,100397.0,-249.0,3.0
2009,2009-11-01,1972-05-23,Brawn,Yas Marina Circuit,Race circuit,Rubens Barrichello,11,1,13676,1993-03-14,6076,ARE,BRA,GBR,0,0,100421.0,100397.0,24.0,6.0
2009,2009-11-01,1977-05-10,BMW Sauber,Yas Marina Circuit,Race circuit,Nick Heidfeld,11,1,11863,2000-03-12,3521,ARE,DEU,DEU,0,0,100558.0,100397.0,161.0,9.0
2009,2009-11-01,1974-07-13,Toyota,Yas Marina Circuit,Race circuit,Jarno Trulli,11,1,12895,1997-03-09,4620,ARE,ITA,JPN,0,0,100373.0,100397.0,-24.0,5.0
2009,2009-11-01,1988-10-31,Toro Rosso,Yas Marina Circuit,Race circuit,Sébastien Buemi,11,1,7671,2009-03-29,217,ARE,CHE,ITA,0,0,100430.0,100397.0,33.0,7.0
2009,2009-11-01,1985-06-27,Williams,Yas Marina Circuit,Race circuit,Nico Rosberg,11,1,8893,2006-03-12,1330,ARE,DEU,GBR,0,0,100661.0,100397.0,264.0,10.0
2009,2009-11-01,1984-12-07,BMW Sauber,Yas Marina Circuit,Race circuit,Robert Kubica,11,1,9095,2006-08-06,1183,ARE,POL,DEU,0,0,100520.0,100397.0,123.0,8.0
2009,2009-11-01,1985-01-07,McLaren,Yas Marina Circuit,Race circuit,Lewis Hamilton,11,1,9064,2007-03-18,959,ARE,GBR,GBR,0,0,99695.0,100397.0,-702.0,1.0
2010,2010-03-14,1981-07-29,Ferrari,Bahrain International Circuit,Race circuit,Fernando Alonso,3,14,10455,2001-03-04,3297,BHR,ESP,ITA,0,0,114172.0,114694.0,-522.0,2.0
2010,2010-03-14,1981-04-25,Ferrari,Bahrain International Circuit,Race circuit,Felipe Massa,3,14,10550,2002-03-03,2933,BHR,BRA,ITA,0,0,114242.0,114694.0,-452.0,3.0
2010,2010-03-14,1985-01-07,McLaren,Bahrain International Circuit,Race circuit,Lewis Hamilton,3,14,9197,2007-03-18,1092,BHR,GBR,GBR,0,0,114707.0,114694.0,12.0,6.0
2010,2010-03-14,1987-07-03,Red Bull,Bahrain International Circuit,Race circuit,Sebastian Vettel,3,14,8290,2007-06-17,1001,BHR,DEU,AUT,0,0,113883.0,114694.0,-812.0,1.0
2010,2010-03-14,1985-06-27,Mercedes,Bahrain International Circuit,Race circuit,Nico Rosberg,3,14,9026,2006-03-12,1463,BHR,DEU,DEU,0,0,114682.0,114694.0,-12.0,5.0
2010,2010-03-14,1969-01-03,Mercedes,Bahrain International Circuit,Race circuit,Michael Schumacher,3,14,15045,1991-08-25,6776,BHR,DEU,DEU,0,0,115105.0,114694.0,410.0,9.0
2010,2010-03-14,1980-01-19,McLaren,Bahrain International Circuit,Race circuit,Jenson Button,3,14,11012,2000-03-12,3654,BHR,GBR,GBR,0,0,115168.0,114694.0,474.0,10.0
2010,2010-03-14,1976-08-27,Red Bull,Bahrain International Circuit,Race circuit,Mark Webber,3,14,12252,2002-03-03,2933,BHR,AUS,AUT,0,0,114318.0,114694.0,-376.0,4.0
2010,2010-03-14,1984-12-07,Renault,Bahrain International Circuit,Race circuit,Robert Kubica,3,14,9228,2006-08-06,1316,BHR,POL,FRA,0,0,114963.0,114694.0,268.0,7.0
2010,2010-03-14,1983-01-11,Force India,Bahrain International Circuit,Race circuit,Adrian Sutil,3,14,9924,2007-03-18,1092,BHR,DEU,IND,0,0,114996.0,114694.0,302.0,8.0
2010,2010-03-28,1980-01-19,McLaren,Albert Park Grand Prix Circuit,Street circuit,Jenson Button,3,28,11026,2000-03-12,3668,AUS,GBR,GBR,0,0,84531.0,84812.0,-282.0,4.0
2010,2010-03-28,1984-12-07,Renault,Albert Park Grand Prix Circuit,Street circuit,Robert Kubica,3,28,9242,2006-08-06,1330,AUS,POL,FRA,0,0,85122.0,84812.0,310.0,10.0
2010,2010-03-28,1981-04-25,Ferrari,Albert Park Grand Prix Circuit,Street circuit,Felipe Massa,3,28,10564,2002-03-03,2947,AUS,BRA,ITA,0,0,84837.0,84812.0,24.0,6.0
2010,2010-03-28,1981-07-29,Ferrari,Albert Park Grand Prix Circuit,Street circuit,Fernando Alonso,3,28,10469,2001-03-04,3311,AUS,ESP,ITA,0,0,84111.0,84812.0,-702.0,3.0
2010,2010-03-28,1985-06-27,Mercedes,Albert Park Grand Prix Circuit,Street circuit,Nico Rosberg,3,28,9040,2006-03-12,1477,AUS,DEU,DEU,0,0,84788.0,84812.0,-24.0,5.0
2010,2010-03-28,1972-05-23,Williams,Albert Park Grand Prix Circuit,Street circuit,Rubens Barrichello,3,28,13823,1993-03-14,6223,AUS,BRA,GBR,0,0,85085.0,84812.0,272.0,9.0
2010,2010-03-28,1976-08-27,Red Bull,Albert Park Grand Prix Circuit,Street circuit,Mark Webber,3,28,12266,2002-03-03,2947,AUS,AUS,AUT,1,0,84035.0,84812.0,-778.0,2.0
2010,2010-03-28,1969-01-03,Mercedes,Albert Park Grand Prix Circuit,Street circuit,Michael Schumacher,3,28,15059,1991-08-25,6790,AUS,DEU,DEU,0,0,84871.0,84812.0,58.0,7.0
2010,2010-03-28,1987-07-03,Red Bull,Albert Park Grand Prix Circuit,Street circuit,Sebastian Vettel,3,28,8304,2007-06-17,1015,AUS,DEU,AUT,0,0,83919.0,84812.0,-894.0,1.0
2010,2010-03-28,1983-01-11,Force India,Albert Park Grand Prix Circuit,Street circuit,Adrian Sutil,3,28,9938,2007-03-18,1106,AUS,DEU,IND,0,0,85046.0,84812.0,234.0,8.0
2010,2010-04-04,1987-07-03,Red Bull,Sepang International Circuit,Race circuit,Sebastian Vettel,4,4,8311,2007-06-17,1022,MYS,DEU,AUT,0,0,106828.0,107604.0,-776.0,2.0
2010,2010-04-04,1976-08-27,Red Bull,Sepang International Circuit,Race circuit,Mark Webber,4,4,12273,2002-03-03,2954,MYS,AUS,AUT,0,0,108210.0,107604.0,606.0,7.0
2010,2010-04-04,1985-06-27,Mercedes,Sepang International Circuit,Race circuit,Nico Rosberg,4,4,9047,2006-03-12,1484,MYS,DEU,DEU,0,0,107417.0,107604.0,-188.0,5.0
2010,2010-04-04,1984-12-07,Renault,Sepang International Circuit,Race circuit,Robert Kubica,4,4,9249,2006-08-06,1337,MYS,POL,FRA,0,0,106283.0,107604.0,-1322.0,1.0
2010,2010-04-04,1983-01-11,Force India,Sepang International Circuit,Race circuit,Adrian Sutil,4,4,9945,2007-03-18,1113,MYS,DEU,IND,0,0,107085.0,107604.0,-520.0,3.0
2010,2010-04-04,1987-08-19,Williams,Sepang International Circuit,Race circuit,Nico Hülkenberg,4,4,8264,2010-03-14,21,MYS,DEU,GBR,0,0,107346.0,107604.0,-258.0,4.0
2010,2010-04-04,1972-05-23,Williams,Sepang International Circuit,Race circuit,Rubens Barrichello,4,4,13830,1993-03-14,6230,MYS,BRA,GBR,0,0,108371.0,107604.0,766.0,9.0
2010,2010-04-04,1980-08-06,Force India,Sepang International Circuit,Race circuit,Vitantonio Liuzzi,4,4,10833,2005-04-24,1806,MYS,ITA,IND,0,0,108238.0,107604.0,634.0,8.0
2010,2010-04-04,1969-01-03,Mercedes,Sepang International Circuit,Race circuit,Michael Schumacher,4,4,15066,1991-08-25,6797,MYS,DEU,DEU,0,0,108400.0,107604.0,796.0,10.0
2010,2010-04-04,1986-09-13,Sauber,Sepang International Circuit,Race circuit,Kamui Kobayashi,4,4,8604,2009-10-18,168,MYS,JPN,CHE,0,0,107792.0,107604.0,188.0,6.0
2010,2010-04-18,1980-01-19,McLaren,Shanghai International Circuit,Race circuit,Jenson Button,4,18,11047,2000-03-12,3689,CHN,GBR,GBR,0,0,94979.0,94954.0,26.0,6.0
2010,2010-04-18,1985-01-07,McLaren,Shanghai International Circuit,Race circuit,Lewis Hamilton,4,18,9232,2007-03-18,1127,CHN,GBR,GBR,0,0,94928.0,94954.0,-26.0,5.0
2010,2010-04-18,1985-06-27,Mercedes,Shanghai International Circuit,Race circuit,Nico Rosberg,4,18,9061,2006-03-12,1498,CHN,DEU,DEU,0,0,94923.0,94954.0,-30.0,4.0
2010,2010-04-18,1981-07-29,Ferrari,Shanghai International Circuit,Race circuit,Fernando Alonso,4,18,10490,2001-03-04,3332,CHN,ESP,ITA,0,0,94913.0,94954.0,-40.0,3.0
2010,2010-04-18,1984-12-07,Renault,Shanghai International Circuit,Race circuit,Robert Kubica,4,18,9263,2006-08-06,1351,CHN,POL,FRA,0,0,95364.0,94954.0,410.0,8.0
2010,2010-04-18,1987-07-03,Red Bull,Shanghai International Circuit,Race circuit,Sebastian Vettel,4,18,8325,2007-06-17,1036,CHN,DEU,AUT,0,0,94558.0,94954.0,-396.0,1.0
2010,2010-04-18,1976-08-27,Red Bull,Shanghai International Circuit,Race circuit,Mark Webber,4,18,12287,2002-03-03,2968,CHN,AUS,AUT,0,0,94808.0,94954.0,-146.0,2.0
2010,2010-04-18,1981-04-25,Ferrari,Shanghai International Circuit,Race circuit,Felipe Massa,4,18,10585,2002-03-03,2968,CHN,BRA,ITA,0,0,95180.0,94954.0,226.0,7.0
2010,2010-04-18,1969-01-03,Mercedes,Shanghai International Circuit,Race circuit,Michael Schumacher,4,18,15080,1991-08-25,6811,CHN,DEU,DEU,0,0,95646.0,94954.0,692.0,9.0
2010,2010-04-18,1983-01-11,Force India,Shanghai International Circuit,Race circuit,Adrian Sutil,4,18,9959,2007-03-18,1127,CHN,DEU,IND,0,0,95665.0,94954.0,712.0,10.0
2010,2010-05-09,1976-08-27,Red Bull,Circuit de Barcelona-Catalunya,Race circuit,Mark Webber,5,9,12308,2002-03-03,2989,ESP,AUS,AUT,0,0,79995.0,81142.0,-1148.0,1.0
2010,2010-05-09,1981-07-29,Ferrari,Circuit de Barcelona-Catalunya,Race circuit,Fernando Alonso,5,9,10511,2001-03-04,3353,ESP,ESP,ITA,1,0,80937.0,81142.0,-206.0,4.0
2010,2010-05-09,1987-07-03,Red Bull,Circuit de Barcelona-Catalunya,Race circuit,Sebastian Vettel,5,9,8346,2007-06-17,1057,ESP,DEU,AUT,0,0,80101.0,81142.0,-1042.0,2.0
2010,2010-05-09,1969-01-03,Mercedes,Circuit de Barcelona-Catalunya,Race circuit,Michael Schumacher,5,9,15101,1991-08-25,6832,ESP,DEU,DEU,0,0,81294.0,81142.0,152.0,6.0
2010,2010-05-09,1980-01-19,McLaren,Circuit de Barcelona-Catalunya,Race circuit,Jenson Button,5,9,11068,2000-03-12,3710,ESP,GBR,GBR,0,0,80991.0,81142.0,-152.0,5.0
2010,2010-05-09,1981-04-25,Ferrari,Circuit de Barcelona-Catalunya,Race circuit,Felipe Massa,5,9,10606,2002-03-03,2989,ESP,BRA,ITA,0,0,81585.0,81142.0,442.0,9.0
2010,2010-05-09,1984-12-07,Renault,Circuit de Barcelona-Catalunya,Race circuit,Robert Kubica,5,9,9284,2006-08-06,1372,ESP,POL,FRA,0,0,81353.0,81142.0,210.0,7.0
2010,2010-05-09,1986-09-13,Sauber,Circuit de Barcelona-Catalunya,Race circuit,Kamui Kobayashi,5,9,8639,2009-10-18,203,ESP,JPN,CHE,0,0,81725.0,81142.0,582.0,10.0
2010,2010-05-09,1985-06-27,Mercedes,Circuit de Barcelona-Catalunya,Race circuit,Nico Rosberg,5,9,9082,2006-03-12,1519,ESP,DEU,DEU,0,0,81408.0,81142.0,266.0,8.0
2010,2010-05-09,1985-01-07,McLaren,Circuit de Barcelona-Catalunya,Race circuit,Lewis Hamilton,5,9,9253,2007-03-18,1148,ESP,GBR,GBR,0,0,80829.0,81142.0,-314.0,3.0
2010,2010-05-16,1976-08-27,Red Bull,Circuit de Monaco,Street circuit,Mark Webber,5,16,12315,2002-03-03,2996,MCO,AUS,AUT,0,0,73826.0,74404.0,-578.0,1.0
2010,2010-05-16,1987-07-03,Red Bull,Circuit de Monaco,Street circuit,Sebastian Vettel,5,16,8353,2007-06-17,1064,MCO,DEU,AUT,0,0,74227.0,74404.0,-176.0,3.0
2010,2010-05-16,1984-12-07,Renault,Circuit de Monaco,Street circuit,Robert Kubica,5,16,9291,2006-08-06,1379,MCO,POL,FRA,0,0,74120.0,74404.0,-284.0,2.0
2010,2010-05-16,1981-04-25,Ferrari,Circuit de Monaco,Street circuit,Felipe Massa,5,16,10613,2002-03-03,2996,MCO,BRA,ITA,0,0,74283.0,74404.0,-120.0,4.0
2010,2010-05-16,1985-01-07,McLaren,Circuit de Monaco,Street circuit,Lewis Hamilton,5,16,9260,2007-03-18,1155,MCO,GBR,GBR,0,0,74432.0,74404.0,28.0,6.0
2010,2010-05-16,1985-06-27,Mercedes,Circuit de Monaco,Street circuit,Nico Rosberg,5,16,9089,2006-03-12,1526,MCO,DEU,DEU,0,0,74375.0,74404.0,-28.0,5.0
2010,2010-05-16,1980-08-06,Force India,Circuit de Monaco,Street circuit,Vitantonio Liuzzi,5,16,10875,2005-04-24,1848,MCO,ITA,IND,0,0,75061.0,74404.0,658.0,10.0
2010,2010-05-16,1969-01-03,Mercedes,Circuit de Monaco,Street circuit,Michael Schumacher,5,16,15108,1991-08-25,6839,MCO,DEU,DEU,0,0,74590.0,74404.0,186.0,7.0
2010,2010-05-16,1972-05-23,Williams,Circuit de Monaco,Street circuit,Rubens Barrichello,5,16,13872,1993-03-14,6272,MCO,BRA,GBR,0,0,74901.0,74404.0,498.0,9.0
2010,2010-05-16,1980-01-19,McLaren,Circuit de Monaco,Street circuit,Jenson Button,5,16,11075,2000-03-12,3717,MCO,GBR,GBR,0,0,74637.0,74404.0,234.0,8.0
2010,2010-05-30,1985-01-07,McLaren,Istanbul Park,Race circuit,Lewis Hamilton,5,30,9274,2007-03-18,1169,TUR,GBR,GBR,0,0,86433.0,86904.0,-472.0,2.0
2010,2010-05-30,1980-01-19,McLaren,Istanbul Park,Race circuit,Jenson Button,5,30,11089,2000-03-12,3731,TUR,GBR,GBR,0,0,86781.0,86904.0,-124.0,4.0
2010,2010-05-30,1976-08-27,Red Bull,Istanbul Park,Race circuit,Mark Webber,5,30,12329,2002-03-03,3010,TUR,AUS,AUT,0,0,86295.0,86904.0,-610.0,1.0
2010,2010-05-30,1969-01-03,Mercedes,Istanbul Park,Race circuit,Michael Schumacher,5,30,15122,1991-08-25,6853,TUR,DEU,DEU,0,0,86857.0,86904.0,-48.0,5.0
2010,2010-05-30,1985-06-27,Mercedes,Istanbul Park,Race circuit,Nico Rosberg,5,30,9103,2006-03-12,1540,TUR,DEU,DEU,0,0,86952.0,86904.0,48.0,6.0
2010,2010-05-30,1984-12-07,Renault,Istanbul Park,Race circuit,Robert Kubica,5,30,9305,2006-08-06,1393,TUR,POL,FRA,0,0,87039.0,86904.0,134.0,7.0
2010,2010-05-30,1981-04-25,Ferrari,Istanbul Park,Race circuit,Felipe Massa,5,30,10627,2002-03-03,3010,TUR,BRA,ITA,0,0,87082.0,86904.0,178.0,8.0
2010,2010-05-30,1986-09-13,Sauber,Istanbul Park,Race circuit,Kamui Kobayashi,5,30,8660,2009-10-18,224,TUR,JPN,CHE,0,0,87434.0,86904.0,530.0,10.0
2010,2010-05-30,1984-09-08,Renault,Istanbul Park,Race circuit,Vitaly Petrov,5,30,9395,2010-03-14,77,TUR,RUS,FRA,0,0,87387.0,86904.0,482.0,9.0
2010,2010-05-30,1987-07-03,Red Bull,Istanbul Park,Race circuit,Sebastian Vettel,5,30,8367,2007-06-17,1078,TUR,DEU,AUT,0,0,86729.0,86904.0,-176.0,3.0
2010,2010-06-13,1985-01-07,McLaren,Circuit Gilles Villeneuve,Street circuit,Lewis Hamilton,6,13,9288,2007-03-18,1183,CAN,GBR,GBR,0,0,75105.0,75584.0,-479.0,1.0
2010,2010-06-13,1980-01-19,McLaren,Circuit Gilles Villeneuve,Street circuit,Jenson Button,6,13,11103,2000-03-12,3745,CAN,GBR,GBR,0,0,75520.0,75584.0,-64.0,5.0
2010,2010-06-13,1981-07-29,Ferrari,Circuit Gilles Villeneuve,Street circuit,Fernando Alonso,6,13,10546,2001-03-04,3388,CAN,ESP,ITA,0,0,75435.0,75584.0,-149.0,4.0
2010,2010-06-13,1987-07-03,Red Bull,Circuit Gilles Villeneuve,Street circuit,Sebastian Vettel,6,13,8381,2007-06-17,1092,CAN,DEU,AUT,0,0,75420.0,75584.0,-164.0,3.0
2010,2010-06-13,1976-08-27,Red Bull,Circuit Gilles Villeneuve,Street circuit,Mark Webber,6,13,12343,2002-03-03,3024,CAN,AUS,AUT,0,0,75373.0,75584.0,-211.0,2.0
2010,2010-06-13,1985-06-27,Mercedes,Circuit Gilles Villeneuve,Street circuit,Nico Rosberg,6,13,9117,2006-03-12,1554,CAN,DEU,DEU,0,0,76001.0,75584.0,417.0,10.0
2010,2010-06-13,1984-12-07,Renault,Circuit Gilles Villeneuve,Street circuit,Robert Kubica,6,13,9319,2006-08-06,1407,CAN,POL,FRA,0,0,75682.0,75584.0,98.0,7.0
2010,2010-06-13,1980-08-06,Force India,Circuit Gilles Villeneuve,Street circuit,Vitantonio Liuzzi,6,13,10903,2005-04-24,1876,CAN,ITA,IND,0,0,75648.0,75584.0,64.0,6.0
2010,2010-06-13,1983-01-11,Force India,Circuit Gilles Villeneuve,Street circuit,Adrian Sutil,6,13,10015,2007-03-18,1183,CAN,DEU,IND,0,0,75881.0,75584.0,297.0,9.0
2010,2010-06-13,1981-04-25,Ferrari,Circuit Gilles Villeneuve,Street circuit,Felipe Massa,6,13,10641,2002-03-03,3024,CAN,BRA,ITA,0,0,75688.0,75584.0,104.0,8.0
2010,2010-06-27,1987-07-03,Red Bull,Valencia Street Circuit,Street circuit,Sebastian Vettel,6,27,8395,2007-06-17,1106,ESP,DEU,AUT,0,0,97587.0,98068.0,-482.0,1.0
2010,2010-06-27,1985-01-07,McLaren,Valencia Street Circuit,Street circuit,Lewis Hamilton,6,27,9302,2007-03-18,1197,ESP,GBR,GBR,0,0,97969.0,98068.0,-100.0,3.0
2010,2010-06-27,1980-01-19,McLaren,Valencia Street Circuit,Street circuit,Jenson Button,6,27,11117,2000-03-12,3759,ESP,GBR,GBR,0,0,98210.0,98068.0,142.0,7.0
2010,2010-06-27,1972-05-23,Williams,Valencia Street Circuit,Street circuit,Rubens Barrichello,6,27,13914,1993-03-14,6314,ESP,BRA,GBR,0,0,98326.0,98068.0,258.0,8.0
2010,2010-06-27,1984-12-07,Renault,Valencia Street Circuit,Street circuit,Robert Kubica,6,27,9333,2006-08-06,1421,ESP,POL,FRA,0,0,98062.0,98068.0,-6.0,5.0
2010,2010-06-27,1981-07-29,Ferrari,Valencia Street Circuit,Street circuit,Fernando Alonso,6,27,10560,2001-03-04,3402,ESP,ESP,ITA,1,0,98075.0,98068.0,6.0,6.0
2010,2010-06-27,1981-04-25,Ferrari,Valencia Street Circuit,Street circuit,Felipe Massa,6,27,10655,2002-03-03,3038,ESP,BRA,ITA,0,0,98046.0,98068.0,-22.0,4.0
2010,2010-06-27,1984-09-08,Renault,Valencia Street Circuit,Street circuit,Vitaly Petrov,6,27,9423,2010-03-14,105,ESP,RUS,FRA,0,0,98523.0,98068.0,454.0,10.0
2010,2010-06-27,1987-08-19,Williams,Valencia Street Circuit,Street circuit,Nico Hülkenberg,6,27,8348,2010-03-14,105,ESP,DEU,GBR,0,0,98428.0,98068.0,360.0,9.0
2010,2010-06-27,1976-08-27,Red Bull,Valencia Street Circuit,Street circuit,Mark Webber,6,27,12357,2002-03-03,3038,ESP,AUS,AUT,0,0,97662.0,98068.0,-406.0,2.0
2010,2010-07-11,1976-08-27,Red Bull,Silverstone Circuit,Race circuit,Mark Webber,7,11,12371,2002-03-03,3052,GBR,AUS,AUT,0,0,89758.0,90818.0,-1060.0,2.0
2010,2010-07-11,1985-01-07,McLaren,Silverstone Circuit,Race circuit,Lewis Hamilton,7,11,9316,2007-03-18,1211,GBR,GBR,GBR,1,1,90556.0,90818.0,-262.0,4.0
2010,2010-07-11,1985-06-27,Mercedes,Silverstone Circuit,Race circuit,Nico Rosberg,7,11,9145,2006-03-12,1582,GBR,DEU,DEU,0,0,90625.0,90818.0,-192.0,5.0
2010,2010-07-11,1972-05-23,Williams,Silverstone Circuit,Race circuit,Rubens Barrichello,7,11,13928,1993-03-14,6328,GBR,BRA,GBR,0,1,91126.0,90818.0,308.0,9.0
2010,2010-07-11,1987-07-03,Red Bull,Silverstone Circuit,Race circuit,Sebastian Vettel,7,11,8409,2007-06-17,1120,GBR,DEU,AUT,0,0,89615.0,90818.0,-1202.0,1.0
2010,2010-07-11,1969-01-03,Mercedes,Silverstone Circuit,Race circuit,Michael Schumacher,7,11,15164,1991-08-25,6895,GBR,DEU,DEU,0,0,91022.0,90818.0,204.0,7.0
2010,2010-07-11,1981-07-29,Ferrari,Silverstone Circuit,Race circuit,Fernando Alonso,7,11,10574,2001-03-04,3416,GBR,ESP,ITA,0,0,90426.0,90818.0,-392.0,3.0
2010,2010-07-11,1981-04-25,Ferrari,Silverstone Circuit,Race circuit,Felipe Massa,7,11,10669,2002-03-03,3052,GBR,BRA,ITA,0,0,91010.0,90818.0,192.0,6.0
2010,2010-07-11,1971-02-24,Sauber,Silverstone Circuit,Race circuit,Pedro de la Rosa,7,11,14382,1999-03-07,4144,GBR,ESP,CHE,0,0,91274.0,90818.0,456.0,10.0
2010,2010-07-11,1984-12-07,Renault,Silverstone Circuit,Race circuit,Robert Kubica,7,11,9347,2006-08-06,1435,GBR,POL,FRA,0,0,91040.0,90818.0,222.0,8.0
2010,2010-07-25,1981-07-29,Ferrari,Hockenheimring,Race circuit,Fernando Alonso,7,25,10588,2001-03-04,3430,DEU,ESP,ITA,0,0,73793.0,74458.0,-664.0,2.0
2010,2010-07-25,1981-04-25,Ferrari,Hockenheimring,Race circuit,Felipe Massa,7,25,10683,2002-03-03,3066,DEU,BRA,ITA,0,0,74290.0,74458.0,-168.0,3.0
2010,2010-07-25,1987-07-03,Red Bull,Hockenheimring,Race circuit,Sebastian Vettel,7,25,8423,2007-06-17,1134,DEU,DEU,AUT,1,0,73791.0,74458.0,-666.0,1.0
2010,2010-07-25,1985-01-07,McLaren,Hockenheimring,Race circuit,Lewis Hamilton,7,25,9330,2007-03-18,1225,DEU,GBR,GBR,0,0,74488.0,74458.0,30.0,6.0
2010,2010-07-25,1980-01-19,McLaren,Hockenheimring,Race circuit,Jenson Button,7,25,11145,2000-03-12,3787,DEU,GBR,GBR,0,0,74427.0,74458.0,-30.0,5.0
2010,2010-07-25,1976-08-27,Red Bull,Hockenheimring,Race circuit,Mark Webber,7,25,12385,2002-03-03,3066,DEU,AUS,AUT,0,0,74340.0,74458.0,-118.0,4.0
2010,2010-07-25,1984-12-07,Renault,Hockenheimring,Race circuit,Robert Kubica,7,25,9361,2006-08-06,1449,DEU,POL,FRA,0,0,74835.0,74458.0,378.0,8.0
2010,2010-07-25,1985-06-27,Mercedes,Hockenheimring,Race circuit,Nico Rosberg,7,25,9159,2006-03-12,1596,DEU,DEU,DEU,1,1,75018.0,74458.0,560.0,10.0
2010,2010-07-25,1972-05-23,Williams,Hockenheimring,Race circuit,Rubens Barrichello,7,25,13942,1993-03-14,6342,DEU,BRA,GBR,0,0,74698.0,74458.0,240.0,7.0
2010,2010-07-25,1987-08-19,Williams,Hockenheimring,Race circuit,Nico Hülkenberg,7,25,8376,2010-03-14,133,DEU,DEU,GBR,1,0,74943.0,74458.0,486.0,9.0
2010,2010-08-01,1976-08-27,Red Bull,Hungaroring,Race circuit,Mark Webber,8,1,12392,2002-03-03,3073,HUN,AUS,AUT,0,0,79184.0,80648.0,-1464.0,2.0
2010,2010-08-01,1981-07-29,Ferrari,Hungaroring,Race circuit,Fernando Alonso,8,1,10595,2001-03-04,3437,HUN,ESP,ITA,0,0,79987.0,80648.0,-661.0,3.0
2010,2010-08-01,1987-07-03,Red Bull,Hungaroring,Race circuit,Sebastian Vettel,8,1,8430,2007-06-17,1141,HUN,DEU,AUT,0,0,78773.0,80648.0,-1875.0,1.0
2010,2010-08-01,1981-04-25,Ferrari,Hungaroring,Race circuit,Felipe Massa,8,1,10690,2002-03-03,3073,HUN,BRA,ITA,0,0,80331.0,80648.0,-317.0,4.0
2010,2010-08-01,1984-09-08,Renault,Hungaroring,Race circuit,Vitaly Petrov,8,1,9458,2010-03-14,140,HUN,RUS,FRA,0,0,80797.0,80648.0,149.0,6.0
2010,2010-08-01,1987-08-19,Williams,Hungaroring,Race circuit,Nico Hülkenberg,8,1,8383,2010-03-14,140,HUN,DEU,GBR,0,0,81275.0,80648.0,627.0,10.0
2010,2010-08-01,1971-02-24,Sauber,Hungaroring,Race circuit,Pedro de la Rosa,8,1,14403,1999-03-07,4165,HUN,ESP,CHE,0,0,81273.0,80648.0,625.0,9.0
2010,2010-08-01,1985-01-07,McLaren,Hungaroring,Race circuit,Lewis Hamilton,8,1,9337,2007-03-18,1232,HUN,GBR,GBR,0,0,80499.0,80648.0,-149.0,5.0
2010,2010-08-01,1984-12-07,Renault,Hungaroring,Race circuit,Robert Kubica,8,1,9368,2006-08-06,1456,HUN,POL,FRA,0,0,80867.0,80648.0,219.0,8.0
2010,2010-08-01,1985-06-27,Mercedes,Hungaroring,Race circuit,Nico Rosberg,8,1,9166,2006-03-12,1603,HUN,DEU,DEU,0,0,80811.0,80648.0,163.0,7.0
2010,2010-08-29,1985-01-07,McLaren,Circuit de Spa-Francorchamps,Race circuit,Lewis Hamilton,8,29,9365,2007-03-18,1260,BEL,GBR,GBR,0,0,105863.0,106260.0,-397.0,2.0
2010,2010-08-29,1976-08-27,Red Bull,Circuit de Spa-Francorchamps,Race circuit,Mark Webber,8,29,12420,2002-03-03,3101,BEL,AUS,AUT,0,0,105778.0,106260.0,-482.0,1.0
2010,2010-08-29,1984-12-07,Renault,Circuit de Spa-Francorchamps,Race circuit,Robert Kubica,8,29,9396,2006-08-06,1484,BEL,POL,FRA,0,0,106100.0,106260.0,-160.0,3.0
2010,2010-08-29,1981-04-25,Ferrari,Circuit de Spa-Francorchamps,Race circuit,Felipe Massa,8,29,10718,2002-03-03,3101,BEL,BRA,ITA,0,0,106314.0,106260.0,54.0,6.0
2010,2010-08-29,1983-01-11,Force India,Circuit de Spa-Francorchamps,Race circuit,Adrian Sutil,8,29,10092,2007-03-18,1260,BEL,DEU,IND,0,0,106659.0,106260.0,399.0,8.0
2010,2010-08-29,1987-08-19,Williams,Circuit de Spa-Francorchamps,Race circuit,Nico Hülkenberg,8,29,8411,2010-03-14,168,BEL,DEU,GBR,0,0,107053.0,106260.0,793.0,9.0
2010,2010-08-29,1987-07-03,Red Bull,Circuit de Spa-Francorchamps,Race circuit,Sebastian Vettel,8,29,8458,2007-06-17,1169,BEL,DEU,AUT,0,0,106127.0,106260.0,-133.0,4.0
2010,2010-08-29,1981-07-29,Ferrari,Circuit de Spa-Francorchamps,Race circuit,Fernando Alonso,8,29,10623,2001-03-04,3465,BEL,ESP,ITA,0,0,107441.0,106260.0,1181.0,10.0
2010,2010-08-29,1980-01-19,McLaren,Circuit de Spa-Francorchamps,Race circuit,Jenson Button,8,29,11180,2000-03-12,3822,BEL,GBR,GBR,0,0,106206.0,106260.0,-54.0,5.0
2010,2010-08-29,1972-05-23,Williams,Circuit de Spa-Francorchamps,Race circuit,Rubens Barrichello,8,29,13977,1993-03-14,6377,BEL,BRA,GBR,0,0,106602.0,106260.0,342.0,7.0
2010,2010-09-12,1981-07-29,Ferrari,Autodromo Nazionale di Monza,Race circuit,Fernando Alonso,9,12,10637,2001-03-04,3479,ITA,ESP,ITA,0,1,81962.0,82554.0,-592.0,1.0
2010,2010-09-12,1980-01-19,McLaren,Autodromo Nazionale di Monza,Race circuit,Jenson Button,9,12,11194,2000-03-12,3836,ITA,GBR,GBR,0,0,82084.0,82554.0,-470.0,2.0
2010,2010-09-12,1981-04-25,Ferrari,Autodromo Nazionale di Monza,Race circuit,Felipe Massa,9,12,10732,2002-03-03,3115,ITA,BRA,ITA,0,1,82293.0,82554.0,-261.0,3.0
2010,2010-09-12,1987-07-03,Red Bull,Autodromo Nazionale di Monza,Race circuit,Sebastian Vettel,9,12,8472,2007-06-17,1183,ITA,DEU,AUT,0,0,82675.0,82554.0,121.0,6.0
2010,2010-09-12,1985-06-27,Mercedes,Autodromo Nazionale di Monza,Race circuit,Nico Rosberg,9,12,9208,2006-03-12,1645,ITA,DEU,DEU,0,0,83027.0,82554.0,473.0,9.0
2010,2010-09-12,1976-08-27,Red Bull,Autodromo Nazionale di Monza,Race circuit,Mark Webber,9,12,12434,2002-03-03,3115,ITA,AUS,AUT,0,0,82433.0,82554.0,-121.0,5.0
2010,2010-09-12,1987-08-19,Williams,Autodromo Nazionale di Monza,Race circuit,Nico Hülkenberg,9,12,8425,2010-03-14,182,ITA,DEU,GBR,0,0,82989.0,82554.0,435.0,8.0
2010,2010-09-12,1984-12-07,Renault,Autodromo Nazionale di Monza,Race circuit,Robert Kubica,9,12,9410,2006-08-06,1498,ITA,POL,FRA,0,0,82880.0,82554.0,326.0,7.0
2010,2010-09-12,1972-05-23,Williams,Autodromo Nazionale di Monza,Race circuit,Rubens Barrichello,9,12,13991,1993-03-14,6391,ITA,BRA,GBR,0,0,83142.0,82554.0,588.0,10.0
2010,2010-09-12,1985-01-07,McLaren,Autodromo Nazionale di Monza,Race circuit,Lewis Hamilton,9,12,9379,2007-03-18,1274,ITA,GBR,GBR,0,0,82394.0,82554.0,-160.0,4.0
2010,2010-09-26,1981-07-29,Ferrari,Marina Bay Street Circuit,Street circuit,Fernando Alonso,9,26,10651,2001-03-04,3493,SGP,ESP,ITA,0,0,105390.0,106090.0,-700.0,1.0
2010,2010-09-26,1987-07-03,Red Bull,Marina Bay Street Circuit,Street circuit,Sebastian Vettel,9,26,8486,2007-06-17,1197,SGP,DEU,AUT,0,0,105457.0,106090.0,-633.0,2.0
2010,2010-09-26,1976-08-27,Red Bull,Marina Bay Street Circuit,Street circuit,Mark Webber,9,26,12448,2002-03-03,3129,SGP,AUS,AUT,0,0,105908.0,106090.0,-182.0,4.0
2010,2010-09-26,1980-01-19,McLaren,Marina Bay Street Circuit,Street circuit,Jenson Button,9,26,11208,2000-03-12,3850,SGP,GBR,GBR,0,0,105944.0,106090.0,-146.0,5.0
2010,2010-09-26,1985-06-27,Mercedes,Marina Bay Street Circuit,Street circuit,Nico Rosberg,9,26,9222,2006-03-12,1659,SGP,DEU,DEU,0,0,106443.0,106090.0,353.0,7.0
2010,2010-09-26,1972-05-23,Williams,Marina Bay Street Circuit,Street circuit,Rubens Barrichello,9,26,14005,1993-03-14,6405,SGP,BRA,GBR,0,0,106236.0,106090.0,146.0,6.0
2010,2010-09-26,1984-12-07,Renault,Marina Bay Street Circuit,Street circuit,Robert Kubica,9,26,9424,2006-08-06,1512,SGP,POL,FRA,0,0,106593.0,106090.0,503.0,8.0
2010,2010-09-26,1969-01-03,Mercedes,Marina Bay Street Circuit,Street circuit,Michael Schumacher,9,26,15241,1991-08-25,6972,SGP,DEU,DEU,0,0,106702.0,106090.0,612.0,9.0
2010,2010-09-26,1985-01-07,McLaren,Marina Bay Street Circuit,Street circuit,Lewis Hamilton,9,26,9393,2007-03-18,1288,SGP,GBR,GBR,0,0,105571.0,106090.0,-519.0,3.0
2010,2010-09-26,1986-09-13,Sauber,Marina Bay Street Circuit,Street circuit,Kamui Kobayashi,9,26,8779,2009-10-18,343,SGP,JPN,CHE,0,0,107559.0,106090.0,1469.0,10.0
2010,2010-10-10,1987-07-03,Red Bull,Suzuka Circuit,Race circuit,Sebastian Vettel,10,10,8500,2007-06-17,1211,JPN,DEU,AUT,0,0,90785.0,91365.0,-580.0,1.0
2010,2010-10-10,1976-08-27,Red Bull,Suzuka Circuit,Race circuit,Mark Webber,10,10,12462,2002-03-03,3143,JPN,AUS,AUT,0,0,90853.0,91365.0,-512.0,2.0
2010,2010-10-10,1981-07-29,Ferrari,Suzuka Circuit,Race circuit,Fernando Alonso,10,10,10665,2001-03-04,3507,JPN,ESP,ITA,0,0,91352.0,91365.0,-13.0,5.0
2010,2010-10-10,1980-01-19,McLaren,Suzuka Circuit,Race circuit,Jenson Button,10,10,11222,2000-03-12,3864,JPN,GBR,GBR,0,0,91378.0,91365.0,13.0,6.0
2010,2010-10-10,1985-01-07,McLaren,Suzuka Circuit,Race circuit,Lewis Hamilton,10,10,9407,2007-03-18,1302,JPN,GBR,GBR,0,0,91169.0,91365.0,-196.0,3.0
2010,2010-10-10,1969-01-03,Mercedes,Suzuka Circuit,Race circuit,Michael Schumacher,10,10,15255,1991-08-25,6986,JPN,DEU,DEU,0,0,91846.0,91365.0,481.0,10.0
2010,2010-10-10,1972-05-23,Williams,Suzuka Circuit,Race circuit,Rubens Barrichello,10,10,14019,1993-03-14,6419,JPN,BRA,GBR,0,0,91535.0,91365.0,170.0,8.0
2010,2010-10-10,1985-06-27,Mercedes,Suzuka Circuit,Race circuit,Nico Rosberg,10,10,9236,2006-03-12,1673,JPN,DEU,DEU,0,0,91494.0,91365.0,129.0,7.0
2010,2010-10-10,1984-12-07,Renault,Suzuka Circuit,Race circuit,Robert Kubica,10,10,9438,2006-08-06,1526,JPN,POL,FRA,0,0,91231.0,91365.0,-134.0,4.0
2010,2010-10-10,1987-08-19,Williams,Suzuka Circuit,Race circuit,Nico Hülkenberg,10,10,8453,2010-03-14,210,JPN,DEU,GBR,0,0,91559.0,91365.0,194.0,9.0
2010,2010-10-24,1981-07-29,Ferrari,Korean International Circuit,Race circuit,Fernando Alonso,10,24,10679,2001-03-04,3521,KOR,ESP,ITA,0,0,95766.0,96352.0,-586.0,3.0
2010,2010-10-24,1985-01-07,McLaren,Korean International Circuit,Race circuit,Lewis Hamilton,10,24,9421,2007-03-18,1316,KOR,GBR,GBR,0,0,96062.0,96352.0,-290.0,4.0
2010,2010-10-24,1981-04-25,Ferrari,Korean International Circuit,Race circuit,Felipe Massa,10,24,10774,2002-03-03,3157,KOR,BRA,ITA,0,0,96169.0,96352.0,-183.0,5.0
2010,2010-10-24,1969-01-03,Mercedes,Korean International Circuit,Race circuit,Michael Schumacher,10,24,15269,1991-08-25,7000,KOR,DEU,DEU,0,0,96950.0,96352.0,598.0,9.0
2010,2010-10-24,1984-12-07,Renault,Korean International Circuit,Race circuit,Robert Kubica,10,24,9452,2006-08-06,1540,KOR,POL,FRA,0,0,96824.0,96352.0,472.0,8.0
2010,2010-10-24,1972-05-23,Williams,Korean International Circuit,Race circuit,Rubens Barrichello,10,24,14033,1993-03-14,6433,KOR,BRA,GBR,0,0,96998.0,96352.0,646.0,10.0
2010,2010-10-24,1980-01-19,McLaren,Korean International Circuit,Race circuit,Jenson Button,10,24,11236,2000-03-12,3878,KOR,GBR,GBR,0,0,96731.0,96352.0,379.0,7.0
2010,2010-10-24,1987-07-03,Red Bull,Korean International Circuit,Race circuit,Sebastian Vettel,10,24,8514,2007-06-17,1225,KOR,DEU,AUT,0,0,95585.0,96352.0,-767.0,1.0
2010,2010-10-24,1976-08-27,Red Bull,Korean International Circuit,Race circuit,Mark Webber,10,24,12476,2002-03-03,3157,KOR,AUS,AUT,0,0,95659.0,96352.0,-693.0,2.0
2010,2010-10-24,1985-06-27,Mercedes,Korean International Circuit,Race circuit,Nico Rosberg,10,24,9250,2006-03-12,1687,KOR,DEU,DEU,0,0,96535.0,96352.0,183.0,6.0
2010,2010-11-07,1987-07-03,Red Bull,Autódromo José Carlos Pace,Race circuit,Sebastian Vettel,11,7,8528,2007-06-17,1239,BRA,DEU,AUT,0,0,75519.0,76096.0,-577.0,2.0
2010,2010-11-07,1976-08-27,Red Bull,Autódromo José Carlos Pace,Race circuit,Mark Webber,11,7,12490,2002-03-03,3171,BRA,AUS,AUT,0,0,75637.0,76096.0,-459.0,3.0
2010,2010-11-07,1981-07-29,Ferrari,Autódromo José Carlos Pace,Race circuit,Fernando Alonso,11,7,10693,2001-03-04,3535,BRA,ESP,ITA,0,0,75989.0,76096.0,-107.0,5.0
2010,2010-11-07,1985-01-07,McLaren,Autódromo José Carlos Pace,Race circuit,Lewis Hamilton,11,7,9435,2007-03-18,1330,BRA,GBR,GBR,0,0,75747.0,76096.0,-349.0,4.0
2010,2010-11-07,1969-01-03,Mercedes,Autódromo José Carlos Pace,Race circuit,Michael Schumacher,11,7,15283,1991-08-25,7014,BRA,DEU,DEU,0,0,76925.0,76096.0,829.0,8.0
2010,2010-11-07,1987-08-19,Williams,Autódromo José Carlos Pace,Race circuit,Nico Hülkenberg,11,7,8481,2010-03-14,238,BRA,DEU,GBR,0,0,74470.0,76096.0,-1626.0,1.0
2010,2010-11-07,1984-12-07,Renault,Autódromo José Carlos Pace,Race circuit,Robert Kubica,11,7,9466,2006-08-06,1554,BRA,POL,FRA,0,0,76552.0,76096.0,456.0,7.0
2010,2010-11-07,1972-05-23,Williams,Autódromo José Carlos Pace,Race circuit,Rubens Barrichello,11,7,14047,1993-03-14,6447,BRA,BRA,GBR,1,0,76203.0,76096.0,107.0,6.0
2010,2010-11-07,1981-04-25,Ferrari,Autódromo José Carlos Pace,Race circuit,Felipe Massa,11,7,10788,2002-03-03,3171,BRA,BRA,ITA,1,0,77101.0,76096.0,1005.0,9.0
2010,2010-11-07,1984-09-08,Renault,Autódromo José Carlos Pace,Race circuit,Vitaly Petrov,11,7,9556,2010-03-14,238,BRA,RUS,FRA,0,0,77656.0,76096.0,1560.0,10.0
2010,2010-11-14,1987-07-03,Red Bull,Yas Marina Circuit,Race circuit,Sebastian Vettel,11,14,8535,2007-06-17,1246,ARE,DEU,AUT,0,0,99394.0,99992.0,-598.0,1.0
2010,2010-11-14,1985-01-07,McLaren,Yas Marina Circuit,Race circuit,Lewis Hamilton,11,14,9442,2007-03-18,1337,ARE,GBR,GBR,0,0,99425.0,99992.0,-568.0,2.0
2010,2010-11-14,1980-01-19,McLaren,Yas Marina Circuit,Race circuit,Jenson Button,11,14,11257,2000-03-12,3899,ARE,GBR,GBR,0,0,99823.0,99992.0,-170.0,4.0
2010,2010-11-14,1985-06-27,Mercedes,Yas Marina Circuit,Race circuit,Nico Rosberg,11,14,9271,2006-03-12,1708,ARE,DEU,DEU,0,0,100060.0,99992.0,68.0,6.0
2010,2010-11-14,1984-09-08,Renault,Yas Marina Circuit,Race circuit,Vitaly Petrov,11,14,9563,2010-03-14,245,ARE,RUS,FRA,0,0,100658.0,99992.0,666.0,10.0
2010,2010-11-14,1981-07-29,Ferrari,Yas Marina Circuit,Race circuit,Fernando Alonso,11,14,10700,2001-03-04,3542,ARE,ESP,ITA,0,0,99792.0,99992.0,-200.0,3.0
2010,2010-11-14,1976-08-27,Red Bull,Yas Marina Circuit,Race circuit,Mark Webber,11,14,12497,2002-03-03,3178,ARE,AUS,AUT,0,0,99925.0,99992.0,-68.0,5.0
2010,2010-11-14,1981-04-25,Ferrari,Yas Marina Circuit,Race circuit,Felipe Massa,11,14,10795,2002-03-03,3178,ARE,BRA,ITA,0,0,100202.0,99992.0,210.0,7.0
2010,2010-11-14,1972-05-23,Williams,Yas Marina Circuit,Race circuit,Rubens Barrichello,11,14,14054,1993-03-14,6454,ARE,BRA,GBR,0,0,100203.0,99992.0,210.0,7.0
2010,2010-11-14,1969-01-03,Mercedes,Yas Marina Circuit,Race circuit,Michael Schumacher,11,14,15290,1991-08-25,7021,ARE,DEU,DEU,0,0,100452.0,99992.0,460.0,9.0
2011,2011-03-27,1987-07-03,Red Bull,Albert Park Grand Prix Circuit,Street circuit,Sebastian Vettel,3,27,8668,2007-06-17,1379,AUS,DEU,AUT,0,0,83529.0,85110.0,-1582.0,1.0
2011,2011-03-27,1985-01-07,McLaren,Albert Park Grand Prix Circuit,Street circuit,Lewis Hamilton,3,27,9575,2007-03-18,1470,AUS,GBR,GBR,0,0,84307.0,85110.0,-804.0,2.0
2011,2011-03-27,1984-09-08,Renault,Albert Park Grand Prix Circuit,Street circuit,Vitaly Petrov,3,27,9696,2010-03-14,378,AUS,RUS,FRA,0,0,85247.0,85110.0,136.0,6.0
2011,2011-03-27,1981-07-29,Ferrari,Albert Park Grand Prix Circuit,Street circuit,Fernando Alonso,3,27,10833,2001-03-04,3675,AUS,ESP,ITA,0,0,84974.0,85110.0,-136.0,5.0
2011,2011-03-27,1976-08-27,Red Bull,Albert Park Grand Prix Circuit,Street circuit,Mark Webber,3,27,12630,2002-03-03,3311,AUS,AUS,AUT,1,0,84395.0,85110.0,-716.0,3.0
2011,2011-03-27,1980-01-19,McLaren,Albert Park Grand Prix Circuit,Street circuit,Jenson Button,3,27,11390,2000-03-12,4032,AUS,GBR,GBR,0,0,84779.0,85110.0,-332.0,4.0
2011,2011-03-27,1981-04-25,Ferrari,Albert Park Grand Prix Circuit,Street circuit,Felipe Massa,3,27,10928,2002-03-03,3311,AUS,BRA,ITA,0,0,85599.0,85110.0,488.0,9.0
2011,2011-03-27,1988-10-31,Toro Rosso,Albert Park Grand Prix Circuit,Street circuit,Sébastien Buemi,3,27,8182,2009-03-29,728,AUS,CHE,ITA,0,0,85882.0,85110.0,772.0,10.0
2011,2011-03-27,1985-06-27,Mercedes,Albert Park Grand Prix Circuit,Street circuit,Nico Rosberg,3,27,9404,2006-03-12,1841,AUS,DEU,DEU,0,0,85421.0,85110.0,310.0,8.0
2011,2011-03-27,1986-09-13,Sauber,Albert Park Grand Prix Circuit,Street circuit,Kamui Kobayashi,3,27,8961,2009-10-18,525,AUS,JPN,CHE,0,0,85405.0,85110.0,294.0,7.0
2011,2011-04-10,1987-07-03,Red Bull,Sepang International Circuit,Race circuit,Sebastian Vettel,4,10,8682,2007-06-17,1393,MYS,DEU,AUT,0,0,94870.0,95963.0,-1093.0,1.0
2011,2011-04-10,1980-01-19,McLaren,Sepang International Circuit,Race circuit,Jenson Button,4,10,11404,2000-03-12,4046,MYS,GBR,GBR,0,0,95200.0,95963.0,-763.0,4.0
2011,2011-04-10,1977-05-10,Renault,Sepang International Circuit,Race circuit,Nick Heidfeld,4,10,12388,2000-03-12,4046,MYS,DEU,FRA,0,0,96124.0,95963.0,161.0,6.0
2011,2011-04-10,1976-08-27,Red Bull,Sepang International Circuit,Race circuit,Mark Webber,4,10,12644,2002-03-03,3325,MYS,AUS,AUT,0,0,95179.0,95963.0,-784.0,3.0
2011,2011-04-10,1981-04-25,Ferrari,Sepang International Circuit,Race circuit,Felipe Massa,4,10,10942,2002-03-03,3325,MYS,BRA,ITA,0,0,96251.0,95963.0,288.0,7.0
2011,2011-04-10,1981-07-29,Ferrari,Sepang International Circuit,Race circuit,Fernando Alonso,4,10,10847,2001-03-04,3689,MYS,ESP,ITA,0,0,95802.0,95963.0,-161.0,5.0
2011,2011-04-10,1986-09-13,Sauber,Sepang International Circuit,Race circuit,Kamui Kobayashi,4,10,8975,2009-10-18,539,MYS,JPN,CHE,0,0,96691.0,95963.0,728.0,10.0
2011,2011-04-10,1985-01-07,McLaren,Sepang International Circuit,Race circuit,Lewis Hamilton,4,10,9589,2007-03-18,1484,MYS,GBR,GBR,0,0,94974.0,95963.0,-989.0,2.0
2011,2011-04-10,1985-06-27,Mercedes,Sepang International Circuit,Race circuit,Nico Rosberg,4,10,9418,2006-03-12,1855,MYS,DEU,DEU,0,0,96388.0,95963.0,425.0,9.0
2011,2011-04-10,1984-09-08,Renault,Sepang International Circuit,Race circuit,Vitaly Petrov,4,10,9710,2010-03-14,392,MYS,RUS,FRA,0,0,96324.0,95963.0,361.0,8.0
2011,2011-04-17,1985-01-07,McLaren,Shanghai International Circuit,Race circuit,Lewis Hamilton,4,17,9596,2007-03-18,1491,CHN,GBR,GBR,0,0,94463.0,95119.0,-656.0,3.0
2011,2011-04-17,1987-07-03,Red Bull,Shanghai International Circuit,Race circuit,Sebastian Vettel,4,17,8689,2007-06-17,1400,CHN,DEU,AUT,0,0,93706.0,95119.0,-1413.0,1.0
2011,2011-04-17,1980-01-19,McLaren,Shanghai International Circuit,Race circuit,Jenson Button,4,17,11411,2000-03-12,4053,CHN,GBR,GBR,0,0,94421.0,95119.0,-698.0,2.0
2011,2011-04-17,1985-06-27,Mercedes,Shanghai International Circuit,Race circuit,Nico Rosberg,4,17,9425,2006-03-12,1862,CHN,DEU,DEU,0,0,94670.0,95119.0,-449.0,4.0
2011,2011-04-17,1981-04-25,Ferrari,Shanghai International Circuit,Race circuit,Felipe Massa,4,17,10949,2002-03-03,3332,CHN,BRA,ITA,0,0,95145.0,95119.0,26.0,6.0
2011,2011-04-17,1981-07-29,Ferrari,Shanghai International Circuit,Race circuit,Fernando Alonso,4,17,10854,2001-03-04,3696,CHN,ESP,ITA,0,0,95119.0,95119.0,0.0,5.0
2011,2011-04-17,1986-04-16,Force India,Shanghai International Circuit,Race circuit,Paul di Resta,4,17,9132,2011-03-27,21,CHN,GBR,IND,0,0,95702.0,95119.0,583.0,9.0
2011,2011-04-17,1988-10-31,Toro Rosso,Shanghai International Circuit,Race circuit,Sébastien Buemi,4,17,8203,2009-03-29,749,CHN,CHE,ITA,0,0,95500.0,95119.0,381.0,7.0
2011,2011-04-17,1990-03-23,Toro Rosso,Shanghai International Circuit,Race circuit,Jaime Alguersuari,4,17,7695,2009-07-26,630,CHN,ESP,ITA,0,0,95563.0,95119.0,444.0,8.0
2011,2011-05-08,1987-07-03,Red Bull,Istanbul Park,Race circuit,Sebastian Vettel,5,8,8710,2007-06-17,1421,TUR,DEU,AUT,0,0,85049.0,85851.0,-802.0,1.0
2011,2011-05-08,1976-08-27,Red Bull,Istanbul Park,Race circuit,Mark Webber,5,8,12672,2002-03-03,3353,TUR,AUS,AUT,0,0,85454.0,85851.0,-397.0,2.0
2011,2011-05-08,1981-07-29,Ferrari,Istanbul Park,Race circuit,Fernando Alonso,5,8,10875,2001-03-04,3717,TUR,ESP,ITA,0,0,85851.0,85851.0,0.0,5.0
2011,2011-05-08,1985-01-07,McLaren,Istanbul Park,Race circuit,Lewis Hamilton,5,8,9617,2007-03-18,1512,TUR,GBR,GBR,0,0,85595.0,85851.0,-256.0,4.0
2011,2011-05-08,1985-06-27,Mercedes,Istanbul Park,Race circuit,Nico Rosberg,5,8,9446,2006-03-12,1883,TUR,DEU,DEU,0,0,85574.0,85851.0,-277.0,3.0
2011,2011-05-08,1980-01-19,McLaren,Istanbul Park,Race circuit,Jenson Button,5,8,11432,2000-03-12,4074,TUR,GBR,GBR,0,0,85982.0,85851.0,131.0,6.0
2011,2011-05-08,1977-05-10,Renault,Istanbul Park,Race circuit,Nick Heidfeld,5,8,12416,2000-03-12,4074,TUR,DEU,FRA,0,0,86659.0,85851.0,808.0,9.0
2011,2011-05-08,1984-09-08,Renault,Istanbul Park,Race circuit,Vitaly Petrov,5,8,9738,2010-03-14,420,TUR,RUS,FRA,0,0,86296.0,85851.0,445.0,8.0
2011,2011-05-08,1969-01-03,Mercedes,Istanbul Park,Race circuit,Michael Schumacher,5,8,15465,1991-08-25,7196,TUR,DEU,DEU,0,0,86121.0,85851.0,270.0,7.0
2011,2011-05-22,1987-07-03,Red Bull,Circuit de Barcelona-Catalunya,Race circuit,Sebastian Vettel,5,22,8724,2007-06-17,1435,ESP,DEU,AUT,0,0,81181.0,81996.0,-815.0,2.0
2011,2011-05-22,1985-01-07,McLaren,Circuit de Barcelona-Catalunya,Race circuit,Lewis Hamilton,5,22,9631,2007-03-18,1526,ESP,GBR,GBR,0,0,81961.0,81996.0,-35.0,3.0
2011,2011-05-22,1980-01-19,McLaren,Circuit de Barcelona-Catalunya,Race circuit,Jenson Button,5,22,11446,2000-03-12,4088,ESP,GBR,GBR,0,0,81996.0,81996.0,0.0,5.0
2011,2011-05-22,1976-08-27,Red Bull,Circuit de Barcelona-Catalunya,Race circuit,Mark Webber,5,22,12686,2002-03-03,3367,ESP,AUS,AUT,0,0,80981.0,81996.0,-1015.0,1.0
2011,2011-05-22,1981-07-29,Ferrari,Circuit de Barcelona-Catalunya,Race circuit,Fernando Alonso,5,22,10889,2001-03-04,3731,ESP,ESP,ITA,1,0,81964.0,81996.0,-32.0,4.0
2011,2011-05-22,1985-06-27,Mercedes,Circuit de Barcelona-Catalunya,Race circuit,Nico Rosberg,5,22,9460,2006-03-12,1897,ESP,DEU,DEU,0,0,82569.0,81996.0,573.0,7.0
2011,2011-05-22,1984-09-08,Renault,Circuit de Barcelona-Catalunya,Race circuit,Vitaly Petrov,5,22,9752,2010-03-14,434,ESP,RUS,FRA,0,0,82471.0,81996.0,475.0,6.0
2011,2011-05-22,1985-03-09,Williams,Circuit de Barcelona-Catalunya,Race circuit,Pastor Maldonado,5,22,9570,2011-03-27,56,ESP,VEN,GBR,0,0,82854.0,81996.0,858.0,8.0
2011,2011-05-22,1981-04-25,Ferrari,Circuit de Barcelona-Catalunya,Race circuit,Felipe Massa,5,22,10984,2002-03-03,3367,ESP,BRA,ITA,0,0,82888.0,81996.0,892.0,9.0
2011,2011-05-29,1987-07-03,Red Bull,Circuit de Monaco,Street circuit,Sebastian Vettel,5,29,8731,2007-06-17,1442,MCO,DEU,AUT,0,0,73556.0,74483.0,-927.0,1.0
2011,2011-05-29,1981-07-29,Ferrari,Circuit de Monaco,Street circuit,Fernando Alonso,5,29,10896,2001-03-04,3738,MCO,ESP,ITA,0,0,74483.0,74483.0,0.0,5.0
2011,2011-05-29,1980-01-19,McLaren,Circuit de Monaco,Street circuit,Jenson Button,5,29,11453,2000-03-12,4095,MCO,GBR,GBR,0,0,73997.0,74483.0,-486.0,2.0
2011,2011-05-29,1976-08-27,Red Bull,Circuit de Monaco,Street circuit,Mark Webber,5,29,12693,2002-03-03,3374,MCO,AUS,AUT,0,0,74019.0,74483.0,-464.0,3.0
2011,2011-05-29,1985-01-07,McLaren,Circuit de Monaco,Street circuit,Lewis Hamilton,5,29,9638,2007-03-18,1533,MCO,GBR,GBR,0,0,74275.0,74483.0,-208.0,4.0
2011,2011-05-29,1985-06-27,Mercedes,Circuit de Monaco,Street circuit,Nico Rosberg,5,29,9467,2006-03-12,1904,MCO,DEU,DEU,0,0,74741.0,74483.0,258.0,8.0
2011,2011-05-29,1985-03-09,Williams,Circuit de Monaco,Street circuit,Pastor Maldonado,5,29,9577,2011-03-27,63,MCO,VEN,GBR,0,0,75545.0,74483.0,1062.0,9.0
2011,2011-05-29,1981-04-25,Ferrari,Circuit de Monaco,Street circuit,Felipe Massa,5,29,10991,2002-03-03,3374,MCO,BRA,ITA,0,0,74648.0,74483.0,165.0,6.0
2011,2011-05-29,1969-01-03,Mercedes,Circuit de Monaco,Street circuit,Michael Schumacher,5,29,15486,1991-08-25,7217,MCO,DEU,DEU,0,0,74682.0,74483.0,199.0,7.0
2011,2011-06-12,1980-01-19,McLaren,Circuit Gilles Villeneuve,Street circuit,Jenson Button,6,12,11467,2000-03-12,4109,CAN,GBR,GBR,0,0,73838.0,73690.0,148.0,7.0
2011,2011-06-12,1987-07-03,Red Bull,Circuit Gilles Villeneuve,Street circuit,Sebastian Vettel,6,12,8745,2007-06-17,1456,CAN,DEU,AUT,0,0,73014.0,73690.0,-676.0,1.0
2011,2011-06-12,1976-08-27,Red Bull,Circuit Gilles Villeneuve,Street circuit,Mark Webber,6,12,12707,2002-03-03,3388,CAN,AUS,AUT,0,0,73429.0,73690.0,-260.0,4.0
2011,2011-06-12,1969-01-03,Mercedes,Circuit Gilles Villeneuve,Street circuit,Michael Schumacher,6,12,15500,1991-08-25,7231,CAN,DEU,DEU,0,0,73864.0,73690.0,174.0,8.0
2011,2011-06-12,1984-09-08,Renault,Circuit Gilles Villeneuve,Street circuit,Vitaly Petrov,6,12,9773,2010-03-14,455,CAN,RUS,FRA,0,0,74085.0,73690.0,396.0,10.0
2011,2011-06-12,1981-04-25,Ferrari,Circuit Gilles Villeneuve,Street circuit,Felipe Massa,6,12,11005,2002-03-03,3388,CAN,BRA,ITA,0,0,73217.0,73690.0,-472.0,3.0
2011,2011-06-12,1985-06-27,Mercedes,Circuit Gilles Villeneuve,Street circuit,Nico Rosberg,6,12,9481,2006-03-12,1918,CAN,DEU,DEU,0,0,73814.0,73690.0,124.0,6.0
2011,2011-06-12,1977-05-10,Renault,Circuit Gilles Villeneuve,Street circuit,Nick Heidfeld,6,12,12451,2000-03-12,4109,CAN,DEU,FRA,0,0,74062.0,73690.0,372.0,9.0
2011,2011-06-12,1981-07-29,Ferrari,Circuit Gilles Villeneuve,Street circuit,Fernando Alonso,6,12,10910,2001-03-04,3752,CAN,ESP,ITA,0,0,73199.0,73690.0,-490.0,2.0
2011,2011-06-12,1985-01-07,McLaren,Circuit Gilles Villeneuve,Street circuit,Lewis Hamilton,6,12,9652,2007-03-18,1547,CAN,GBR,GBR,0,0,73565.0,73690.0,-124.0,5.0
2011,2011-06-26,1987-07-03,Red Bull,Valencia Street Circuit,Street circuit,Sebastian Vettel,6,26,8759,2007-06-17,1470,ESP,DEU,AUT,0,0,96975.0,97494.0,-520.0,1.0
2011,2011-06-26,1981-07-29,Ferrari,Valencia Street Circuit,Street circuit,Fernando Alonso,6,26,10924,2001-03-04,3766,ESP,ESP,ITA,1,0,97454.0,97494.0,-40.0,4.0
2011,2011-06-26,1976-08-27,Red Bull,Valencia Street Circuit,Street circuit,Mark Webber,6,26,12721,2002-03-03,3402,ESP,AUS,AUT,0,0,97163.0,97494.0,-332.0,2.0
2011,2011-06-26,1985-01-07,McLaren,Valencia Street Circuit,Street circuit,Lewis Hamilton,6,26,9666,2007-03-18,1561,ESP,GBR,GBR,0,0,97380.0,97494.0,-114.0,3.0
2011,2011-06-26,1981-04-25,Ferrari,Valencia Street Circuit,Street circuit,Felipe Massa,6,26,11019,2002-03-03,3402,ESP,BRA,ITA,0,0,97535.0,97494.0,40.0,5.0
2011,2011-06-26,1980-01-19,McLaren,Valencia Street Circuit,Street circuit,Jenson Button,6,26,11481,2000-03-12,4123,ESP,GBR,GBR,0,0,97645.0,97494.0,150.0,6.0
2011,2011-06-26,1985-06-27,Mercedes,Valencia Street Circuit,Street circuit,Nico Rosberg,6,26,9495,2006-03-12,1932,ESP,DEU,DEU,0,0,98231.0,97494.0,736.0,7.0
2011,2011-06-26,1969-01-03,Mercedes,Valencia Street Circuit,Street circuit,Michael Schumacher,6,26,15514,1991-08-25,7245,ESP,DEU,DEU,0,0,98240.0,97494.0,746.0,8.0
2011,2011-07-10,1981-07-29,Ferrari,Silverstone Circuit,Race circuit,Fernando Alonso,7,10,10938,2001-03-04,3780,GBR,ESP,ITA,0,0,90516.0,91914.0,-1398.0,3.0
2011,2011-07-10,1987-07-03,Red Bull,Silverstone Circuit,Race circuit,Sebastian Vettel,7,10,8773,2007-06-17,1484,GBR,DEU,AUT,0,0,90431.0,91914.0,-1482.0,2.0
2011,2011-07-10,1976-08-27,Red Bull,Silverstone Circuit,Race circuit,Mark Webber,7,10,12735,2002-03-03,3416,GBR,AUS,AUT,0,0,90399.0,91914.0,-1514.0,1.0
2011,2011-07-10,1985-01-07,McLaren,Silverstone Circuit,Race circuit,Lewis Hamilton,7,10,9680,2007-03-18,1575,GBR,GBR,GBR,1,1,92376.0,91914.0,462.0,10.0
2011,2011-07-10,1981-04-25,Ferrari,Silverstone Circuit,Race circuit,Felipe Massa,7,10,11033,2002-03-03,3416,GBR,BRA,ITA,0,0,91124.0,91914.0,-790.0,4.0
2011,2011-07-10,1985-06-27,Mercedes,Silverstone Circuit,Race circuit,Nico Rosberg,7,10,9509,2006-03-12,1946,GBR,DEU,DEU,0,0,92209.0,91914.0,296.0,9.0
2011,2011-07-10,1985-03-09,Williams,Silverstone Circuit,Race circuit,Pastor Maldonado,7,10,9619,2011-03-27,105,GBR,VEN,GBR,0,1,91933.0,91914.0,20.0,7.0
2011,2011-07-10,1986-04-16,Force India,Silverstone Circuit,Race circuit,Paul di Resta,7,10,9216,2011-03-27,105,GBR,GBR,IND,1,0,91929.0,91914.0,16.0,6.0
2011,2011-07-10,1980-01-19,McLaren,Silverstone Circuit,Race circuit,Jenson Button,7,10,11495,2000-03-12,4137,GBR,GBR,GBR,1,1,91898.0,91914.0,-16.0,5.0
2011,2011-07-10,1986-09-13,Sauber,Silverstone Circuit,Race circuit,Kamui Kobayashi,7,10,9066,2009-10-18,630,GBR,JPN,CHE,0,0,92128.0,91914.0,214.0,8.0
2011,2011-07-24,1985-01-07,McLaren,Nürburgring,Race circuit,Lewis Hamilton,7,24,9694,2007-03-18,1589,DEU,GBR,GBR,0,0,90134.0,91086.0,-952.0,2.0
2011,2011-07-24,1981-07-29,Ferrari,Nürburgring,Race circuit,Fernando Alonso,7,24,10952,2001-03-04,3794,DEU,ESP,ITA,0,0,90442.0,91086.0,-644.0,4.0
2011,2011-07-24,1976-08-27,Red Bull,Nürburgring,Race circuit,Mark Webber,7,24,12749,2002-03-03,3430,DEU,AUS,AUT,0,0,90079.0,91086.0,-1008.0,1.0
2011,2011-07-24,1987-07-03,Red Bull,Nürburgring,Race circuit,Sebastian Vettel,7,24,8787,2007-06-17,1498,DEU,DEU,AUT,1,0,90216.0,91086.0,-870.0,3.0
2011,2011-07-24,1981-04-25,Ferrari,Nürburgring,Race circuit,Felipe Massa,7,24,11047,2002-03-03,3430,DEU,BRA,ITA,0,0,90910.0,91086.0,-176.0,5.0
2011,2011-07-24,1983-01-11,Force India,Nürburgring,Race circuit,Adrian Sutil,7,24,10421,2007-03-18,1589,DEU,DEU,IND,1,0,91809.0,91086.0,722.0,8.0
2011,2011-07-24,1985-06-27,Mercedes,Nürburgring,Race circuit,Nico Rosberg,7,24,9523,2006-03-12,1960,DEU,DEU,DEU,1,1,91263.0,91086.0,176.0,6.0
2011,2011-07-24,1969-01-03,Mercedes,Nürburgring,Race circuit,Michael Schumacher,7,24,15542,1991-08-25,7273,DEU,DEU,DEU,1,1,92180.0,91086.0,1094.0,10.0
2011,2011-07-24,1984-09-08,Renault,Nürburgring,Race circuit,Vitaly Petrov,7,24,9815,2010-03-14,497,DEU,RUS,FRA,0,0,91985.0,91086.0,898.0,9.0
2011,2011-07-24,1980-01-19,McLaren,Nürburgring,Race circuit,Jenson Button,7,24,11509,2000-03-12,4151,DEU,GBR,GBR,0,0,91288.0,91086.0,202.0,7.0
2011,2011-07-31,1980-01-19,McLaren,Hungaroring,Race circuit,Jenson Button,7,31,11516,2000-03-12,4158,HUN,GBR,GBR,0,0,80024.0,80350.0,-326.0,3.0
2011,2011-07-31,1987-07-03,Red Bull,Hungaroring,Race circuit,Sebastian Vettel,7,31,8794,2007-06-17,1505,HUN,DEU,AUT,0,0,79815.0,80350.0,-535.0,1.0
2011,2011-07-31,1981-07-29,Ferrari,Hungaroring,Race circuit,Fernando Alonso,7,31,10959,2001-03-04,3801,HUN,ESP,ITA,0,0,80262.0,80350.0,-88.0,4.0
2011,2011-07-31,1985-01-07,McLaren,Hungaroring,Race circuit,Lewis Hamilton,7,31,9701,2007-03-18,1596,HUN,GBR,GBR,0,0,79978.0,80350.0,-372.0,2.0
2011,2011-07-31,1976-08-27,Red Bull,Hungaroring,Race circuit,Mark Webber,7,31,12756,2002-03-03,3437,HUN,AUS,AUT,0,0,80474.0,80350.0,124.0,6.0
2011,2011-07-31,1981-04-25,Ferrari,Hungaroring,Race circuit,Felipe Massa,7,31,11054,2002-03-03,3437,HUN,BRA,ITA,0,0,80350.0,80350.0,0.0,5.0
2011,2011-07-31,1985-06-27,Mercedes,Hungaroring,Race circuit,Nico Rosberg,7,31,9530,2006-03-12,1967,HUN,DEU,DEU,0,0,81098.0,80350.0,748.0,7.0
2011,2011-07-31,1983-01-11,Force India,Hungaroring,Race circuit,Adrian Sutil,7,31,10428,2007-03-18,1596,HUN,DEU,IND,0,0,81445.0,80350.0,1095.0,8.0
2011,2011-07-31,1969-01-03,Mercedes,Hungaroring,Race circuit,Michael Schumacher,7,31,15549,1991-08-25,7280,HUN,DEU,DEU,0,0,81852.0,80350.0,1502.0,9.0
2011,2011-08-28,1987-07-03,Red Bull,Circuit de Spa-Francorchamps,Race circuit,Sebastian Vettel,8,28,8822,2007-06-17,1533,BEL,DEU,AUT,0,0,108298.0,110662.0,-2364.0,1.0
2011,2011-08-28,1976-08-27,Red Bull,Circuit de Spa-Francorchamps,Race circuit,Mark Webber,8,28,12784,2002-03-03,3465,BEL,AUS,AUT,0,0,109376.0,110662.0,-1286.0,3.0
2011,2011-08-28,1981-07-29,Ferrari,Circuit de Spa-Francorchamps,Race circuit,Fernando Alonso,8,28,10987,2001-03-04,3829,BEL,ESP,ITA,0,0,111251.0,110662.0,588.0,8.0
2011,2011-08-28,1985-06-27,Mercedes,Circuit de Spa-Francorchamps,Race circuit,Nico Rosberg,8,28,9558,2006-03-12,1995,BEL,DEU,DEU,0,0,110552.0,110662.0,-110.0,5.0
2011,2011-08-28,1981-04-25,Ferrari,Circuit de Spa-Francorchamps,Race circuit,Felipe Massa,8,28,11082,2002-03-03,3465,BEL,BRA,ITA,0,0,110256.0,110662.0,-406.0,4.0
2011,2011-08-28,1984-09-08,Renault,Circuit de Spa-Francorchamps,Race circuit,Vitaly Petrov,8,28,9850,2010-03-14,532,BEL,RUS,FRA,0,0,112303.0,110662.0,1640.0,10.0
2011,2011-08-28,1983-10-15,Renault,Circuit de Spa-Francorchamps,Race circuit,Bruno Senna,8,28,10179,2010-03-14,532,BEL,BRA,FRA,0,0,111121.0,110662.0,458.0,7.0
2011,2011-08-28,1990-01-26,Sauber,Circuit de Spa-Francorchamps,Race circuit,Sergio Pérez,8,28,7884,2011-03-27,154,BEL,MEX,CHE,0,0,111374.0,110662.0,712.0,9.0
2011,2011-08-28,1985-01-07,McLaren,Circuit de Spa-Francorchamps,Race circuit,Lewis Hamilton,8,28,9729,2007-03-18,1624,BEL,GBR,GBR,0,0,108730.0,110662.0,-1932.0,2.0
2011,2011-08-28,1990-03-23,Toro Rosso,Circuit de Spa-Francorchamps,Race circuit,Jaime Alguersuari,8,28,7828,2009-07-26,763,BEL,ESP,ITA,0,0,110773.0,110662.0,110.0,6.0
2011,2011-09-11,1987-07-03,Red Bull,Autodromo Nazionale di Monza,Race circuit,Sebastian Vettel,9,11,8836,2007-06-17,1547,ITA,DEU,AUT,0,0,82275.0,82972.0,-697.0,1.0
2011,2011-09-11,1980-01-19,McLaren,Autodromo Nazionale di Monza,Race circuit,Jenson Button,9,11,11558,2000-03-12,4200,ITA,GBR,GBR,0,0,82777.0,82972.0,-195.0,3.0
2011,2011-09-11,1981-07-29,Ferrari,Autodromo Nazionale di Monza,Race circuit,Fernando Alonso,9,11,11001,2001-03-04,3843,ITA,ESP,ITA,0,1,82841.0,82972.0,-131.0,4.0
2011,2011-09-11,1985-01-07,McLaren,Autodromo Nazionale di Monza,Race circuit,Lewis Hamilton,9,11,9743,2007-03-18,1638,ITA,GBR,GBR,0,0,82725.0,82972.0,-247.0,2.0
2011,2011-09-11,1969-01-03,Mercedes,Autodromo Nazionale di Monza,Race circuit,Michael Schumacher,9,11,15591,1991-08-25,7322,ITA,DEU,DEU,0,0,83671.0,82972.0,699.0,9.0
2011,2011-09-11,1981-04-25,Ferrari,Autodromo Nazionale di Monza,Race circuit,Felipe Massa,9,11,11096,2002-03-03,3479,ITA,BRA,ITA,0,1,83188.0,82972.0,216.0,6.0
2011,2011-09-11,1976-08-27,Red Bull,Autodromo Nazionale di Monza,Race circuit,Mark Webber,9,11,12798,2002-03-03,3479,ITA,AUS,AUT,0,0,82972.0,82972.0,0.0,5.0
2011,2011-09-11,1984-09-08,Renault,Autodromo Nazionale di Monza,Race circuit,Vitaly Petrov,9,11,9864,2010-03-14,546,ITA,RUS,FRA,0,0,83530.0,82972.0,558.0,8.0
2011,2011-09-11,1985-06-27,Mercedes,Autodromo Nazionale di Monza,Race circuit,Nico Rosberg,9,11,9572,2006-03-12,2009,ITA,DEU,DEU,0,0,83335.0,82972.0,363.0,7.0
2011,2011-09-25,1987-07-03,Red Bull,Marina Bay Street Circuit,Street circuit,Sebastian Vettel,9,25,8850,2007-06-17,1561,SGP,DEU,AUT,0,0,104381.0,104809.0,-428.0,1.0
2011,2011-09-25,1980-01-19,McLaren,Marina Bay Street Circuit,Street circuit,Jenson Button,9,25,11572,2000-03-12,4214,SGP,GBR,GBR,0,0,104804.0,104809.0,-5.0,3.0
2011,2011-09-25,1976-08-27,Red Bull,Marina Bay Street Circuit,Street circuit,Mark Webber,9,25,12812,2002-03-03,3493,SGP,AUS,AUT,0,0,104732.0,104809.0,-77.0,2.0
2011,2011-09-25,1981-07-29,Ferrari,Marina Bay Street Circuit,Street circuit,Fernando Alonso,9,25,11015,2001-03-04,3857,SGP,ESP,ITA,0,0,104874.0,104809.0,65.0,5.0
2011,2011-09-25,1985-01-07,McLaren,Marina Bay Street Circuit,Street circuit,Lewis Hamilton,9,25,9757,2007-03-18,1652,SGP,GBR,GBR,0,0,104809.0,104809.0,0.0,4.0
2011,2011-09-25,1985-06-27,Mercedes,Marina Bay Street Circuit,Street circuit,Nico Rosberg,9,25,9586,2006-03-12,2023,SGP,DEU,DEU,0,0,106013.0,104809.0,1204.0,7.0
2011,2011-09-25,1981-04-25,Ferrari,Marina Bay Street Circuit,Street circuit,Felipe Massa,9,25,11110,2002-03-03,3493,SGP,BRA,ITA,0,0,105800.0,104809.0,991.0,6.0
2011,2011-10-09,1980-01-19,McLaren,Suzuka Circuit,Race circuit,Jenson Button,10,9,11586,2000-03-12,4228,JPN,GBR,GBR,0,0,90475.0,90710.0,-236.0,2.0
2011,2011-10-09,1981-07-29,Ferrari,Suzuka Circuit,Race circuit,Fernando Alonso,10,9,11029,2001-03-04,3871,JPN,ESP,ITA,0,0,90886.0,90710.0,176.0,5.0
2011,2011-10-09,1987-07-03,Red Bull,Suzuka Circuit,Race circuit,Sebastian Vettel,10,9,8864,2007-06-17,1575,JPN,DEU,AUT,0,0,90466.0,90710.0,-244.0,1.0
2011,2011-10-09,1976-08-27,Red Bull,Suzuka Circuit,Race circuit,Mark Webber,10,9,12826,2002-03-03,3507,JPN,AUS,AUT,0,0,91156.0,90710.0,446.0,6.0
2011,2011-10-09,1985-01-07,McLaren,Suzuka Circuit,Race circuit,Lewis Hamilton,10,9,9771,2007-03-18,1666,JPN,GBR,GBR,0,0,90617.0,90710.0,-94.0,3.0
2011,2011-10-09,1981-04-25,Ferrari,Suzuka Circuit,Race circuit,Felipe Massa,10,9,11124,2002-03-03,3507,JPN,BRA,ITA,0,0,90804.0,90710.0,94.0,4.0
2011,2011-10-16,1987-07-03,Red Bull,Korean International Circuit,Race circuit,Sebastian Vettel,10,16,8871,2007-06-17,1582,KOR,DEU,AUT,0,0,96042.0,96650.0,-608.0,2.0
2011,2011-10-16,1985-01-07,McLaren,Korean International Circuit,Race circuit,Lewis Hamilton,10,16,9778,2007-03-18,1673,KOR,GBR,GBR,0,0,95820.0,96650.0,-830.0,1.0
2011,2011-10-16,1976-08-27,Red Bull,Korean International Circuit,Race circuit,Mark Webber,10,16,12833,2002-03-03,3514,KOR,AUS,AUT,0,0,96468.0,96650.0,-182.0,4.0
2011,2011-10-16,1980-01-19,McLaren,Korean International Circuit,Race circuit,Jenson Button,10,16,11593,2000-03-12,4235,KOR,GBR,GBR,0,0,96126.0,96650.0,-524.0,3.0
2011,2011-10-16,1981-07-29,Ferrari,Korean International Circuit,Race circuit,Fernando Alonso,10,16,11036,2001-03-04,3878,KOR,ESP,ITA,0,0,96980.0,96650.0,330.0,6.0
2011,2011-10-16,1981-04-25,Ferrari,Korean International Circuit,Race circuit,Felipe Massa,10,16,11131,2002-03-03,3514,KOR,BRA,ITA,0,0,96831.0,96650.0,182.0,5.0
2011,2011-10-16,1985-06-27,Mercedes,Korean International Circuit,Race circuit,Nico Rosberg,10,16,9607,2006-03-12,2044,KOR,DEU,DEU,0,0,97754.0,96650.0,1104.0,7.0
2011,2011-10-16,1984-09-08,Renault,Korean International Circuit,Race circuit,Vitaly Petrov,10,16,9899,2010-03-14,581,KOR,RUS,FRA,0,0,98124.0,96650.0,1474.0,8.0
2011,2011-10-30,1987-07-03,Red Bull,Buddh International Circuit,Race circuit,Sebastian Vettel,10,30,8885,2007-06-17,1596,IND,DEU,AUT,0,0,84178.0,84519.0,-341.0,1.0
2011,2011-10-30,1980-01-19,McLaren,Buddh International Circuit,Race circuit,Jenson Button,10,30,11607,2000-03-12,4249,IND,GBR,GBR,0,0,84950.0,84519.0,431.0,5.0
2011,2011-10-30,1981-07-29,Ferrari,Buddh International Circuit,Race circuit,Fernando Alonso,10,30,11050,2001-03-04,3892,IND,ESP,ITA,0,0,84519.0,84519.0,0.0,4.0
2011,2011-10-30,1976-08-27,Red Bull,Buddh International Circuit,Race circuit,Mark Webber,10,30,12847,2002-03-03,3528,IND,AUS,AUT,0,0,84508.0,84519.0,-11.0,3.0
2011,2011-10-30,1985-06-27,Mercedes,Buddh International Circuit,Race circuit,Nico Rosberg,10,30,9621,2006-03-12,2058,IND,DEU,DEU,0,0,85451.0,84519.0,932.0,7.0
2011,2011-10-30,1985-01-07,McLaren,Buddh International Circuit,Race circuit,Lewis Hamilton,10,30,9792,2007-03-18,1687,IND,GBR,GBR,0,0,84474.0,84519.0,-45.0,2.0
2011,2011-10-30,1981-04-25,Ferrari,Buddh International Circuit,Race circuit,Felipe Massa,10,30,11145,2002-03-03,3528,IND,BRA,ITA,0,0,85122.0,84519.0,603.0,6.0
2011,2011-11-13,1985-01-07,McLaren,Yas Marina Circuit,Race circuit,Lewis Hamilton,11,13,9806,2007-03-18,1701,ARE,GBR,GBR,0,0,98434.0,99058.0,-624.0,1.0
2011,2011-11-13,1981-07-29,Ferrari,Yas Marina Circuit,Race circuit,Fernando Alonso,11,13,11064,2001-03-04,3906,ARE,ESP,ITA,0,0,99058.0,99058.0,0.0,5.0
2011,2011-11-13,1980-01-19,McLaren,Yas Marina Circuit,Race circuit,Jenson Button,11,13,11621,2000-03-12,4263,ARE,GBR,GBR,0,0,98631.0,99058.0,-427.0,3.0
2011,2011-11-13,1976-08-27,Red Bull,Yas Marina Circuit,Race circuit,Mark Webber,11,13,12861,2002-03-03,3542,ARE,AUS,AUT,0,0,98821.0,99058.0,-237.0,4.0
2011,2011-11-13,1981-04-25,Ferrari,Yas Marina Circuit,Race circuit,Felipe Massa,11,13,11159,2002-03-03,3542,ARE,BRA,ITA,0,0,99623.0,99058.0,565.0,7.0
2011,2011-11-13,1985-06-27,Mercedes,Yas Marina Circuit,Race circuit,Nico Rosberg,11,13,9635,2006-03-12,2072,ARE,DEU,DEU,0,0,99420.0,99058.0,362.0,6.0
2011,2011-11-13,1969-01-03,Mercedes,Yas Marina Circuit,Race circuit,Michael Schumacher,11,13,15654,1991-08-25,7385,ARE,DEU,DEU,0,0,100554.0,99058.0,1496.0,9.0
2011,2011-11-13,1983-01-11,Force India,Yas Marina Circuit,Race circuit,Adrian Sutil,11,13,10533,2007-03-18,1701,ARE,DEU,IND,0,0,100205.0,99058.0,1147.0,8.0
2011,2011-11-13,1987-07-03,Red Bull,Yas Marina Circuit,Race circuit,Sebastian Vettel,11,13,8899,2007-06-17,1610,ARE,DEU,AUT,0,0,98481.0,99058.0,-577.0,2.0
2011,2011-11-27,1976-08-27,Red Bull,Autódromo José Carlos Pace,Race circuit,Mark Webber,11,27,12875,2002-03-03,3556,BRA,AUS,AUT,0,0,72099.0,72569.0,-470.0,2.0
2011,2011-11-27,1987-07-03,Red Bull,Autódromo José Carlos Pace,Race circuit,Sebastian Vettel,11,27,8913,2007-06-17,1624,BRA,DEU,AUT,0,0,71918.0,72569.0,-651.0,1.0
2011,2011-11-27,1980-01-19,McLaren,Autódromo José Carlos Pace,Race circuit,Jenson Button,11,27,11635,2000-03-12,4277,BRA,GBR,GBR,0,0,72283.0,72569.0,-286.0,3.0
2011,2011-11-27,1981-07-29,Ferrari,Autódromo José Carlos Pace,Race circuit,Fernando Alonso,11,27,11078,2001-03-04,3920,BRA,ESP,ITA,0,0,72591.0,72569.0,22.0,6.0
2011,2011-11-27,1981-04-25,Ferrari,Autódromo José Carlos Pace,Race circuit,Felipe Massa,11,27,11173,2002-03-03,3556,BRA,BRA,ITA,1,0,73068.0,72569.0,499.0,7.0
2011,2011-11-27,1983-01-11,Force India,Autódromo José Carlos Pace,Race circuit,Adrian Sutil,11,27,10547,2007-03-18,1715,BRA,DEU,IND,0,0,73261.0,72569.0,692.0,8.0
2011,2011-11-27,1985-06-27,Mercedes,Autódromo José Carlos Pace,Race circuit,Nico Rosberg,11,27,9649,2006-03-12,2086,BRA,DEU,DEU,0,0,72569.0,72569.0,0.0,5.0
2011,2011-11-27,1983-10-15,Renault,Autódromo José Carlos Pace,Race circuit,Bruno Senna,11,27,10270,2010-03-14,623,BRA,BRA,FRA,1,0,73300.0,72569.0,731.0,9.0
2011,2011-11-27,1985-01-07,McLaren,Autódromo José Carlos Pace,Race circuit,Lewis Hamilton,11,27,9820,2007-03-18,1715,BRA,GBR,GBR,0,0,72480.0,72569.0,-89.0,4.0
2012,2012-03-18,1980-01-19,McLaren,Albert Park Grand Prix Circuit,Street circuit,Jenson Button,3,18,11747,2000-03-12,4389,AUS,GBR,GBR,0,0,85074.0,85469.0,-395.0,2.0
2012,2012-03-18,1987-07-03,Red Bull,Albert Park Grand Prix Circuit,Street circuit,Sebastian Vettel,3,18,9025,2007-06-17,1736,AUS,DEU,AUT,0,0,85668.0,85469.0,199.0,7.0
2012,2012-03-18,1985-01-07,McLaren,Albert Park Grand Prix Circuit,Street circuit,Lewis Hamilton,3,18,9932,2007-03-18,1827,AUS,GBR,GBR,0,0,84922.0,85469.0,-547.0,1.0
2012,2012-03-18,1976-08-27,Red Bull,Albert Park Grand Prix Circuit,Street circuit,Mark Webber,3,18,12987,2002-03-03,3668,AUS,AUS,AUT,1,0,85651.0,85469.0,182.0,6.0
2012,2012-03-18,1985-06-27,Mercedes,Albert Park Grand Prix Circuit,Street circuit,Nico Rosberg,3,18,9761,2006-03-12,2198,AUS,DEU,DEU,0,0,85469.0,85469.0,0.0,5.0
2012,2012-03-18,1985-03-09,Williams,Albert Park Grand Prix Circuit,Street circuit,Pastor Maldonado,3,18,9871,2011-03-27,357,AUS,VEN,GBR,0,0,85908.0,85469.0,439.0,8.0
2012,2012-03-18,1969-01-03,Mercedes,Albert Park Grand Prix Circuit,Street circuit,Michael Schumacher,3,18,15780,1991-08-25,7511,AUS,DEU,DEU,0,0,85336.0,85469.0,-133.0,4.0
2012,2012-03-18,1986-04-17,Lotus F1,Albert Park Grand Prix Circuit,Street circuit,Romain Grosjean,3,18,9467,2009-08-23,938,AUS,FRA,GBR,0,0,85302.0,85469.0,-167.0,3.0
2012,2012-03-18,1987-08-19,Force India,Albert Park Grand Prix Circuit,Street circuit,Nico Hülkenberg,3,18,8978,2010-03-14,735,AUS,DEU,IND,0,0,86314.0,85469.0,845.0,9.0
2012,2012-03-25,1981-07-29,Ferrari,Sepang International Circuit,Race circuit,Fernando Alonso,3,25,11197,2001-03-04,4039,MYS,ESP,ITA,0,0,97379.0,96548.0,832.0,9.0
2012,2012-03-25,1990-01-26,Sauber,Sepang International Circuit,Race circuit,Sergio Pérez,3,25,8094,2011-03-27,364,MYS,MEX,CHE,0,0,97477.0,96548.0,930.0,10.0
2012,2012-03-25,1985-01-07,McLaren,Sepang International Circuit,Race circuit,Lewis Hamilton,3,25,9939,2007-03-18,1834,MYS,GBR,GBR,0,0,96219.0,96548.0,-328.0,1.0
2012,2012-03-25,1976-08-27,Red Bull,Sepang International Circuit,Race circuit,Mark Webber,3,25,12994,2002-03-03,3675,MYS,AUS,AUT,0,0,96461.0,96548.0,-86.0,4.0
2012,2012-03-25,1979-10-17,Lotus F1,Sepang International Circuit,Race circuit,Kimi Räikkönen,3,25,11848,2001-03-04,4039,MYS,FIN,GBR,0,0,96461.0,96548.0,-86.0,4.0
2012,2012-03-25,1969-01-03,Mercedes,Sepang International Circuit,Race circuit,Michael Schumacher,3,25,15787,1991-08-25,7518,MYS,DEU,DEU,0,0,96391.0,96548.0,-156.0,3.0
2012,2012-03-25,1987-07-03,Red Bull,Sepang International Circuit,Race circuit,Sebastian Vettel,3,25,9032,2007-06-17,1743,MYS,DEU,AUT,0,0,96634.0,96548.0,86.0,6.0
2012,2012-03-25,1985-06-27,Mercedes,Sepang International Circuit,Race circuit,Nico Rosberg,3,25,9768,2006-03-12,2205,MYS,DEU,DEU,0,0,96664.0,96548.0,116.0,8.0
2012,2012-03-25,1980-01-19,McLaren,Sepang International Circuit,Race circuit,Jenson Button,3,25,11754,2000-03-12,4396,MYS,GBR,GBR,0,0,96368.0,96548.0,-180.0,2.0
2012,2012-03-25,1986-04-17,Lotus F1,Sepang International Circuit,Race circuit,Romain Grosjean,3,25,9474,2009-08-23,945,MYS,FRA,GBR,0,0,96658.0,96548.0,110.0,7.0
2012,2012-04-15,1985-06-27,Mercedes,Shanghai International Circuit,Race circuit,Nico Rosberg,4,15,9789,2006-03-12,2226,CHN,DEU,DEU,0,0,95121.0,95784.0,-663.0,1.0
2012,2012-04-15,1980-01-19,McLaren,Shanghai International Circuit,Race circuit,Jenson Button,4,15,11775,2000-03-12,4417,CHN,GBR,GBR,0,0,95942.0,95784.0,158.0,8.0
2012,2012-04-15,1985-01-07,McLaren,Shanghai International Circuit,Race circuit,Lewis Hamilton,4,15,9960,2007-03-18,1855,CHN,GBR,GBR,0,0,95626.0,95784.0,-158.0,2.0
2012,2012-04-15,1976-08-27,Red Bull,Shanghai International Circuit,Race circuit,Mark Webber,4,15,13015,2002-03-03,3696,CHN,AUS,AUT,0,0,95700.0,95784.0,-84.0,4.0
2012,2012-04-15,1981-07-29,Ferrari,Shanghai International Circuit,Race circuit,Fernando Alonso,4,15,11218,2001-03-04,4060,CHN,ESP,ITA,0,0,95982.0,95784.0,198.0,9.0
2012,2012-04-15,1986-09-13,Sauber,Shanghai International Circuit,Race circuit,Kamui Kobayashi,4,15,9346,2009-10-18,910,CHN,JPN,CHE,0,0,95784.0,95784.0,0.0,5.0
2012,2012-04-15,1990-01-26,Sauber,Shanghai International Circuit,Race circuit,Sergio Pérez,4,15,8115,2011-03-27,385,CHN,MEX,CHE,0,0,95831.0,95784.0,47.0,6.0
2012,2012-04-15,1979-10-17,Lotus F1,Shanghai International Circuit,Race circuit,Kimi Räikkönen,4,15,11869,2001-03-04,4060,CHN,FIN,GBR,0,0,95898.0,95784.0,114.0,7.0
2012,2012-04-15,1969-01-03,Mercedes,Shanghai International Circuit,Race circuit,Michael Schumacher,4,15,15808,1991-08-25,7539,CHN,DEU,DEU,0,0,95691.0,95784.0,-93.0,3.0
2012,2012-04-22,1987-07-03,Red Bull,Bahrain International Circuit,Race circuit,Sebastian Vettel,4,22,9060,2007-06-17,1771,BHR,DEU,AUT,0,0,92422.0,92766.0,-344.0,1.0
2012,2012-04-22,1986-04-17,Lotus F1,Bahrain International Circuit,Race circuit,Romain Grosjean,4,22,9502,2009-08-23,973,BHR,FRA,GBR,0,0,93008.0,92766.0,242.0,7.0
2012,2012-04-22,1976-08-27,Red Bull,Bahrain International Circuit,Race circuit,Mark Webber,4,22,13022,2002-03-03,3703,BHR,AUS,AUT,0,0,92637.0,92766.0,-129.0,3.0
2012,2012-04-22,1985-06-27,Mercedes,Bahrain International Circuit,Race circuit,Nico Rosberg,4,22,9796,2006-03-12,2233,BHR,DEU,DEU,0,0,92821.0,92766.0,55.0,5.0
2012,2012-04-22,1985-01-07,McLaren,Bahrain International Circuit,Race circuit,Lewis Hamilton,4,22,9967,2007-03-18,1862,BHR,GBR,GBR,0,0,92520.0,92766.0,-246.0,2.0
2012,2012-04-22,1990-01-26,Sauber,Bahrain International Circuit,Race circuit,Sergio Pérez,4,22,8122,2011-03-27,392,BHR,MEX,CHE,0,0,93394.0,92766.0,628.0,8.0
2012,2012-04-22,1989-07-01,Toro Rosso,Bahrain International Circuit,Race circuit,Daniel Ricciardo,4,22,8331,2011-07-10,287,BHR,AUS,ITA,0,0,92912.0,92766.0,146.0,6.0
2012,2012-04-22,1980-01-19,McLaren,Bahrain International Circuit,Race circuit,Jenson Button,4,22,11782,2000-03-12,4424,BHR,GBR,GBR,0,0,92711.0,92766.0,-55.0,4.0
2012,2012-05-13,1985-03-09,Williams,Circuit de Barcelona-Catalunya,Race circuit,Pastor Maldonado,5,13,9927,2011-03-27,413,ESP,VEN,GBR,0,0,82105.0,82424.0,-319.0,2.0
2012,2012-05-13,1981-07-29,Ferrari,Circuit de Barcelona-Catalunya,Race circuit,Fernando Alonso,5,13,11246,2001-03-04,4088,ESP,ESP,ITA,1,0,82302.0,82424.0,-122.0,3.0
2012,2012-05-13,1979-10-17,Lotus F1,Circuit de Barcelona-Catalunya,Race circuit,Kimi Räikkönen,5,13,11897,2001-03-04,4088,ESP,FIN,GBR,0,0,82487.0,82424.0,63.0,5.0
2012,2012-05-13,1986-04-17,Lotus F1,Circuit de Barcelona-Catalunya,Race circuit,Romain Grosjean,5,13,9523,2009-08-23,994,ESP,FRA,GBR,0,0,82424.0,82424.0,0.0,4.0
2012,2012-05-13,1985-06-27,Mercedes,Circuit de Barcelona-Catalunya,Race circuit,Nico Rosberg,5,13,9817,2006-03-12,2254,ESP,DEU,DEU,0,0,82882.0,82424.0,458.0,7.0
2012,2012-05-13,1985-01-07,McLaren,Circuit de Barcelona-Catalunya,Race circuit,Lewis Hamilton,5,13,9988,2007-03-18,1883,ESP,GBR,GBR,0,0,81707.0,82424.0,-717.0,1.0
2012,2012-05-13,1990-01-26,Sauber,Circuit de Barcelona-Catalunya,Race circuit,Sergio Pérez,5,13,8143,2011-03-27,413,ESP,MEX,CHE,0,0,82533.0,82424.0,109.0,6.0
2012,2012-05-27,1976-08-27,Red Bull,Circuit de Monaco,Street circuit,Mark Webber,5,27,13057,2002-03-03,3738,MCO,AUS,AUT,0,0,74381.0,74639.0,-258.0,2.0
2012,2012-05-27,1985-06-27,Mercedes,Circuit de Monaco,Street circuit,Nico Rosberg,5,27,9831,2006-03-12,2268,MCO,DEU,DEU,0,0,74448.0,74639.0,-191.0,3.0
2012,2012-05-27,1981-07-29,Ferrari,Circuit de Monaco,Street circuit,Fernando Alonso,5,27,11260,2001-03-04,4102,MCO,ESP,ITA,0,0,74948.0,74639.0,309.0,7.0
2012,2012-05-27,1985-01-07,McLaren,Circuit de Monaco,Street circuit,Lewis Hamilton,5,27,10002,2007-03-18,1897,MCO,GBR,GBR,0,0,74583.0,74639.0,-56.0,4.0
2012,2012-05-27,1981-04-25,Ferrari,Circuit de Monaco,Street circuit,Felipe Massa,5,27,11355,2002-03-03,3738,MCO,BRA,ITA,0,0,74911.0,74639.0,272.0,6.0
2012,2012-05-27,1979-10-17,Lotus F1,Circuit de Monaco,Street circuit,Kimi Räikkönen,5,27,11911,2001-03-04,4102,MCO,FIN,GBR,0,0,75199.0,74639.0,560.0,9.0
2012,2012-05-27,1969-01-03,Mercedes,Circuit de Monaco,Street circuit,Michael Schumacher,5,27,15850,1991-08-25,7581,MCO,DEU,DEU,0,0,74301.0,74639.0,-338.0,1.0
2012,2012-05-27,1985-03-09,Williams,Circuit de Monaco,Street circuit,Pastor Maldonado,5,27,9941,2011-03-27,427,MCO,VEN,GBR,0,0,75026.0,74639.0,387.0,8.0
2012,2012-05-27,1986-04-17,Lotus F1,Circuit de Monaco,Street circuit,Romain Grosjean,5,27,9537,2009-08-23,1008,MCO,FRA,GBR,0,0,74639.0,74639.0,0.0,5.0
2012,2012-06-10,1985-01-07,McLaren,Circuit Gilles Villeneuve,Street circuit,Lewis Hamilton,6,10,10016,2007-03-18,1911,CAN,GBR,GBR,0,0,74087.0,74438.0,-351.0,2.0
2012,2012-06-10,1986-04-17,Lotus F1,Circuit Gilles Villeneuve,Street circuit,Romain Grosjean,6,10,9551,2009-08-23,1022,CAN,FRA,GBR,0,0,74627.0,74438.0,189.0,8.0
2012,2012-06-10,1987-07-03,Red Bull,Circuit Gilles Villeneuve,Street circuit,Sebastian Vettel,6,10,9109,2007-06-17,1820,CAN,DEU,AUT,0,0,73784.0,74438.0,-654.0,1.0
2012,2012-06-10,1981-07-29,Ferrari,Circuit Gilles Villeneuve,Street circuit,Fernando Alonso,6,10,11274,2001-03-04,4116,CAN,ESP,ITA,0,0,74151.0,74438.0,-287.0,3.0
2012,2012-06-10,1985-06-27,Mercedes,Circuit Gilles Villeneuve,Street circuit,Nico Rosberg,6,10,9845,2006-03-12,2282,CAN,DEU,DEU,0,0,74411.0,74438.0,-27.0,5.0
2012,2012-06-10,1976-08-27,Red Bull,Circuit Gilles Villeneuve,Street circuit,Mark Webber,6,10,13071,2002-03-03,3752,CAN,AUS,AUT,0,0,74346.0,74438.0,-92.0,4.0
2012,2012-06-10,1981-04-25,Ferrari,Circuit Gilles Villeneuve,Street circuit,Felipe Massa,6,10,11369,2002-03-03,3752,CAN,BRA,ITA,0,0,74465.0,74438.0,27.0,6.0
2012,2012-06-10,1986-04-16,Force India,Circuit Gilles Villeneuve,Street circuit,Paul di Resta,6,10,9552,2011-03-27,441,CAN,GBR,IND,0,0,74639.0,74438.0,201.0,9.0
2012,2012-06-10,1980-01-19,McLaren,Circuit Gilles Villeneuve,Street circuit,Jenson Button,6,10,11831,2000-03-12,4473,CAN,GBR,GBR,0,0,74680.0,74438.0,242.0,10.0
2012,2012-06-10,1969-01-03,Mercedes,Circuit Gilles Villeneuve,Street circuit,Michael Schumacher,6,10,15864,1991-08-25,7595,CAN,DEU,DEU,0,0,74480.0,74438.0,42.0,7.0
2012,2012-06-24,1979-10-17,Lotus F1,Valencia Street Circuit,Street circuit,Kimi Räikkönen,6,24,11939,2001-03-04,4130,ESP,FIN,GBR,0,0,98513.0,98508.0,4.0,6.0
2012,2012-06-24,1987-08-19,Force India,Valencia Street Circuit,Street circuit,Nico Hülkenberg,6,24,9076,2010-03-14,833,ESP,DEU,IND,0,0,98689.0,98508.0,180.0,9.0
2012,2012-06-24,1985-06-27,Mercedes,Valencia Street Circuit,Street circuit,Nico Rosberg,6,24,9859,2006-03-12,2296,ESP,DEU,DEU,0,0,98504.0,98508.0,-4.0,5.0
2012,2012-06-24,1986-04-16,Force India,Valencia Street Circuit,Street circuit,Paul di Resta,6,24,9566,2011-03-27,455,ESP,GBR,IND,0,0,98519.0,98508.0,10.0,7.0
2012,2012-06-24,1980-01-19,McLaren,Valencia Street Circuit,Street circuit,Jenson Button,6,24,11845,2000-03-12,4487,ESP,GBR,GBR,0,0,98563.0,98508.0,54.0,8.0
2012,2012-06-24,1985-03-09,Williams,Valencia Street Circuit,Street circuit,Pastor Maldonado,6,24,9969,2011-03-27,455,ESP,VEN,GBR,0,0,98475.0,98508.0,-34.0,3.0
2012,2012-06-24,1985-01-07,McLaren,Valencia Street Circuit,Street circuit,Lewis Hamilton,6,24,10030,2007-03-18,1925,ESP,GBR,GBR,0,0,98410.0,98508.0,-98.0,2.0
2012,2012-06-24,1986-04-17,Lotus F1,Valencia Street Circuit,Street circuit,Romain Grosjean,6,24,9565,2009-08-23,1036,ESP,FRA,GBR,0,0,98489.0,98508.0,-20.0,4.0
2012,2012-06-24,1987-07-03,Red Bull,Valencia Street Circuit,Street circuit,Sebastian Vettel,6,24,9123,2007-06-17,1834,ESP,DEU,AUT,0,0,98086.0,98508.0,-422.0,1.0
2012,2012-06-24,1986-09-13,Sauber,Valencia Street Circuit,Street circuit,Kamui Kobayashi,6,24,9416,2009-10-18,980,ESP,JPN,CHE,0,0,98703.0,98508.0,194.0,10.0
2012,2012-07-08,1976-08-27,Red Bull,Silverstone Circuit,Race circuit,Mark Webber,7,8,13099,2002-03-03,3780,GBR,AUS,AUT,0,0,107276.0,106571.0,705.0,6.0
2012,2012-07-08,1981-07-29,Ferrari,Silverstone Circuit,Race circuit,Fernando Alonso,7,8,11302,2001-03-04,4144,GBR,ESP,ITA,0,0,106515.0,106571.0,-56.0,4.0
2012,2012-07-08,1987-07-03,Red Bull,Silverstone Circuit,Race circuit,Sebastian Vettel,7,8,9137,2007-06-17,1848,GBR,DEU,AUT,0,0,106279.0,106571.0,-292.0,1.0
2012,2012-07-08,1981-04-25,Ferrari,Silverstone Circuit,Race circuit,Felipe Massa,7,8,11397,2002-03-03,3780,GBR,BRA,ITA,0,0,107401.0,106571.0,830.0,8.0
2012,2012-07-08,1979-10-17,Lotus F1,Silverstone Circuit,Race circuit,Kimi Räikkönen,7,8,11953,2001-03-04,4144,GBR,FIN,GBR,0,1,107309.0,106571.0,738.0,7.0
2012,2012-07-08,1969-01-03,Mercedes,Silverstone Circuit,Race circuit,Michael Schumacher,7,8,15892,1991-08-25,7623,GBR,DEU,DEU,0,0,106571.0,106571.0,0.0,5.0
2012,2012-07-08,1985-01-07,McLaren,Silverstone Circuit,Race circuit,Lewis Hamilton,7,8,10044,2007-03-18,1939,GBR,GBR,GBR,1,1,107433.0,106571.0,862.0,9.0
2012,2012-07-08,1987-08-19,Force India,Silverstone Circuit,Race circuit,Nico Hülkenberg,7,8,9090,2010-03-14,847,GBR,DEU,IND,0,0,106334.0,106571.0,-237.0,2.0
2012,2012-07-08,1985-03-09,Williams,Silverstone Circuit,Race circuit,Pastor Maldonado,7,8,9983,2011-03-27,469,GBR,VEN,GBR,0,1,106449.0,106571.0,-122.0,3.0
2012,2012-07-22,1981-07-29,Ferrari,Hockenheimring,Race circuit,Fernando Alonso,7,22,11316,2001-03-04,4158,DEU,ESP,ITA,0,0,76073.0,76312.0,-238.0,2.0
2012,2012-07-22,1980-01-19,McLaren,Hockenheimring,Race circuit,Jenson Button,7,22,11873,2000-03-12,4515,DEU,GBR,GBR,0,0,76507.0,76312.0,196.0,9.0
2012,2012-07-22,1979-10-17,Lotus F1,Hockenheimring,Race circuit,Kimi Räikkönen,7,22,11967,2001-03-04,4158,DEU,FIN,GBR,0,0,75693.0,76312.0,-618.0,1.0
2012,2012-07-22,1987-07-03,Red Bull,Hockenheimring,Race circuit,Sebastian Vettel,7,22,9151,2007-06-17,1862,DEU,DEU,AUT,1,0,76393.0,76312.0,82.0,7.0
2012,2012-07-22,1969-01-03,Mercedes,Hockenheimring,Race circuit,Michael Schumacher,7,22,15906,1991-08-25,7637,DEU,DEU,DEU,1,1,76686.0,76312.0,374.0,10.0
2012,2012-07-22,1976-08-27,Red Bull,Hockenheimring,Race circuit,Mark Webber,7,22,13113,2002-03-03,3794,DEU,AUS,AUT,0,0,76500.0,76312.0,188.0,8.0
2012,2012-07-22,1987-08-19,Force India,Hockenheimring,Race circuit,Nico Hülkenberg,7,22,9104,2010-03-14,861,DEU,DEU,IND,1,0,76271.0,76312.0,-40.0,5.0
2012,2012-07-22,1986-04-16,Force India,Hockenheimring,Race circuit,Paul di Resta,7,22,9594,2011-03-27,483,DEU,GBR,IND,0,0,76352.0,76312.0,40.0,6.0
2012,2012-07-22,1985-03-09,Williams,Hockenheimring,Race circuit,Pastor Maldonado,7,22,9997,2011-03-27,483,DEU,VEN,GBR,0,0,76181.0,76312.0,-130.0,3.0
2012,2012-07-22,1985-01-07,McLaren,Hockenheimring,Race circuit,Lewis Hamilton,7,22,10058,2007-03-18,1953,DEU,GBR,GBR,0,0,76221.0,76312.0,-90.0,4.0
2012,2012-07-29,1985-01-07,McLaren,Hungaroring,Race circuit,Lewis Hamilton,7,29,10065,2007-03-18,1960,HUN,GBR,GBR,0,0,80953.0,81558.0,-606.0,1.0
2012,2012-07-29,1979-10-17,Lotus F1,Hungaroring,Race circuit,Kimi Räikkönen,7,29,11974,2001-03-04,4165,HUN,FIN,GBR,0,0,81583.0,81558.0,24.0,6.0
2012,2012-07-29,1986-04-17,Lotus F1,Hungaroring,Race circuit,Romain Grosjean,7,29,9600,2009-08-23,1071,HUN,FRA,GBR,0,0,81366.0,81558.0,-192.0,2.0
2012,2012-07-29,1987-07-03,Red Bull,Hungaroring,Race circuit,Sebastian Vettel,7,29,9158,2007-06-17,1869,HUN,DEU,AUT,0,0,81407.0,81558.0,-152.0,3.0
2012,2012-07-29,1981-07-29,Ferrari,Hungaroring,Race circuit,Fernando Alonso,7,29,11323,2001-03-04,4165,HUN,ESP,ITA,0,0,81598.0,81558.0,40.0,8.0
2012,2012-07-29,1980-01-19,McLaren,Hungaroring,Race circuit,Jenson Button,7,29,11880,2000-03-12,4522,HUN,GBR,GBR,0,0,81583.0,81558.0,24.0,6.0
2012,2012-07-29,1983-10-15,Williams,Hungaroring,Race circuit,Bruno Senna,7,29,10515,2010-03-14,868,HUN,BRA,GBR,0,0,81697.0,81558.0,138.0,10.0
2012,2012-07-29,1981-04-25,Ferrari,Hungaroring,Race circuit,Felipe Massa,7,29,11418,2002-03-03,3801,HUN,BRA,ITA,0,0,81534.0,81558.0,-24.0,5.0
2012,2012-07-29,1987-08-19,Force India,Hungaroring,Race circuit,Nico Hülkenberg,7,29,9111,2010-03-14,868,HUN,DEU,IND,0,0,81653.0,81558.0,94.0,9.0
2012,2012-07-29,1985-03-09,Williams,Hungaroring,Race circuit,Pastor Maldonado,7,29,10004,2011-03-27,490,HUN,VEN,GBR,0,0,81504.0,81558.0,-54.0,4.0
2012,2012-09-02,1980-01-19,McLaren,Circuit de Spa-Francorchamps,Race circuit,Jenson Button,9,2,11915,2000-03-12,4557,BEL,GBR,GBR,0,0,107573.0,108259.0,-686.0,1.0
2012,2012-09-02,1979-10-17,Lotus F1,Circuit de Spa-Francorchamps,Race circuit,Kimi Räikkönen,9,2,12009,2001-03-04,4200,BEL,FIN,GBR,0,0,108205.0,108259.0,-54.0,5.0
2012,2012-09-02,1976-08-27,Red Bull,Circuit de Spa-Francorchamps,Race circuit,Mark Webber,9,2,13155,2002-03-03,3836,BEL,AUS,AUT,0,0,108392.0,108259.0,133.0,7.0
2012,2012-09-02,1986-04-16,Force India,Circuit de Spa-Francorchamps,Race circuit,Paul di Resta,9,2,9636,2011-03-27,525,BEL,GBR,IND,0,0,108729.0,108259.0,470.0,10.0
2012,2012-09-02,1986-09-13,Sauber,Circuit de Spa-Francorchamps,Race circuit,Kamui Kobayashi,9,2,9486,2009-10-18,1050,BEL,JPN,CHE,0,0,107871.0,108259.0,-388.0,2.0
2012,2012-09-02,1985-03-09,Williams,Circuit de Spa-Francorchamps,Race circuit,Pastor Maldonado,9,2,10039,2011-03-27,525,BEL,VEN,GBR,0,0,107893.0,108259.0,-366.0,3.0
2012,2012-09-02,1990-01-26,Sauber,Circuit de Spa-Francorchamps,Race circuit,Sergio Pérez,9,2,8255,2011-03-27,525,BEL,MEX,CHE,0,0,107980.0,108259.0,-279.0,4.0
2012,2012-09-02,1981-07-29,Ferrari,Circuit de Spa-Francorchamps,Race circuit,Fernando Alonso,9,2,11358,2001-03-04,4200,BEL,ESP,ITA,0,0,108313.0,108259.0,54.0,6.0
2012,2012-09-02,1985-01-07,McLaren,Circuit de Spa-Francorchamps,Race circuit,Lewis Hamilton,9,2,10100,2007-03-18,1995,BEL,GBR,GBR,0,0,108394.0,108259.0,135.0,8.0
2012,2012-09-02,1986-04-17,Lotus F1,Circuit de Spa-Francorchamps,Race circuit,Romain Grosjean,9,2,9635,2009-08-23,1106,BEL,FRA,GBR,0,0,108538.0,108259.0,279.0,9.0
2012,2012-09-09,1985-01-07,McLaren,Autodromo Nazionale di Monza,Race circuit,Lewis Hamilton,9,9,10107,2007-03-18,2002,ITA,GBR,GBR,0,0,84010.0,84410.0,-400.0,1.0
2012,2012-09-09,1981-07-29,Ferrari,Autodromo Nazionale di Monza,Race circuit,Fernando Alonso,9,9,11365,2001-03-04,4207,ITA,ESP,ITA,0,1,84175.0,84410.0,-234.0,3.0
2012,2012-09-09,1981-04-25,Ferrari,Autodromo Nazionale di Monza,Race circuit,Felipe Massa,9,9,11460,2002-03-03,3843,ITA,BRA,ITA,0,1,84247.0,84410.0,-162.0,4.0
2012,2012-09-09,1979-10-17,Lotus F1,Autodromo Nazionale di Monza,Race circuit,Kimi Räikkönen,9,9,12016,2001-03-04,4207,ITA,FIN,GBR,0,0,84742.0,84410.0,332.0,10.0
2012,2012-09-09,1969-01-03,Mercedes,Autodromo Nazionale di Monza,Race circuit,Michael Schumacher,9,9,15955,1991-08-25,7686,ITA,DEU,DEU,0,0,84540.0,84410.0,130.0,7.0
2012,2012-09-09,1985-06-27,Mercedes,Autodromo Nazionale di Monza,Race circuit,Nico Rosberg,9,9,9936,2006-03-12,2373,ITA,DEU,DEU,0,0,84515.0,84410.0,106.0,6.0
2012,2012-09-09,1986-04-16,Force India,Autodromo Nazionale di Monza,Race circuit,Paul di Resta,9,9,9643,2011-03-27,532,ITA,GBR,IND,0,0,84304.0,84410.0,-106.0,5.0
2012,2012-09-09,1986-09-13,Sauber,Autodromo Nazionale di Monza,Race circuit,Kamui Kobayashi,9,9,9493,2009-10-18,1057,ITA,JPN,CHE,0,0,84683.0,84410.0,274.0,8.0
2012,2012-09-09,1987-07-03,Red Bull,Autodromo Nazionale di Monza,Race circuit,Sebastian Vettel,9,9,9200,2007-06-17,1911,ITA,DEU,AUT,0,0,84687.0,84410.0,278.0,9.0
2012,2012-09-09,1980-01-19,McLaren,Autodromo Nazionale di Monza,Race circuit,Jenson Button,9,9,11922,2000-03-12,4564,ITA,GBR,GBR,0,0,84133.0,84410.0,-276.0,2.0
2012,2012-09-23,1987-07-03,Red Bull,Marina Bay Street Circuit,Street circuit,Sebastian Vettel,9,23,9214,2007-06-17,1925,SGP,DEU,AUT,0,0,106791.0,107078.0,-286.0,2.0
2012,2012-09-23,1980-01-19,McLaren,Marina Bay Street Circuit,Street circuit,Jenson Button,9,23,11936,2000-03-12,4578,SGP,GBR,GBR,0,0,106939.0,107078.0,-138.0,4.0
2012,2012-09-23,1981-07-29,Ferrari,Marina Bay Street Circuit,Street circuit,Fernando Alonso,9,23,11379,2001-03-04,4221,SGP,ESP,ITA,0,0,107216.0,107078.0,138.0,5.0
2012,2012-09-23,1986-04-16,Force India,Marina Bay Street Circuit,Street circuit,Paul di Resta,9,23,9657,2011-03-27,546,SGP,GBR,IND,0,0,107241.0,107078.0,164.0,6.0
2012,2012-09-23,1986-04-17,Lotus F1,Marina Bay Street Circuit,Street circuit,Romain Grosjean,9,23,9656,2009-08-23,1127,SGP,FRA,GBR,0,0,107529.0,107078.0,452.0,8.0
2012,2012-09-23,1976-08-27,Red Bull,Marina Bay Street Circuit,Street circuit,Mark Webber,9,23,13176,2002-03-03,3857,SGP,AUS,AUT,0,0,107475.0,107078.0,398.0,7.0
2012,2012-09-23,1985-03-09,Williams,Marina Bay Street Circuit,Street circuit,Pastor Maldonado,9,23,10060,2011-03-27,546,SGP,VEN,GBR,0,0,106804.0,107078.0,-274.0,3.0
2012,2012-09-23,1985-01-07,McLaren,Marina Bay Street Circuit,Street circuit,Lewis Hamilton,9,23,10121,2007-03-18,2016,SGP,GBR,GBR,0,0,106362.0,107078.0,-716.0,1.0
2012,2012-10-07,1987-07-03,Red Bull,Suzuka Circuit,Race circuit,Sebastian Vettel,10,7,9228,2007-06-17,1939,JPN,DEU,AUT,0,0,90839.0,91826.0,-987.0,1.0
2012,2012-10-07,1986-09-13,Sauber,Suzuka Circuit,Race circuit,Kamui Kobayashi,10,7,9521,2009-10-18,1085,JPN,JPN,CHE,1,0,91700.0,91826.0,-126.0,4.0
2012,2012-10-07,1980-01-19,McLaren,Suzuka Circuit,Race circuit,Jenson Button,10,7,11950,2000-03-12,4592,JPN,GBR,GBR,0,0,91290.0,91826.0,-536.0,3.0
2012,2012-10-07,1985-01-07,McLaren,Suzuka Circuit,Race circuit,Lewis Hamilton,10,7,10135,2007-03-18,2030,JPN,GBR,GBR,0,0,92121.0,91826.0,295.0,9.0
2012,2012-10-07,1979-10-17,Lotus F1,Suzuka Circuit,Race circuit,Kimi Räikkönen,10,7,12044,2001-03-04,4235,JPN,FIN,GBR,0,0,91826.0,91826.0,0.0,5.0
2012,2012-10-07,1976-08-27,Red Bull,Suzuka Circuit,Race circuit,Mark Webber,10,7,13190,2002-03-03,3871,JPN,AUS,AUT,0,0,91090.0,91826.0,-736.0,2.0
2012,2012-10-07,1986-04-17,Lotus F1,Suzuka Circuit,Race circuit,Romain Grosjean,10,7,9670,2009-08-23,1141,JPN,FRA,GBR,0,0,91898.0,91826.0,72.0,7.0
2012,2012-10-07,1990-01-26,Sauber,Suzuka Circuit,Race circuit,Sergio Pérez,10,7,8290,2011-03-27,560,JPN,MEX,CHE,0,0,92022.0,91826.0,196.0,8.0
2012,2012-10-07,1981-07-29,Ferrari,Suzuka Circuit,Race circuit,Fernando Alonso,10,7,11393,2001-03-04,4235,JPN,ESP,ITA,0,0,91833.0,91826.0,7.0,6.0
2012,2012-10-14,1987-07-03,Red Bull,Korean International Circuit,Race circuit,Sebastian Vettel,10,14,9235,2007-06-17,1946,KOR,DEU,AUT,0,0,97316.0,97754.0,-438.0,2.0
2012,2012-10-14,1976-08-27,Red Bull,Korean International Circuit,Race circuit,Mark Webber,10,14,13197,2002-03-03,3878,KOR,AUS,AUT,0,0,97242.0,97754.0,-512.0,1.0
2012,2012-10-14,1981-07-29,Ferrari,Korean International Circuit,Race circuit,Fernando Alonso,10,14,11400,2001-03-04,4242,KOR,ESP,ITA,0,0,97534.0,97754.0,-220.0,4.0
2012,2012-10-14,1981-04-25,Ferrari,Korean International Circuit,Race circuit,Felipe Massa,10,14,11495,2002-03-03,3878,KOR,BRA,ITA,0,0,97884.0,97754.0,130.0,6.0
2012,2012-10-14,1979-10-17,Lotus F1,Korean International Circuit,Race circuit,Kimi Räikkönen,10,14,12051,2001-03-04,4242,KOR,FIN,GBR,0,0,97625.0,97754.0,-130.0,5.0
2012,2012-10-14,1987-08-19,Force India,Korean International Circuit,Race circuit,Nico Hülkenberg,10,14,9188,2010-03-14,945,KOR,DEU,IND,0,0,98266.0,97754.0,512.0,8.0
2012,2012-10-14,1986-04-17,Lotus F1,Korean International Circuit,Race circuit,Romain Grosjean,10,14,9677,2009-08-23,1148,KOR,FRA,GBR,0,0,97934.0,97754.0,180.0,7.0
2012,2012-10-14,1985-01-07,McLaren,Korean International Circuit,Race circuit,Lewis Hamilton,10,14,10142,2007-03-18,2037,KOR,GBR,GBR,0,0,97469.0,97754.0,-286.0,3.0
2012,2012-10-14,1969-01-03,Mercedes,Korean International Circuit,Race circuit,Michael Schumacher,10,14,15990,1991-08-25,7721,KOR,DEU,DEU,0,0,98436.0,97754.0,682.0,10.0
2012,2012-10-14,1985-06-27,Mercedes,Korean International Circuit,Race circuit,Nico Rosberg,10,14,9971,2006-03-12,2408,KOR,DEU,DEU,0,0,98361.0,97754.0,606.0,9.0
2012,2012-10-28,1987-07-03,Red Bull,Buddh International Circuit,Race circuit,Sebastian Vettel,10,28,9249,2007-06-17,1960,IND,DEU,AUT,0,0,85283.0,85773.0,-490.0,1.0
2012,2012-10-28,1981-07-29,Ferrari,Buddh International Circuit,Race circuit,Fernando Alonso,10,28,11414,2001-03-04,4256,IND,ESP,ITA,0,0,85773.0,85773.0,0.0,5.0
2012,2012-10-28,1976-08-27,Red Bull,Buddh International Circuit,Race circuit,Mark Webber,10,28,13211,2002-03-03,3892,IND,AUS,AUT,0,0,85327.0,85773.0,-446.0,2.0
2012,2012-10-28,1985-01-07,McLaren,Buddh International Circuit,Race circuit,Lewis Hamilton,10,28,10156,2007-03-18,2051,IND,GBR,GBR,0,0,85544.0,85773.0,-229.0,4.0
2012,2012-10-28,1980-01-19,McLaren,Buddh International Circuit,Race circuit,Jenson Button,10,28,11971,2000-03-12,4613,IND,GBR,GBR,0,0,85467.0,85773.0,-306.0,3.0
2012,2012-10-28,1981-04-25,Ferrari,Buddh International Circuit,Race circuit,Felipe Massa,10,28,11509,2002-03-03,3892,IND,BRA,ITA,0,0,85857.0,85773.0,84.0,6.0
2012,2012-10-28,1979-10-17,Lotus F1,Buddh International Circuit,Race circuit,Kimi Räikkönen,10,28,12065,2001-03-04,4256,IND,FIN,GBR,0,0,86101.0,85773.0,328.0,9.0
2012,2012-10-28,1985-03-09,Williams,Buddh International Circuit,Race circuit,Pastor Maldonado,10,28,10095,2011-03-27,581,IND,VEN,GBR,0,0,85983.0,85773.0,210.0,7.0
2012,2012-10-28,1990-01-26,Sauber,Buddh International Circuit,Race circuit,Sergio Pérez,10,28,8311,2011-03-27,581,IND,MEX,CHE,0,0,86076.0,85773.0,303.0,8.0
2012,2012-11-04,1979-10-17,Lotus F1,Yas Marina Circuit,Race circuit,Kimi Räikkönen,11,4,12072,2001-03-04,4263,ARE,FIN,GBR,0,0,101260.0,101275.0,-15.0,5.0
2012,2012-11-04,1981-07-29,Ferrari,Yas Marina Circuit,Race circuit,Fernando Alonso,11,4,11421,2001-03-04,4263,ARE,ESP,ITA,0,0,101514.0,101275.0,239.0,7.0
2012,2012-11-04,1987-07-03,Red Bull,Yas Marina Circuit,Race circuit,Sebastian Vettel,11,4,9256,2007-06-17,1967,ARE,DEU,AUT,0,0,101073.0,101275.0,-202.0,3.0
2012,2012-11-04,1980-01-19,McLaren,Yas Marina Circuit,Race circuit,Jenson Button,11,4,11978,2000-03-12,4620,ARE,GBR,GBR,0,0,101290.0,101275.0,15.0,6.0
2012,2012-11-04,1985-03-09,Williams,Yas Marina Circuit,Race circuit,Pastor Maldonado,11,4,10102,2011-03-27,588,ARE,VEN,GBR,0,0,101226.0,101275.0,-49.0,4.0
2012,2012-11-04,1981-04-25,Ferrari,Yas Marina Circuit,Race circuit,Felipe Massa,11,4,11516,2002-03-03,3899,ARE,BRA,ITA,0,0,101723.0,101275.0,448.0,10.0
2012,2012-11-04,1986-04-17,Lotus F1,Yas Marina Circuit,Race circuit,Romain Grosjean,11,4,9698,2009-08-23,1169,ARE,FRA,GBR,0,0,101620.0,101275.0,345.0,9.0
2012,2012-11-04,1976-08-27,Red Bull,Yas Marina Circuit,Race circuit,Mark Webber,11,4,13218,2002-03-03,3899,ARE,AUS,AUT,0,0,100978.0,101275.0,-297.0,2.0
2012,2012-11-04,1985-01-07,McLaren,Yas Marina Circuit,Race circuit,Lewis Hamilton,11,4,10163,2007-03-18,2058,ARE,GBR,GBR,0,0,100630.0,101275.0,-645.0,1.0
2012,2012-11-04,1985-06-27,Mercedes,Yas Marina Circuit,Race circuit,Nico Rosberg,11,4,9992,2006-03-12,2429,ARE,DEU,DEU,0,0,101603.0,101275.0,328.0,8.0
2012,2012-11-18,1985-01-07,McLaren,Circuit of the Americas,Race circuit,Lewis Hamilton,11,18,10177,2007-03-18,2072,USA,GBR,GBR,0,0,95766.0,96648.0,-882.0,2.0
2012,2012-11-18,1987-07-03,Red Bull,Circuit of the Americas,Race circuit,Sebastian Vettel,11,18,9270,2007-06-17,1981,USA,DEU,AUT,0,0,95657.0,96648.0,-990.0,1.0
2012,2012-11-18,1981-07-29,Ferrari,Circuit of the Americas,Race circuit,Fernando Alonso,11,18,11435,2001-03-04,4277,USA,ESP,ITA,0,0,97123.0,96648.0,476.0,10.0
2012,2012-11-18,1981-04-25,Ferrari,Circuit of the Americas,Race circuit,Felipe Massa,11,18,11530,2002-03-03,3913,USA,BRA,ITA,0,0,96549.0,96648.0,-98.0,4.0
2012,2012-11-18,1979-10-17,Lotus F1,Circuit of the Americas,Race circuit,Kimi Räikkönen,11,18,12086,2001-03-04,4277,USA,FIN,GBR,0,0,96708.0,96648.0,60.0,6.0
2012,2012-11-18,1986-04-17,Lotus F1,Circuit of the Americas,Race circuit,Romain Grosjean,11,18,9712,2009-08-23,1183,USA,FRA,GBR,0,0,96587.0,96648.0,-60.0,5.0
2012,2012-11-18,1987-08-19,Force India,Circuit of the Americas,Race circuit,Nico Hülkenberg,11,18,9223,2010-03-14,980,USA,DEU,IND,0,0,97066.0,96648.0,418.0,9.0
2012,2012-11-18,1985-03-09,Williams,Circuit of the Americas,Race circuit,Pastor Maldonado,11,18,10116,2011-03-27,602,USA,VEN,GBR,0,0,97011.0,96648.0,364.0,8.0
2012,2012-11-18,1969-01-03,Mercedes,Circuit of the Americas,Race circuit,Michael Schumacher,11,18,16025,1991-08-25,7756,USA,DEU,DEU,0,0,96794.0,96648.0,146.0,7.0
2012,2012-11-18,1976-08-27,Red Bull,Circuit of the Americas,Race circuit,Mark Webber,11,18,13232,2002-03-03,3913,USA,AUS,AUT,0,0,96174.0,96648.0,-474.0,3.0
2012,2012-11-25,1980-01-19,McLaren,Autódromo José Carlos Pace,Race circuit,Jenson Button,11,25,11999,2000-03-12,4641,BRA,GBR,GBR,0,0,72513.0,73080.0,-568.0,2.0
2012,2012-11-25,1981-07-29,Ferrari,Autódromo José Carlos Pace,Race circuit,Fernando Alonso,11,25,11442,2001-03-04,4284,BRA,ESP,ITA,0,0,73253.0,73080.0,172.0,8.0
2012,2012-11-25,1981-04-25,Ferrari,Autódromo José Carlos Pace,Race circuit,Felipe Massa,11,25,11537,2002-03-03,3920,BRA,BRA,ITA,1,0,72987.0,73080.0,-94.0,5.0
2012,2012-11-25,1976-08-27,Red Bull,Autódromo José Carlos Pace,Race circuit,Mark Webber,11,25,13239,2002-03-03,3920,BRA,AUS,AUT,0,0,72581.0,73080.0,-500.0,3.0
2012,2012-11-25,1987-08-19,Force India,Autódromo José Carlos Pace,Race circuit,Nico Hülkenberg,11,25,9230,2010-03-14,987,BRA,DEU,IND,0,0,73206.0,73080.0,126.0,7.0
2012,2012-11-25,1987-07-03,Red Bull,Autódromo José Carlos Pace,Race circuit,Sebastian Vettel,11,25,9277,2007-06-17,1988,BRA,DEU,AUT,0,0,72760.0,73080.0,-320.0,4.0
2012,2012-11-25,1979-10-17,Lotus F1,Autódromo José Carlos Pace,Race circuit,Kimi Räikkönen,11,25,12093,2001-03-04,4284,BRA,FIN,GBR,0,0,73298.0,73080.0,218.0,9.0
2012,2012-11-25,1985-06-27,Mercedes,Autódromo José Carlos Pace,Race circuit,Nico Rosberg,11,25,10013,2006-03-12,2450,BRA,DEU,DEU,0,0,73489.0,73080.0,408.0,10.0
2012,2012-11-25,1985-01-07,McLaren,Autódromo José Carlos Pace,Race circuit,Lewis Hamilton,11,25,10184,2007-03-18,2079,BRA,GBR,GBR,0,0,72458.0,73080.0,-622.0,1.0
2012,2012-11-25,1985-03-09,Williams,Autódromo José Carlos Pace,Race circuit,Pastor Maldonado,11,25,10123,2011-03-27,609,BRA,VEN,GBR,0,0,73174.0,73080.0,94.0,6.0
2013,2013-03-17,1979-10-17,Lotus F1,Albert Park Grand Prix Circuit,Street circuit,Kimi Räikkönen,3,17,12205,2001-03-04,4396,AUS,FIN,GBR,0,0,88738.0,88508.0,230.0,7.0
2013,2013-03-17,1981-07-29,Ferrari,Albert Park Grand Prix Circuit,Street circuit,Fernando Alonso,3,17,11554,2001-03-04,4396,AUS,ESP,ITA,0,0,88493.0,88508.0,-15.0,5.0
2013,2013-03-17,1987-07-03,Red Bull,Albert Park Grand Prix Circuit,Street circuit,Sebastian Vettel,3,17,9389,2007-06-17,2100,AUS,DEU,AUT,0,0,87407.0,88508.0,-1101.0,1.0
2013,2013-03-17,1981-04-25,Ferrari,Albert Park Grand Prix Circuit,Street circuit,Felipe Massa,3,17,11649,2002-03-03,4032,AUS,BRA,ITA,0,0,88490.0,88508.0,-18.0,4.0
2013,2013-03-17,1985-01-07,Mercedes,Albert Park Grand Prix Circuit,Street circuit,Lewis Hamilton,3,17,10296,2007-03-18,2191,AUS,GBR,DEU,0,0,88087.0,88508.0,-421.0,3.0
2013,2013-03-17,1976-08-27,Red Bull,Albert Park Grand Prix Circuit,Street circuit,Mark Webber,3,17,13351,2002-03-03,4032,AUS,AUS,AUT,1,0,87827.0,88508.0,-681.0,2.0
2013,2013-03-17,1986-04-16,Force India,Albert Park Grand Prix Circuit,Street circuit,Paul di Resta,3,17,9832,2011-03-27,721,AUS,GBR,IND,0,0,89305.0,88508.0,797.0,9.0
2013,2013-03-17,1980-01-19,McLaren,Albert Park Grand Prix Circuit,Street circuit,Jenson Button,3,17,12111,2000-03-12,4753,AUS,GBR,GBR,0,0,90357.0,88508.0,1849.0,10.0
2013,2013-03-17,1986-04-17,Lotus F1,Albert Park Grand Prix Circuit,Street circuit,Romain Grosjean,3,17,9831,2009-08-23,1302,AUS,FRA,GBR,0,0,89013.0,88508.0,505.0,8.0
2013,2013-03-17,1985-06-27,Mercedes,Albert Park Grand Prix Circuit,Street circuit,Nico Rosberg,3,17,10125,2006-03-12,2562,AUS,DEU,DEU,0,0,88523.0,88508.0,15.0,6.0
2013,2013-03-24,1987-07-03,Red Bull,Sepang International Circuit,Race circuit,Sebastian Vettel,3,24,9396,2007-06-17,2107,MYS,DEU,AUT,0,0,97245.0,96842.0,404.0,9.0
2013,2013-03-24,1976-08-27,Red Bull,Sepang International Circuit,Race circuit,Mark Webber,3,24,13358,2002-03-03,4039,MYS,AUS,AUT,0,0,96449.0,96842.0,-392.0,2.0
2013,2013-03-24,1985-01-07,Mercedes,Sepang International Circuit,Race circuit,Lewis Hamilton,3,24,10303,2007-03-18,2198,MYS,GBR,DEU,0,0,96517.0,96842.0,-324.0,3.0
2013,2013-03-24,1985-06-27,Mercedes,Sepang International Circuit,Race circuit,Nico Rosberg,3,24,10132,2006-03-12,2569,MYS,DEU,DEU,0,0,96190.0,96842.0,-652.0,1.0
2013,2013-03-24,1981-04-25,Ferrari,Sepang International Circuit,Race circuit,Felipe Massa,3,24,11656,2002-03-03,4039,MYS,BRA,ITA,0,0,96874.0,96842.0,32.0,6.0
2013,2013-03-24,1979-10-17,Lotus F1,Sepang International Circuit,Race circuit,Kimi Räikkönen,3,24,12212,2001-03-04,4403,MYS,FIN,GBR,0,0,96640.0,96842.0,-202.0,4.0
2013,2013-03-24,1990-01-26,McLaren,Sepang International Circuit,Race circuit,Sergio Pérez,3,24,8458,2011-03-27,728,MYS,MEX,GBR,0,0,97342.0,96842.0,500.0,10.0
2013,2013-03-24,1980-01-19,McLaren,Sepang International Circuit,Race circuit,Jenson Button,3,24,12118,2000-03-12,4760,MYS,GBR,GBR,0,0,97117.0,96842.0,276.0,8.0
2013,2013-03-24,1983-01-11,Force India,Sepang International Circuit,Race circuit,Adrian Sutil,3,24,11030,2007-03-18,2198,MYS,DEU,IND,0,0,96809.0,96842.0,-32.0,5.0
2013,2013-03-24,1981-07-29,Ferrari,Sepang International Circuit,Race circuit,Fernando Alonso,3,24,11561,2001-03-04,4403,MYS,ESP,ITA,0,0,96877.0,96842.0,36.0,7.0
2013,2013-04-14,1981-07-29,Ferrari,Shanghai International Circuit,Race circuit,Fernando Alonso,4,14,11582,2001-03-04,4424,CHN,ESP,ITA,0,0,94788.0,94897.0,-109.0,3.0
2013,2013-04-14,1979-10-17,Lotus F1,Shanghai International Circuit,Race circuit,Kimi Räikkönen,4,14,12233,2001-03-04,4424,CHN,FIN,GBR,0,0,94761.0,94897.0,-136.0,2.0
2013,2013-04-14,1985-01-07,Mercedes,Shanghai International Circuit,Race circuit,Lewis Hamilton,4,14,10324,2007-03-18,2219,CHN,GBR,DEU,0,0,94484.0,94897.0,-413.0,1.0
2013,2013-04-14,1980-01-19,McLaren,Shanghai International Circuit,Race circuit,Jenson Button,4,14,12139,2000-03-12,4781,CHN,GBR,GBR,0,0,95784.0,94897.0,887.0,7.0
2013,2013-04-14,1981-04-25,Ferrari,Shanghai International Circuit,Race circuit,Felipe Massa,4,14,11677,2002-03-03,4060,CHN,BRA,ITA,0,0,94933.0,94897.0,36.0,5.0
2013,2013-04-14,1989-07-01,Toro Rosso,Shanghai International Circuit,Race circuit,Daniel Ricciardo,4,14,8688,2011-07-10,644,CHN,AUS,ITA,0,0,95998.0,94897.0,1101.0,8.0
2013,2013-04-14,1986-04-17,Lotus F1,Shanghai International Circuit,Race circuit,Romain Grosjean,4,14,9859,2009-08-23,1330,CHN,FRA,GBR,0,0,95364.0,94897.0,467.0,6.0
2013,2013-04-14,1985-06-27,Mercedes,Shanghai International Circuit,Race circuit,Nico Rosberg,4,14,10153,2006-03-12,2590,CHN,DEU,DEU,0,0,94861.0,94897.0,-36.0,4.0
2013,2013-04-21,1987-07-03,Red Bull,Bahrain International Circuit,Race circuit,Sebastian Vettel,4,21,9424,2007-06-17,2135,BHR,DEU,AUT,0,0,92584.0,93078.0,-494.0,2.0
2013,2013-04-21,1979-10-17,Lotus F1,Bahrain International Circuit,Race circuit,Kimi Räikkönen,4,21,12240,2001-03-04,4431,BHR,FIN,GBR,0,0,93146.0,93078.0,68.0,6.0
2013,2013-04-21,1986-04-16,Force India,Bahrain International Circuit,Race circuit,Paul di Resta,4,21,9867,2011-03-27,756,BHR,GBR,IND,0,0,93235.0,93078.0,157.0,8.0
2013,2013-04-21,1985-01-07,Mercedes,Bahrain International Circuit,Race circuit,Lewis Hamilton,4,21,10331,2007-03-18,2226,BHR,GBR,DEU,0,0,92762.0,93078.0,-316.0,4.0
2013,2013-04-21,1976-08-27,Red Bull,Bahrain International Circuit,Race circuit,Mark Webber,4,21,13386,2002-03-03,4067,BHR,AUS,AUT,0,0,93078.0,93078.0,0.0,5.0
2013,2013-04-21,1981-07-29,Ferrari,Bahrain International Circuit,Race circuit,Fernando Alonso,4,21,11589,2001-03-04,4431,BHR,ESP,ITA,0,0,92667.0,93078.0,-411.0,3.0
2013,2013-04-21,1985-06-27,Mercedes,Bahrain International Circuit,Race circuit,Nico Rosberg,4,21,10160,2006-03-12,2597,BHR,DEU,DEU,0,0,92330.0,93078.0,-748.0,1.0
2013,2013-04-21,1983-01-11,Force India,Bahrain International Circuit,Race circuit,Adrian Sutil,4,21,11058,2007-03-18,2226,BHR,DEU,IND,0,0,93246.0,93078.0,168.0,9.0
2013,2013-04-21,1981-04-25,Ferrari,Bahrain International Circuit,Race circuit,Felipe Massa,4,21,11684,2002-03-03,4067,BHR,BRA,ITA,0,0,93207.0,93078.0,129.0,7.0
2013,2013-05-12,1981-07-29,Ferrari,Circuit de Barcelona-Catalunya,Race circuit,Fernando Alonso,5,12,11610,2001-03-04,4452,ESP,ESP,ITA,1,0,81218.0,81218.0,-0.0,5.0
2013,2013-05-12,1979-10-17,Lotus F1,Circuit de Barcelona-Catalunya,Race circuit,Kimi Räikkönen,5,12,12261,2001-03-04,4452,ESP,FIN,GBR,0,0,81177.0,81218.0,-42.0,4.0
2013,2013-05-12,1981-04-25,Ferrari,Circuit de Barcelona-Catalunya,Race circuit,Felipe Massa,5,12,11705,2002-03-03,4088,ESP,BRA,ITA,0,0,81219.0,81218.0,0.0,5.0
2013,2013-05-12,1987-07-03,Red Bull,Circuit de Barcelona-Catalunya,Race circuit,Sebastian Vettel,5,12,9445,2007-06-17,2156,ESP,DEU,AUT,0,0,81054.0,81218.0,-164.0,3.0
2013,2013-05-12,1976-08-27,Red Bull,Circuit de Barcelona-Catalunya,Race circuit,Mark Webber,5,12,13407,2002-03-03,4088,ESP,AUS,AUT,0,0,81570.0,81218.0,352.0,8.0
2013,2013-05-12,1985-06-27,Mercedes,Circuit de Barcelona-Catalunya,Race circuit,Nico Rosberg,5,12,10181,2006-03-12,2618,ESP,DEU,DEU,0,0,80718.0,81218.0,-500.0,1.0
2013,2013-05-12,1986-04-16,Force India,Circuit de Barcelona-Catalunya,Race circuit,Paul di Resta,5,12,9888,2011-03-27,777,ESP,GBR,IND,0,0,82019.0,81218.0,800.0,10.0
2013,2013-05-12,1990-01-26,McLaren,Circuit de Barcelona-Catalunya,Race circuit,Sergio Pérez,5,12,8507,2011-03-27,777,ESP,MEX,GBR,0,0,81790.0,81218.0,572.0,9.0
2013,2013-05-12,1985-01-07,Mercedes,Circuit de Barcelona-Catalunya,Race circuit,Lewis Hamilton,5,12,10352,2007-03-18,2247,ESP,GBR,DEU,0,0,80972.0,81218.0,-246.0,2.0
2013,2013-05-12,1986-04-17,Lotus F1,Circuit de Barcelona-Catalunya,Race circuit,Romain Grosjean,5,12,9887,2009-08-23,1358,ESP,FRA,GBR,0,0,81308.0,81218.0,90.0,7.0
2013,2013-05-26,1985-06-27,Mercedes,Circuit de Monaco,Street circuit,Nico Rosberg,5,26,10195,2006-03-12,2632,MCO,DEU,DEU,0,0,73876.0,74823.0,-947.0,1.0
2013,2013-05-26,1987-07-03,Red Bull,Circuit de Monaco,Street circuit,Sebastian Vettel,5,26,9459,2007-06-17,2170,MCO,DEU,AUT,0,0,73980.0,74823.0,-843.0,3.0
2013,2013-05-26,1976-08-27,Red Bull,Circuit de Monaco,Street circuit,Mark Webber,5,26,13421,2002-03-03,4102,MCO,AUS,AUT,0,0,74181.0,74823.0,-642.0,4.0
2013,2013-05-26,1985-01-07,Mercedes,Circuit de Monaco,Street circuit,Lewis Hamilton,5,26,10366,2007-03-18,2261,MCO,GBR,DEU,0,0,73967.0,74823.0,-856.0,2.0
2013,2013-05-26,1983-01-11,Force India,Circuit de Monaco,Street circuit,Adrian Sutil,5,26,11093,2007-03-18,2261,MCO,DEU,IND,0,0,75383.0,74823.0,560.0,8.0
2013,2013-05-26,1980-01-19,McLaren,Circuit de Monaco,Street circuit,Jenson Button,5,26,12181,2000-03-12,4823,MCO,GBR,GBR,0,0,75647.0,74823.0,824.0,9.0
2013,2013-05-26,1981-07-29,Ferrari,Circuit de Monaco,Street circuit,Fernando Alonso,5,26,11624,2001-03-04,4466,MCO,ESP,ITA,0,0,74824.0,74823.0,1.0,6.0
2013,2013-05-26,1990-04-25,Toro Rosso,Circuit de Monaco,Street circuit,Jean-Éric Vergne,5,26,8432,2012-03-18,434,MCO,FRA,ITA,0,0,75703.0,74823.0,880.0,10.0
2013,2013-05-26,1979-10-17,Lotus F1,Circuit de Monaco,Street circuit,Kimi Räikkönen,5,26,12275,2001-03-04,4466,MCO,FIN,GBR,0,0,74822.0,74823.0,-1.0,5.0
2013,2013-05-26,1990-01-26,McLaren,Circuit de Monaco,Street circuit,Sergio Pérez,5,26,8521,2011-03-27,791,MCO,MEX,GBR,0,0,75138.0,74823.0,315.0,7.0
2013,2013-06-09,1987-07-03,Red Bull,Circuit Gilles Villeneuve,Street circuit,Sebastian Vettel,6,9,9473,2007-06-17,2184,CAN,DEU,AUT,0,0,82318.0,83820.0,-1502.0,1.0
2013,2013-06-09,1981-07-29,Ferrari,Circuit Gilles Villeneuve,Street circuit,Fernando Alonso,6,9,11638,2001-03-04,4480,CAN,ESP,ITA,0,0,83224.0,83820.0,-596.0,2.0
2013,2013-06-09,1985-01-07,Mercedes,Circuit Gilles Villeneuve,Street circuit,Lewis Hamilton,6,9,10380,2007-03-18,2275,CAN,GBR,DEU,0,0,83801.0,83820.0,-20.0,5.0
2013,2013-06-09,1976-08-27,Red Bull,Circuit Gilles Villeneuve,Street circuit,Mark Webber,6,9,13435,2002-03-03,4116,CAN,AUS,AUT,0,0,83247.0,83820.0,-574.0,3.0
2013,2013-06-09,1985-06-27,Mercedes,Circuit Gilles Villeneuve,Street circuit,Nico Rosberg,6,9,10209,2006-03-12,2646,CAN,DEU,DEU,0,0,83840.0,83820.0,20.0,6.0
2013,2013-06-09,1990-04-25,Toro Rosso,Circuit Gilles Villeneuve,Street circuit,Jean-Éric Vergne,6,9,8446,2012-03-18,448,CAN,FRA,ITA,0,0,84159.0,83820.0,338.0,7.0
2013,2013-06-09,1979-10-17,Lotus F1,Circuit Gilles Villeneuve,Street circuit,Kimi Räikkönen,6,9,12289,2001-03-04,4480,CAN,FIN,GBR,0,0,84451.0,83820.0,630.0,8.0
2013,2013-06-09,1983-01-11,Force India,Circuit Gilles Villeneuve,Street circuit,Adrian Sutil,6,9,11107,2007-03-18,2275,CAN,DEU,IND,0,0,84551.0,83820.0,730.0,9.0
2013,2013-06-09,1989-08-28,Williams,Circuit Gilles Villeneuve,Street circuit,Valtteri Bottas,6,9,8686,2013-03-17,84,CAN,FIN,GBR,0,0,83446.0,83820.0,-374.0,4.0
2013,2013-06-09,1989-07-01,Toro Rosso,Circuit Gilles Villeneuve,Street circuit,Daniel Ricciardo,6,9,8744,2011-07-10,700,CAN,AUS,ITA,0,0,84770.0,83820.0,950.0,10.0
2013,2013-06-30,1985-06-27,Mercedes,Silverstone Circuit,Race circuit,Nico Rosberg,6,30,10230,2006-03-12,2667,GBR,DEU,DEU,0,0,90059.0,90746.0,-688.0,2.0
2013,2013-06-30,1976-08-27,Red Bull,Silverstone Circuit,Race circuit,Mark Webber,6,30,13456,2002-03-03,4137,GBR,AUS,AUT,0,0,90220.0,90746.0,-526.0,4.0
2013,2013-06-30,1981-07-29,Ferrari,Silverstone Circuit,Race circuit,Fernando Alonso,6,30,11659,2001-03-04,4501,GBR,ESP,ITA,0,0,90979.0,90746.0,232.0,10.0
2013,2013-06-30,1985-01-07,Mercedes,Silverstone Circuit,Race circuit,Lewis Hamilton,6,30,10401,2007-03-18,2296,GBR,GBR,DEU,1,0,89607.0,90746.0,-1140.0,1.0
2013,2013-06-30,1979-10-17,Lotus F1,Silverstone Circuit,Race circuit,Kimi Räikkönen,6,30,12310,2001-03-04,4501,GBR,FIN,GBR,0,1,90962.0,90746.0,216.0,9.0
2013,2013-06-30,1983-01-11,Force India,Silverstone Circuit,Race circuit,Adrian Sutil,6,30,11128,2007-03-18,2296,GBR,DEU,IND,0,0,90908.0,90746.0,162.0,7.0
2013,2013-06-30,1989-07-01,Toro Rosso,Silverstone Circuit,Race circuit,Daniel Ricciardo,6,30,8765,2011-07-10,721,GBR,AUS,ITA,0,0,90757.0,90746.0,10.0,6.0
2013,2013-06-30,1986-04-16,Force India,Silverstone Circuit,Race circuit,Paul di Resta,6,30,9937,2011-03-27,826,GBR,GBR,IND,1,0,90736.0,90746.0,-10.0,5.0
2013,2013-06-30,1986-04-17,Lotus F1,Silverstone Circuit,Race circuit,Romain Grosjean,6,30,9936,2009-08-23,1407,GBR,FRA,GBR,0,1,90955.0,90746.0,208.0,8.0
2013,2013-06-30,1987-07-03,Red Bull,Silverstone Circuit,Race circuit,Sebastian Vettel,6,30,9494,2007-06-17,2205,GBR,DEU,AUT,0,0,90211.0,90746.0,-536.0,3.0
2013,2013-07-07,1987-07-03,Red Bull,Nürburgring,Race circuit,Sebastian Vettel,7,7,9501,2007-06-17,2212,DEU,DEU,AUT,1,0,89501.0,89838.0,-338.0,2.0
2013,2013-07-07,1979-10-17,Lotus F1,Nürburgring,Race circuit,Kimi Räikkönen,7,7,12317,2001-03-04,4508,DEU,FIN,GBR,0,0,89852.0,89838.0,14.0,5.0
2013,2013-07-07,1986-04-17,Lotus F1,Nürburgring,Race circuit,Romain Grosjean,7,7,9943,2009-08-23,1414,DEU,FRA,GBR,0,0,89959.0,89838.0,120.0,6.0
2013,2013-07-07,1981-07-29,Ferrari,Nürburgring,Race circuit,Fernando Alonso,7,7,11666,2001-03-04,4508,DEU,ESP,ITA,0,0,89962.0,89838.0,124.0,7.0
2013,2013-07-07,1985-01-07,Mercedes,Nürburgring,Race circuit,Lewis Hamilton,7,7,10408,2007-03-18,2303,DEU,GBR,DEU,0,1,89398.0,89838.0,-440.0,1.0
2013,2013-07-07,1976-08-27,Red Bull,Nürburgring,Race circuit,Mark Webber,7,7,13463,2002-03-03,4144,DEU,AUS,AUT,0,0,89608.0,89838.0,-230.0,3.0
2013,2013-07-07,1989-07-01,Toro Rosso,Nürburgring,Race circuit,Daniel Ricciardo,7,7,8772,2011-07-10,728,DEU,AUS,ITA,0,0,90223.0,89838.0,384.0,8.0
2013,2013-07-07,1981-04-25,Ferrari,Nürburgring,Race circuit,Felipe Massa,7,7,11761,2002-03-03,4144,DEU,BRA,ITA,0,0,89825.0,89838.0,-14.0,4.0
2013,2013-07-28,1985-01-07,Mercedes,Hungaroring,Race circuit,Lewis Hamilton,7,28,10429,2007-03-18,2324,HUN,GBR,DEU,0,0,79388.0,79791.0,-403.0,1.0
2013,2013-07-28,1979-10-17,Lotus F1,Hungaroring,Race circuit,Kimi Räikkönen,7,28,12338,2001-03-04,4529,HUN,FIN,GBR,0,0,79851.0,79791.0,60.0,6.0
2013,2013-07-28,1987-07-03,Red Bull,Hungaroring,Race circuit,Sebastian Vettel,7,28,9522,2007-06-17,2233,HUN,DEU,AUT,0,0,79426.0,79791.0,-365.0,2.0
2013,2013-07-28,1981-07-29,Ferrari,Hungaroring,Race circuit,Fernando Alonso,7,28,11687,2001-03-04,4529,HUN,ESP,ITA,0,0,79791.0,79791.0,0.0,5.0
2013,2013-07-28,1986-04-17,Lotus F1,Hungaroring,Race circuit,Romain Grosjean,7,28,9964,2009-08-23,1435,HUN,FRA,GBR,0,0,79595.0,79791.0,-196.0,3.0
2013,2013-07-28,1981-04-25,Ferrari,Hungaroring,Race circuit,Felipe Massa,7,28,11782,2002-03-03,4165,HUN,BRA,ITA,0,0,79929.0,79791.0,138.0,7.0
2013,2013-07-28,1990-01-26,McLaren,Hungaroring,Race circuit,Sergio Pérez,7,28,8584,2011-03-27,854,HUN,MEX,GBR,0,0,80545.0,79791.0,754.0,9.0
2013,2013-07-28,1989-07-01,Toro Rosso,Hungaroring,Race circuit,Daniel Ricciardo,7,28,8793,2011-07-10,749,HUN,AUS,ITA,0,0,80527.0,79791.0,736.0,8.0
2013,2013-07-28,1985-06-27,Mercedes,Hungaroring,Race circuit,Nico Rosberg,7,28,10258,2006-03-12,2695,HUN,DEU,DEU,0,0,79720.0,79791.0,-71.0,4.0
2013,2013-08-25,1987-07-03,Red Bull,Circuit de Spa-Francorchamps,Race circuit,Sebastian Vettel,8,25,9550,2007-06-17,2261,BEL,DEU,AUT,0,0,108646.0,108644.0,2.0,6.0
2013,2013-08-25,1981-07-29,Ferrari,Circuit de Spa-Francorchamps,Race circuit,Fernando Alonso,8,25,11715,2001-03-04,4557,BEL,ESP,ITA,0,0,108309.0,108644.0,-334.0,2.0
2013,2013-08-25,1985-01-07,Mercedes,Circuit de Spa-Francorchamps,Race circuit,Lewis Hamilton,8,25,10457,2007-03-18,2352,BEL,GBR,DEU,0,0,109067.0,108644.0,424.0,10.0
2013,2013-08-25,1985-06-27,Mercedes,Circuit de Spa-Francorchamps,Race circuit,Nico Rosberg,8,25,10286,2006-03-12,2723,BEL,DEU,DEU,0,0,108552.0,108644.0,-92.0,3.0
2013,2013-08-25,1976-08-27,Red Bull,Circuit de Spa-Francorchamps,Race circuit,Mark Webber,8,25,13512,2002-03-03,4193,BEL,AUS,AUT,0,0,108641.0,108644.0,-2.0,4.0
2013,2013-08-25,1980-01-19,McLaren,Circuit de Spa-Francorchamps,Race circuit,Jenson Button,8,25,12272,2000-03-12,4914,BEL,GBR,GBR,0,0,108641.0,108644.0,-2.0,4.0
2013,2013-08-25,1981-04-25,Ferrari,Circuit de Spa-Francorchamps,Race circuit,Felipe Massa,8,25,11810,2002-03-03,4193,BEL,BRA,ITA,0,0,109020.0,108644.0,376.0,9.0
2013,2013-08-25,1986-04-17,Lotus F1,Circuit de Spa-Francorchamps,Race circuit,Romain Grosjean,8,25,9992,2009-08-23,1463,BEL,FRA,GBR,0,0,108649.0,108644.0,6.0,7.0
2013,2013-08-25,1986-04-16,Force India,Circuit de Spa-Francorchamps,Race circuit,Paul di Resta,8,25,9993,2011-03-27,882,BEL,GBR,IND,0,0,108925.0,108644.0,282.0,8.0
2013,2013-08-25,1979-10-17,Lotus F1,Circuit de Spa-Francorchamps,Race circuit,Kimi Räikkönen,8,25,12366,2001-03-04,4557,BEL,FIN,GBR,0,0,108296.0,108644.0,-348.0,1.0
2013,2013-09-08,1987-07-03,Red Bull,Autodromo Nazionale di Monza,Race circuit,Sebastian Vettel,9,8,9564,2007-06-17,2275,ITA,DEU,AUT,0,0,83755.0,84167.0,-412.0,1.0
2013,2013-09-08,1981-07-29,Ferrari,Autodromo Nazionale di Monza,Race circuit,Fernando Alonso,9,8,11729,2001-03-04,4571,ITA,ESP,ITA,0,1,84142.0,84167.0,-25.0,5.0
2013,2013-09-08,1976-08-27,Red Bull,Autodromo Nazionale di Monza,Race circuit,Mark Webber,9,8,13526,2002-03-03,4207,ITA,AUS,AUT,0,0,83968.0,84167.0,-199.0,2.0
2013,2013-09-08,1981-04-25,Ferrari,Autodromo Nazionale di Monza,Race circuit,Felipe Massa,9,8,11824,2002-03-03,4207,ITA,BRA,ITA,0,1,84132.0,84167.0,-35.0,4.0
2013,2013-09-08,1987-08-19,Sauber,Autodromo Nazionale di Monza,Race circuit,Nico Hülkenberg,9,8,9517,2010-03-14,1274,ITA,DEU,CHE,0,0,84065.0,84167.0,-102.0,3.0
2013,2013-09-08,1985-06-27,Mercedes,Autodromo Nazionale di Monza,Race circuit,Nico Rosberg,9,8,10300,2006-03-12,2737,ITA,DEU,DEU,0,0,84192.0,84167.0,25.0,6.0
2013,2013-09-08,1989-07-01,Toro Rosso,Autodromo Nazionale di Monza,Race circuit,Daniel Ricciardo,9,8,8835,2011-07-10,791,ITA,AUS,ITA,0,1,84209.0,84167.0,42.0,7.0
2013,2013-09-08,1980-01-19,McLaren,Autodromo Nazionale di Monza,Race circuit,Jenson Button,9,8,12286,2000-03-12,4928,ITA,GBR,GBR,0,0,84515.0,84167.0,348.0,9.0
2013,2013-09-08,1990-01-26,McLaren,Autodromo Nazionale di Monza,Race circuit,Sergio Pérez,9,8,8626,2011-03-27,896,ITA,MEX,GBR,0,0,84502.0,84167.0,335.0,8.0
2013,2013-09-08,1990-04-25,Toro Rosso,Autodromo Nazionale di Monza,Race circuit,Jean-Éric Vergne,9,8,8537,2012-03-18,539,ITA,FRA,ITA,0,1,84575.0,84167.0,408.0,10.0
2013,2013-09-22,1987-07-03,Red Bull,Marina Bay Street Circuit,Street circuit,Sebastian Vettel,9,22,9578,2007-06-17,2289,SGP,DEU,AUT,0,0,102841.0,103254.0,-413.0,1.0
2013,2013-09-22,1981-07-29,Ferrari,Marina Bay Street Circuit,Street circuit,Fernando Alonso,9,22,11743,2001-03-04,4585,SGP,ESP,ITA,0,0,103938.0,103254.0,684.0,7.0
2013,2013-09-22,1985-06-27,Mercedes,Marina Bay Street Circuit,Street circuit,Nico Rosberg,9,22,10314,2006-03-12,2751,SGP,DEU,DEU,0,0,102932.0,103254.0,-322.0,2.0
2013,2013-09-22,1985-01-07,Mercedes,Marina Bay Street Circuit,Street circuit,Lewis Hamilton,9,22,10485,2007-03-18,2380,SGP,GBR,DEU,0,0,103254.0,103254.0,0.0,5.0
2013,2013-09-22,1981-04-25,Ferrari,Marina Bay Street Circuit,Street circuit,Felipe Massa,9,22,11838,2002-03-03,4221,SGP,BRA,ITA,0,0,103890.0,103254.0,636.0,6.0
2013,2013-09-22,1980-01-19,McLaren,Marina Bay Street Circuit,Street circuit,Jenson Button,9,22,12300,2000-03-12,4942,SGP,GBR,GBR,0,0,104282.0,103254.0,1028.0,8.0
2013,2013-09-22,1976-08-27,Red Bull,Marina Bay Street Circuit,Street circuit,Mark Webber,9,22,13540,2002-03-03,4221,SGP,AUS,AUT,0,0,103152.0,103254.0,-102.0,4.0
2013,2013-09-22,1986-04-17,Lotus F1,Marina Bay Street Circuit,Street circuit,Romain Grosjean,9,22,10020,2009-08-23,1491,SGP,FRA,GBR,0,0,103058.0,103254.0,-196.0,3.0
2013,2013-09-22,1989-07-01,Toro Rosso,Marina Bay Street Circuit,Street circuit,Daniel Ricciardo,9,22,8849,2011-07-10,805,SGP,AUS,ITA,0,0,104407.0,103254.0,1153.0,9.0
2013,2013-10-06,1987-07-03,Red Bull,Korean International Circuit,Race circuit,Sebastian Vettel,10,6,9592,2007-06-17,2303,KOR,DEU,AUT,0,0,97202.0,97796.0,-594.0,1.0
2013,2013-10-06,1979-10-17,Lotus F1,Korean International Circuit,Race circuit,Kimi Räikkönen,10,6,12408,2001-03-04,4599,KOR,FIN,GBR,0,0,98181.0,97796.0,385.0,8.0
2013,2013-10-06,1986-04-17,Lotus F1,Korean International Circuit,Race circuit,Romain Grosjean,10,6,10034,2009-08-23,1505,KOR,FRA,GBR,0,0,97531.0,97796.0,-265.0,4.0
2013,2013-10-06,1987-08-19,Sauber,Korean International Circuit,Race circuit,Nico Hülkenberg,10,6,9545,2010-03-14,1302,KOR,DEU,CHE,0,0,97913.0,97796.0,117.0,6.0
2013,2013-10-06,1985-01-07,Mercedes,Korean International Circuit,Race circuit,Lewis Hamilton,10,6,10499,2007-03-18,2394,KOR,GBR,DEU,0,0,97420.0,97796.0,-376.0,2.0
2013,2013-10-06,1981-07-29,Ferrari,Korean International Circuit,Race circuit,Fernando Alonso,10,6,11757,2001-03-04,4599,KOR,ESP,ITA,0,0,97978.0,97796.0,182.0,7.0
2013,2013-10-06,1985-06-27,Mercedes,Korean International Circuit,Race circuit,Nico Rosberg,10,6,10328,2006-03-12,2765,KOR,DEU,DEU,0,0,97679.0,97796.0,-117.0,5.0
2013,2013-10-06,1981-04-25,Ferrari,Korean International Circuit,Race circuit,Felipe Massa,10,6,11852,2002-03-03,4235,KOR,BRA,ITA,0,0,98223.0,97796.0,427.0,9.0
2013,2013-10-06,1991-08-05,Sauber,Korean International Circuit,Race circuit,Esteban Gutiérrez,10,6,8098,2013-03-17,203,KOR,MEX,CHE,0,0,98327.0,97796.0,531.0,10.0
2013,2013-10-06,1976-08-27,Red Bull,Korean International Circuit,Race circuit,Mark Webber,10,6,13554,2002-03-03,4235,KOR,AUS,AUT,0,0,97464.0,97796.0,-332.0,3.0
2013,2013-10-13,1987-07-03,Red Bull,Suzuka Circuit,Race circuit,Sebastian Vettel,10,13,9599,2007-06-17,2310,JPN,DEU,AUT,0,0,91089.0,91388.0,-298.0,2.0
2013,2013-10-13,1976-08-27,Red Bull,Suzuka Circuit,Race circuit,Mark Webber,10,13,13561,2002-03-03,4242,JPN,AUS,AUT,0,0,90915.0,91388.0,-472.0,1.0
2013,2013-10-13,1986-04-17,Lotus F1,Suzuka Circuit,Race circuit,Romain Grosjean,10,13,10041,2009-08-23,1512,JPN,FRA,GBR,0,0,91365.0,91388.0,-22.0,4.0
2013,2013-10-13,1981-07-29,Ferrari,Suzuka Circuit,Race circuit,Fernando Alonso,10,13,11764,2001-03-04,4606,JPN,ESP,ITA,0,0,91665.0,91388.0,278.0,9.0
2013,2013-10-13,1979-10-17,Lotus F1,Suzuka Circuit,Race circuit,Kimi Räikkönen,10,13,12415,2001-03-04,4606,JPN,FIN,GBR,0,0,91662.0,91388.0,274.0,8.0
2013,2013-10-13,1987-08-19,Sauber,Suzuka Circuit,Race circuit,Nico Hülkenberg,10,13,9552,2010-03-14,1309,JPN,DEU,CHE,0,0,91644.0,91388.0,256.0,7.0
2013,2013-10-13,1985-06-27,Mercedes,Suzuka Circuit,Race circuit,Nico Rosberg,10,13,10335,2006-03-12,2772,JPN,DEU,DEU,0,0,91397.0,91388.0,10.0,6.0
2013,2013-10-13,1980-01-19,McLaren,Suzuka Circuit,Race circuit,Jenson Button,10,13,12321,2000-03-12,4963,JPN,GBR,GBR,0,0,91827.0,91388.0,440.0,10.0
2013,2013-10-13,1981-04-25,Ferrari,Suzuka Circuit,Race circuit,Felipe Massa,10,13,11859,2002-03-03,4242,JPN,BRA,ITA,0,0,91378.0,91388.0,-10.0,5.0
2013,2013-10-13,1985-01-07,Mercedes,Suzuka Circuit,Race circuit,Lewis Hamilton,10,13,10506,2007-03-18,2401,JPN,GBR,DEU,0,0,91253.0,91388.0,-134.0,3.0
2013,2013-10-27,1987-07-03,Red Bull,Buddh International Circuit,Race circuit,Sebastian Vettel,10,27,9613,2007-06-17,2324,IND,DEU,AUT,0,0,84119.0,85119.0,-1000.0,1.0
2013,2013-10-27,1985-06-27,Mercedes,Buddh International Circuit,Race circuit,Nico Rosberg,10,27,10349,2006-03-12,2786,IND,DEU,DEU,0,0,84871.0,85119.0,-248.0,2.0
2013,2013-10-27,1981-04-25,Ferrari,Buddh International Circuit,Race circuit,Felipe Massa,10,27,11873,2002-03-03,4256,IND,BRA,ITA,0,0,85201.0,85119.0,82.0,7.0
2013,2013-10-27,1990-01-26,McLaren,Buddh International Circuit,Race circuit,Sergio Pérez,10,27,8675,2011-03-27,945,IND,MEX,GBR,0,0,85365.0,85119.0,246.0,9.0
2013,2013-10-27,1985-01-07,Mercedes,Buddh International Circuit,Race circuit,Lewis Hamilton,10,27,10520,2007-03-18,2415,IND,GBR,DEU,0,0,84941.0,85119.0,-178.0,4.0
2013,2013-10-27,1979-10-17,Lotus F1,Buddh International Circuit,Race circuit,Kimi Räikkönen,10,27,12429,2001-03-04,4620,IND,FIN,GBR,0,0,85191.0,85119.0,72.0,6.0
2013,2013-10-27,1981-07-29,Ferrari,Buddh International Circuit,Race circuit,Fernando Alonso,10,27,11778,2001-03-04,4620,IND,ESP,ITA,0,0,84885.0,85119.0,-234.0,3.0
2013,2013-10-27,1980-01-19,McLaren,Buddh International Circuit,Race circuit,Jenson Button,10,27,12335,2000-03-12,4977,IND,GBR,GBR,0,0,85458.0,85119.0,339.0,10.0
2013,2013-10-27,1987-08-19,Sauber,Buddh International Circuit,Race circuit,Nico Hülkenberg,10,27,9566,2010-03-14,1323,IND,DEU,CHE,0,0,85334.0,85119.0,215.0,8.0
2013,2013-10-27,1976-08-27,Red Bull,Buddh International Circuit,Race circuit,Mark Webber,10,27,13575,2002-03-03,4256,IND,AUS,AUT,0,0,85047.0,85119.0,-72.0,5.0
2013,2013-11-03,1987-07-03,Red Bull,Yas Marina Circuit,Race circuit,Sebastian Vettel,11,3,9620,2007-06-17,2331,ARE,DEU,AUT,0,0,100075.0,100559.0,-484.0,2.0
2013,2013-11-03,1976-08-27,Red Bull,Yas Marina Circuit,Race circuit,Mark Webber,11,3,13582,2002-03-03,4263,ARE,AUS,AUT,0,0,99957.0,100559.0,-602.0,1.0
2013,2013-11-03,1985-06-27,Mercedes,Yas Marina Circuit,Race circuit,Nico Rosberg,11,3,10356,2006-03-12,2793,ARE,DEU,DEU,0,0,100419.0,100559.0,-140.0,3.0
2013,2013-11-03,1986-04-17,Lotus F1,Yas Marina Circuit,Race circuit,Romain Grosjean,11,3,10062,2009-08-23,1533,ARE,FRA,GBR,0,0,100948.0,100559.0,389.0,9.0
2013,2013-11-03,1985-01-07,Mercedes,Yas Marina Circuit,Race circuit,Lewis Hamilton,11,3,10527,2007-03-18,2422,ARE,GBR,DEU,0,0,100477.0,100559.0,-82.0,4.0
2013,2013-11-03,1981-04-25,Ferrari,Yas Marina Circuit,Race circuit,Felipe Massa,11,3,11880,2002-03-03,4263,ARE,BRA,ITA,0,0,100989.0,100559.0,430.0,10.0
2013,2013-11-03,1990-01-26,McLaren,Yas Marina Circuit,Race circuit,Sergio Pérez,11,3,8682,2011-03-27,952,ARE,MEX,GBR,0,0,100812.0,100559.0,253.0,7.0
2013,2013-11-03,1987-08-19,Sauber,Yas Marina Circuit,Race circuit,Nico Hülkenberg,11,3,9573,2010-03-14,1330,ARE,DEU,CHE,0,0,100576.0,100559.0,17.0,6.0
2013,2013-11-03,1989-07-01,Toro Rosso,Yas Marina Circuit,Race circuit,Daniel Ricciardo,11,3,8891,2011-07-10,847,ARE,AUS,ITA,0,0,100852.0,100559.0,293.0,8.0
2013,2013-11-03,1979-10-17,Lotus F1,Yas Marina Circuit,Race circuit,Kimi Räikkönen,11,3,12436,2001-03-04,4627,ARE,FIN,GBR,0,0,100542.0,100559.0,-17.0,5.0
2013,2013-11-17,1987-07-03,Red Bull,Circuit of the Americas,Race circuit,Sebastian Vettel,11,17,9634,2007-06-17,2345,USA,DEU,AUT,0,0,96338.0,97356.0,-1018.0,1.0
2013,2013-11-17,1986-04-17,Lotus F1,Circuit of the Americas,Race circuit,Romain Grosjean,11,17,10076,2009-08-23,1547,USA,FRA,GBR,0,0,97155.0,97356.0,-202.0,3.0
2013,2013-11-17,1976-08-27,Red Bull,Circuit of the Americas,Race circuit,Mark Webber,11,17,13596,2002-03-03,4277,USA,AUS,AUT,0,0,96441.0,97356.0,-916.0,2.0
2013,2013-11-17,1985-01-07,Mercedes,Circuit of the Americas,Race circuit,Lewis Hamilton,11,17,10541,2007-03-18,2436,USA,GBR,DEU,0,0,97345.0,97356.0,-12.0,5.0
2013,2013-11-17,1981-07-29,Ferrari,Circuit of the Americas,Race circuit,Fernando Alonso,11,17,11799,2001-03-04,4641,USA,ESP,ITA,0,0,97368.0,97356.0,12.0,6.0
2013,2013-11-17,1987-08-19,Sauber,Circuit of the Americas,Race circuit,Nico Hülkenberg,11,17,9587,2010-03-14,1344,USA,DEU,CHE,0,0,97296.0,97356.0,-60.0,4.0
2013,2013-11-17,1990-01-26,McLaren,Circuit of the Americas,Race circuit,Sergio Pérez,11,17,8696,2011-03-27,966,USA,MEX,GBR,0,0,97452.0,97356.0,96.0,8.0
2013,2013-11-17,1989-08-28,Williams,Circuit of the Americas,Race circuit,Valtteri Bottas,11,17,8847,2013-03-17,245,USA,FIN,GBR,0,0,97439.0,97356.0,82.0,7.0
2013,2013-11-17,1991-08-05,Sauber,Circuit of the Americas,Race circuit,Esteban Gutiérrez,11,17,8140,2013-03-17,245,USA,MEX,CHE,0,0,98031.0,97356.0,674.0,10.0
2013,2013-11-17,1981-10-19,Lotus F1,Circuit of the Americas,Race circuit,Heikki Kovalainen,11,17,11717,2007-03-18,2436,USA,FIN,GBR,0,0,97715.0,97356.0,358.0,9.0
2013,2013-11-24,1987-07-03,Red Bull,Autódromo José Carlos Pace,Race circuit,Sebastian Vettel,11,24,9641,2007-06-17,2352,BRA,DEU,AUT,0,0,85381.0,86376.0,-994.0,2.0
2013,2013-11-24,1976-08-27,Red Bull,Autódromo José Carlos Pace,Race circuit,Mark Webber,11,24,13603,2002-03-03,4284,BRA,AUS,AUT,0,0,86689.0,86376.0,314.0,7.0
2013,2013-11-24,1981-07-29,Ferrari,Autódromo José Carlos Pace,Race circuit,Fernando Alonso,11,24,11806,2001-03-04,4648,BRA,ESP,ITA,0,0,86590.0,86376.0,214.0,6.0
2013,2013-11-24,1985-06-27,Mercedes,Autódromo José Carlos Pace,Race circuit,Nico Rosberg,11,24,10377,2006-03-12,2814,BRA,DEU,DEU,0,0,85556.0,86376.0,-820.0,3.0
2013,2013-11-24,1981-04-25,Ferrari,Autódromo José Carlos Pace,Race circuit,Felipe Massa,11,24,11901,2002-03-03,4284,BRA,BRA,ITA,1,0,86817.0,86376.0,442.0,8.0
2013,2013-11-24,1987-08-19,Sauber,Autódromo José Carlos Pace,Race circuit,Nico Hülkenberg,11,24,9594,2010-03-14,1351,BRA,DEU,CHE,0,0,86071.0,86376.0,-304.0,4.0
2013,2013-11-24,1985-01-07,Mercedes,Autódromo José Carlos Pace,Race circuit,Lewis Hamilton,11,24,10548,2007-03-18,2443,BRA,GBR,DEU,0,0,85342.0,86376.0,-1034.0,1.0
2013,2013-11-24,1989-07-01,Toro Rosso,Autódromo José Carlos Pace,Race circuit,Daniel Ricciardo,11,24,8912,2011-07-10,868,BRA,AUS,ITA,0,0,87078.0,86376.0,702.0,9.0
2013,2013-11-24,1990-04-25,Toro Rosso,Autódromo José Carlos Pace,Race circuit,Jean-Éric Vergne,11,24,8614,2012-03-18,616,BRA,FRA,ITA,0,0,87124.0,86376.0,748.0,10.0
2013,2013-11-24,1986-04-17,Lotus F1,Autódromo José Carlos Pace,Race circuit,Romain Grosjean,11,24,10083,2009-08-23,1554,BRA,FRA,GBR,0,0,86161.0,86376.0,-214.0,5.0
2014,2014-03-16,1985-06-27,Mercedes,Albert Park Grand Prix Circuit,Street circuit,Nico Rosberg,3,16,10489,2006-03-12,2926,AUS,DEU,DEU,0,0,92564.0,91650.0,914.0,7.0
2014,2014-03-16,1992-10-05,McLaren,Albert Park Grand Prix Circuit,Street circuit,Kevin Magnussen,3,16,7832,2014-03-16,0,AUS,DNK,GBR,0,0,90949.0,91650.0,-701.0,2.0
2014,2014-03-16,1981-07-29,Ferrari,Albert Park Grand Prix Circuit,Street circuit,Fernando Alonso,3,16,11918,2001-03-04,4760,AUS,ESP,ITA,0,0,91388.0,91650.0,-262.0,4.0
2014,2014-03-16,1989-08-28,Williams,Albert Park Grand Prix Circuit,Street circuit,Valtteri Bottas,3,16,8966,2013-03-17,364,AUS,FIN,GBR,0,0,91601.0,91650.0,-49.0,5.0
2014,2014-03-16,1987-08-19,Force India,Albert Park Grand Prix Circuit,Street circuit,Nico Hülkenberg,3,16,9706,2010-03-14,1463,AUS,DEU,IND,0,0,93893.0,91650.0,2243.0,10.0
2014,2014-03-16,1990-04-25,Toro Rosso,Albert Park Grand Prix Circuit,Street circuit,Jean-Éric Vergne,3,16,8726,2012-03-18,728,AUS,FRA,ITA,0,0,93488.0,91650.0,1838.0,8.0
2014,2014-03-16,1994-04-26,Toro Rosso,Albert Park Grand Prix Circuit,Street circuit,Daniil Kvyat,3,16,7264,2014-03-16,0,AUS,RUS,ITA,0,0,93777.0,91650.0,2127.0,9.0
2014,2014-03-16,1985-01-07,Mercedes,Albert Park Grand Prix Circuit,Street circuit,Lewis Hamilton,3,16,10660,2007-03-18,2555,AUS,GBR,DEU,0,0,91699.0,91650.0,49.0,6.0
2014,2014-03-16,1981-04-25,Williams,Albert Park Grand Prix Circuit,Street circuit,Felipe Massa,3,16,12013,2002-03-03,4396,AUS,BRA,GBR,0,0,91228.0,91650.0,-422.0,3.0
2014,2014-03-16,1989-07-01,Red Bull,Albert Park Grand Prix Circuit,Street circuit,Daniel Ricciardo,3,16,9024,2011-07-10,980,AUS,AUS,AUT,1,0,90775.0,91650.0,-875.0,1.0
2014,2014-03-30,1985-01-07,Mercedes,Sepang International Circuit,Race circuit,Lewis Hamilton,3,30,10674,2007-03-18,2569,MYS,GBR,DEU,0,0,117202.0,118901.0,-1699.0,2.0
2014,2014-03-30,1985-06-27,Mercedes,Sepang International Circuit,Race circuit,Nico Rosberg,3,30,10503,2006-03-12,2940,MYS,DEU,DEU,0,0,117183.0,118901.0,-1718.0,1.0
2014,2014-03-30,1987-07-03,Red Bull,Sepang International Circuit,Race circuit,Sebastian Vettel,3,30,9767,2007-06-17,2478,MYS,DEU,AUT,0,0,117654.0,118901.0,-1247.0,3.0
2014,2014-03-30,1981-07-29,Ferrari,Sepang International Circuit,Race circuit,Fernando Alonso,3,30,11932,2001-03-04,4774,MYS,ESP,ITA,0,0,118889.0,118901.0,-12.0,5.0
2014,2014-03-30,1987-08-19,Force India,Sepang International Circuit,Race circuit,Nico Hülkenberg,3,30,9720,2010-03-14,1477,MYS,DEU,IND,0,0,118883.0,118901.0,-18.0,4.0
2014,2014-03-30,1980-01-19,McLaren,Sepang International Circuit,Race circuit,Jenson Button,3,30,12489,2000-03-12,5131,MYS,GBR,GBR,0,0,120889.0,118901.0,1988.0,9.0
2014,2014-03-30,1992-10-05,McLaren,Sepang International Circuit,Race circuit,Kevin Magnussen,3,30,7846,2014-03-16,14,MYS,DNK,GBR,0,0,120356.0,118901.0,1455.0,8.0
2014,2014-03-30,1979-10-17,Ferrari,Sepang International Circuit,Race circuit,Kimi Räikkönen,3,30,12583,2001-03-04,4774,MYS,FIN,ITA,0,0,119257.0,118901.0,356.0,7.0
2014,2014-03-30,1989-07-01,Red Bull,Sepang International Circuit,Race circuit,Daniel Ricciardo,3,30,9038,2011-07-10,994,MYS,AUS,AUT,0,0,118913.0,118901.0,12.0,6.0
2014,2014-03-30,1990-04-25,Toro Rosso,Sepang International Circuit,Race circuit,Jean-Éric Vergne,3,30,8740,2012-03-18,742,MYS,FRA,ITA,0,0,121689.0,118901.0,2788.0,10.0
2014,2014-04-06,1985-01-07,Mercedes,Bahrain International Circuit,Race circuit,Lewis Hamilton,4,6,10681,2007-03-18,2576,BHR,GBR,DEU,0,0,93464.0,94357.0,-893.0,2.0
2014,2014-04-06,1985-06-27,Mercedes,Bahrain International Circuit,Race circuit,Nico Rosberg,4,6,10510,2006-03-12,2947,BHR,DEU,DEU,0,0,93185.0,94357.0,-1172.0,1.0
2014,2014-04-06,1990-01-26,Force India,Bahrain International Circuit,Race circuit,Sergio Pérez,4,6,8836,2011-03-27,1106,BHR,MEX,IND,0,0,94346.0,94357.0,-11.0,5.0
2014,2014-04-06,1989-07-01,Red Bull,Bahrain International Circuit,Race circuit,Daniel Ricciardo,4,6,9045,2011-07-10,1001,BHR,AUS,AUT,0,0,94051.0,94357.0,-306.0,3.0
2014,2014-04-06,1981-04-25,Williams,Bahrain International Circuit,Race circuit,Felipe Massa,4,6,12034,2002-03-03,4417,BHR,BRA,GBR,0,0,94511.0,94357.0,154.0,8.0
2014,2014-04-06,1989-08-28,Williams,Bahrain International Circuit,Race circuit,Valtteri Bottas,4,6,8987,2013-03-17,385,BHR,FIN,GBR,0,0,94247.0,94357.0,-110.0,4.0
2014,2014-04-06,1981-07-29,Ferrari,Bahrain International Circuit,Race circuit,Fernando Alonso,4,6,11939,2001-03-04,4781,BHR,ESP,ITA,0,0,94723.0,94357.0,366.0,10.0
2014,2014-04-06,1979-10-17,Ferrari,Bahrain International Circuit,Race circuit,Kimi Räikkönen,4,6,12590,2001-03-04,4781,BHR,FIN,ITA,0,0,94368.0,94357.0,11.0,6.0
2014,2014-04-06,1980-01-19,McLaren,Bahrain International Circuit,Race circuit,Jenson Button,4,6,12496,2000-03-12,5138,BHR,GBR,GBR,0,0,94387.0,94357.0,30.0,7.0
2014,2014-04-06,1992-10-05,McLaren,Bahrain International Circuit,Race circuit,Kevin Magnussen,4,6,7853,2014-03-16,21,BHR,DNK,GBR,0,0,94712.0,94357.0,355.0,9.0
2014,2014-04-20,1985-01-07,Mercedes,Shanghai International Circuit,Race circuit,Lewis Hamilton,4,20,10695,2007-03-18,2590,CHN,GBR,DEU,0,0,113860.0,115775.0,-1915.0,1.0
2014,2014-04-20,1985-06-27,Mercedes,Shanghai International Circuit,Race circuit,Nico Rosberg,4,20,10524,2006-03-12,2961,CHN,DEU,DEU,0,0,115143.0,115775.0,-632.0,4.0
2014,2014-04-20,1981-07-29,Ferrari,Shanghai International Circuit,Race circuit,Fernando Alonso,4,20,11953,2001-03-04,4795,CHN,ESP,ITA,0,0,115637.0,115775.0,-138.0,5.0
2014,2014-04-20,1989-07-01,Red Bull,Shanghai International Circuit,Race circuit,Daniel Ricciardo,4,20,9059,2011-07-10,1015,CHN,AUS,AUT,0,0,114455.0,115775.0,-1320.0,2.0
2014,2014-04-20,1987-07-03,Red Bull,Shanghai International Circuit,Race circuit,Sebastian Vettel,4,20,9788,2007-06-17,2499,CHN,DEU,AUT,0,0,114499.0,115775.0,-1276.0,3.0
2014,2014-04-20,1987-08-19,Force India,Shanghai International Circuit,Race circuit,Nico Hülkenberg,4,20,9741,2010-03-14,1498,CHN,DEU,IND,0,0,115913.0,115775.0,138.0,6.0
2014,2014-04-20,1989-08-28,Williams,Shanghai International Circuit,Race circuit,Valtteri Bottas,4,20,9001,2013-03-17,399,CHN,FIN,GBR,0,0,116253.0,115775.0,478.0,8.0
2014,2014-04-20,1990-04-25,Toro Rosso,Shanghai International Circuit,Race circuit,Jean-Éric Vergne,4,20,8761,2012-03-18,763,CHN,FRA,ITA,0,0,116584.0,115775.0,809.0,10.0
2014,2014-04-20,1981-04-25,Williams,Shanghai International Circuit,Race circuit,Felipe Massa,4,20,12048,2002-03-03,4431,CHN,BRA,GBR,0,0,116147.0,115775.0,372.0,7.0
2014,2014-04-20,1986-04-17,Lotus F1,Shanghai International Circuit,Race circuit,Romain Grosjean,4,20,10230,2009-08-23,1701,CHN,FRA,GBR,0,0,116407.0,115775.0,632.0,9.0
2014,2014-05-11,1985-01-07,Mercedes,Circuit de Barcelona-Catalunya,Race circuit,Lewis Hamilton,5,11,10716,2007-03-18,2611,ESP,GBR,DEU,0,0,85232.0,86960.0,-1728.0,1.0
2014,2014-05-11,1985-06-27,Mercedes,Circuit de Barcelona-Catalunya,Race circuit,Nico Rosberg,5,11,10545,2006-03-12,2982,ESP,DEU,DEU,0,0,85400.0,86960.0,-1560.0,2.0
2014,2014-05-11,1989-07-01,Red Bull,Circuit de Barcelona-Catalunya,Race circuit,Daniel Ricciardo,5,11,9080,2011-07-10,1036,ESP,AUS,AUT,0,0,86285.0,86960.0,-675.0,3.0
2014,2014-05-11,1989-08-28,Williams,Circuit de Barcelona-Catalunya,Race circuit,Valtteri Bottas,5,11,9022,2013-03-17,420,ESP,FIN,GBR,0,0,86632.0,86960.0,-328.0,4.0
2014,2014-05-11,1981-07-29,Ferrari,Circuit de Barcelona-Catalunya,Race circuit,Fernando Alonso,5,11,11974,2001-03-04,4816,ESP,ESP,ITA,1,0,87140.0,86960.0,180.0,8.0
2014,2014-05-11,1979-10-17,Ferrari,Circuit de Barcelona-Catalunya,Race circuit,Kimi Räikkönen,5,11,12625,2001-03-04,4816,ESP,FIN,ITA,0,0,87104.0,86960.0,144.0,7.0
2014,2014-05-11,1986-04-17,Lotus F1,Circuit de Barcelona-Catalunya,Race circuit,Romain Grosjean,5,11,10251,2009-08-23,1722,ESP,FRA,GBR,0,0,86960.0,86960.0,0.0,5.0
2014,2014-05-11,1980-01-19,McLaren,Circuit de Barcelona-Catalunya,Race circuit,Jenson Button,5,11,12531,2000-03-12,5173,ESP,GBR,GBR,0,0,87335.0,86960.0,375.0,9.0
2014,2014-05-11,1981-04-25,Williams,Circuit de Barcelona-Catalunya,Race circuit,Felipe Massa,5,11,12069,2002-03-03,4452,ESP,BRA,GBR,0,0,87016.0,86960.0,56.0,6.0
2014,2014-05-25,1985-06-27,Mercedes,Circuit de Monaco,Street circuit,Nico Rosberg,5,25,10559,2006-03-12,2996,MCO,DEU,DEU,0,0,75989.0,77038.0,-1048.0,1.0
2014,2014-05-25,1985-01-07,Mercedes,Circuit de Monaco,Street circuit,Lewis Hamilton,5,25,10730,2007-03-18,2625,MCO,GBR,DEU,0,0,76048.0,77038.0,-990.0,2.0
2014,2014-05-25,1989-07-01,Red Bull,Circuit de Monaco,Street circuit,Daniel Ricciardo,5,25,9094,2011-07-10,1050,MCO,AUS,AUT,0,0,76384.0,77038.0,-654.0,3.0
2014,2014-05-25,1981-07-29,Ferrari,Circuit de Monaco,Street circuit,Fernando Alonso,5,25,11988,2001-03-04,4830,MCO,ESP,ITA,0,0,76686.0,77038.0,-352.0,5.0
2014,2014-05-25,1992-10-05,McLaren,Circuit de Monaco,Street circuit,Kevin Magnussen,5,25,7902,2014-03-16,70,MCO,DNK,GBR,0,0,77555.0,77038.0,518.0,8.0
2014,2014-05-25,1979-10-17,Ferrari,Circuit de Monaco,Street circuit,Kimi Räikkönen,5,25,12639,2001-03-04,4830,MCO,FIN,ITA,0,0,77389.0,77038.0,352.0,6.0
2014,2014-05-25,1990-04-25,Toro Rosso,Circuit de Monaco,Street circuit,Jean-Éric Vergne,5,25,8796,2012-03-18,798,MCO,FRA,ITA,0,0,77540.0,77038.0,502.0,7.0
2014,2014-05-25,1994-04-26,Toro Rosso,Circuit de Monaco,Street circuit,Daniil Kvyat,5,25,7334,2014-03-16,70,MCO,RUS,ITA,0,0,77594.0,77038.0,556.0,9.0
2014,2014-05-25,1987-07-03,Red Bull,Circuit de Monaco,Street circuit,Sebastian Vettel,5,25,9823,2007-06-17,2534,MCO,DEU,AUT,0,0,76547.0,77038.0,-490.0,4.0
2014,2014-05-25,1990-01-26,Force India,Circuit de Monaco,Street circuit,Sergio Pérez,5,25,8885,2011-03-27,1155,MCO,MEX,IND,0,0,77755.0,77038.0,718.0,10.0
2014,2014-06-08,1989-07-01,Red Bull,Circuit Gilles Villeneuve,Street circuit,Daniel Ricciardo,6,8,9108,2011-07-10,1064,CAN,AUS,AUT,0,0,75589.0,75584.0,6.0,6.0
2014,2014-06-08,1985-06-27,Mercedes,Circuit Gilles Villeneuve,Street circuit,Nico Rosberg,6,8,10573,2006-03-12,3010,CAN,DEU,DEU,0,0,74874.0,75584.0,-710.0,1.0
2014,2014-06-08,1987-07-03,Red Bull,Circuit Gilles Villeneuve,Street circuit,Sebastian Vettel,6,8,9837,2007-06-17,2548,CAN,DEU,AUT,0,0,75548.0,75584.0,-36.0,3.0
2014,2014-06-08,1980-01-19,McLaren,Circuit Gilles Villeneuve,Street circuit,Jenson Button,6,8,12559,2000-03-12,5201,CAN,GBR,GBR,0,0,76182.0,75584.0,598.0,9.0
2014,2014-06-08,1981-07-29,Ferrari,Circuit Gilles Villeneuve,Street circuit,Fernando Alonso,6,8,12002,2001-03-04,4844,CAN,ESP,ITA,0,0,75814.0,75584.0,230.0,7.0
2014,2014-06-08,1989-08-28,Williams,Circuit Gilles Villeneuve,Street circuit,Valtteri Bottas,6,8,9050,2013-03-17,448,CAN,FIN,GBR,0,0,75550.0,75584.0,-34.0,4.0
2014,2014-06-08,1990-04-25,Toro Rosso,Circuit Gilles Villeneuve,Street circuit,Jean-Éric Vergne,6,8,8810,2012-03-18,812,CAN,FRA,ITA,0,0,76162.0,75584.0,578.0,8.0
2014,2014-06-08,1979-10-17,Ferrari,Circuit Gilles Villeneuve,Street circuit,Kimi Räikkönen,6,8,12653,2001-03-04,4844,CAN,FIN,ITA,0,0,76214.0,75584.0,630.0,10.0
2014,2014-06-08,1981-04-25,Williams,Circuit Gilles Villeneuve,Street circuit,Felipe Massa,6,8,12097,2002-03-03,4480,CAN,BRA,GBR,0,0,75578.0,75584.0,-6.0,5.0
2014,2014-06-08,1985-01-07,Mercedes,Circuit Gilles Villeneuve,Street circuit,Lewis Hamilton,6,8,10744,2007-03-18,2639,CAN,GBR,DEU,0,0,74953.0,75584.0,-630.0,2.0
2014,2014-06-22,1985-06-27,Mercedes,Red Bull Ring,Race circuit,Nico Rosberg,6,22,10587,2006-03-12,3024,AUT,DEU,DEU,0,0,68944.0,69376.0,-432.0,3.0
2014,2014-06-22,1989-08-28,Williams,Red Bull Ring,Race circuit,Valtteri Bottas,6,22,9064,2013-03-17,462,AUT,FIN,GBR,0,0,68846.0,69376.0,-530.0,2.0
2014,2014-06-22,1981-04-25,Williams,Red Bull Ring,Race circuit,Felipe Massa,6,22,12111,2002-03-03,4494,AUT,BRA,GBR,0,0,68759.0,69376.0,-616.0,1.0
2014,2014-06-22,1981-07-29,Ferrari,Red Bull Ring,Race circuit,Fernando Alonso,6,22,12016,2001-03-04,4858,AUT,ESP,ITA,0,0,69285.0,69376.0,-90.0,4.0
2014,2014-06-22,1992-10-05,McLaren,Red Bull Ring,Race circuit,Kevin Magnussen,6,22,7930,2014-03-16,98,AUT,DNK,GBR,0,0,69473.0,69376.0,98.0,6.0
2014,2014-06-22,1989-07-01,Red Bull,Red Bull Ring,Race circuit,Daniel Ricciardo,6,22,9122,2011-07-10,1078,AUT,AUS,AUT,0,1,69466.0,69376.0,90.0,5.0
2014,2014-06-22,1979-10-17,Ferrari,Red Bull Ring,Race circuit,Kimi Räikkönen,6,22,12667,2001-03-04,4858,AUT,FIN,ITA,0,0,69657.0,69376.0,282.0,8.0
2014,2014-06-22,1994-04-26,Toro Rosso,Red Bull Ring,Race circuit,Daniil Kvyat,6,22,7362,2014-03-16,98,AUT,RUS,ITA,0,0,69490.0,69376.0,114.0,7.0
2014,2014-07-06,1985-01-07,Mercedes,Silverstone Circuit,Race circuit,Lewis Hamilton,7,6,10772,2007-03-18,2667,GBR,GBR,DEU,1,0,94870.0,96962.0,-2092.0,1.0
2014,2014-07-06,1989-07-01,Red Bull,Silverstone Circuit,Race circuit,Daniel Ricciardo,7,6,9136,2011-07-10,1092,GBR,AUS,AUT,0,0,98166.0,96962.0,1204.0,10.0
2014,2014-07-06,1980-01-19,McLaren,Silverstone Circuit,Race circuit,Jenson Button,7,6,12587,2000-03-12,5229,GBR,GBR,GBR,1,1,96579.0,96962.0,-384.0,4.0
2014,2014-07-06,1987-07-03,Red Bull,Silverstone Circuit,Race circuit,Sebastian Vettel,7,6,9865,2007-06-17,2576,GBR,DEU,AUT,0,0,96410.0,96962.0,-552.0,3.0
2014,2014-07-06,1992-10-05,McLaren,Silverstone Circuit,Race circuit,Kevin Magnussen,7,6,7944,2014-03-16,112,GBR,DNK,GBR,0,1,97370.0,96962.0,408.0,8.0
2014,2014-07-06,1987-08-19,Force India,Silverstone Circuit,Race circuit,Nico Hülkenberg,7,6,9818,2010-03-14,1575,GBR,DEU,IND,0,0,97112.0,96962.0,150.0,6.0
2014,2014-07-06,1994-04-26,Toro Rosso,Silverstone Circuit,Race circuit,Daniil Kvyat,7,6,7376,2014-03-16,112,GBR,RUS,ITA,0,0,96813.0,96962.0,-150.0,5.0
2014,2014-07-06,1990-04-25,Toro Rosso,Silverstone Circuit,Race circuit,Jean-Éric Vergne,7,6,8838,2012-03-18,840,GBR,FRA,ITA,0,0,97800.0,96962.0,838.0,9.0
2014,2014-07-06,1990-01-26,Force India,Silverstone Circuit,Race circuit,Sergio Pérez,7,6,8927,2011-03-27,1197,GBR,MEX,IND,0,0,97350.0,96962.0,388.0,7.0
2014,2014-07-06,1985-06-27,Mercedes,Silverstone Circuit,Race circuit,Nico Rosberg,7,6,10601,2006-03-12,3038,GBR,DEU,DEU,0,0,95179.0,96962.0,-1784.0,2.0
2014,2014-07-20,1985-06-27,Mercedes,Hockenheimring,Race circuit,Nico Rosberg,7,20,10615,2006-03-12,3052,DEU,DEU,DEU,1,1,76540.0,77425.0,-885.0,1.0
2014,2014-07-20,1989-08-28,Williams,Hockenheimring,Race circuit,Valtteri Bottas,7,20,9092,2013-03-17,490,DEU,FIN,GBR,0,0,76759.0,77425.0,-666.0,2.0
2014,2014-07-20,1987-07-03,Red Bull,Hockenheimring,Race circuit,Sebastian Vettel,7,20,9879,2007-06-17,2590,DEU,DEU,AUT,1,0,77577.0,77425.0,152.0,6.0
2014,2014-07-20,1981-07-29,Ferrari,Hockenheimring,Race circuit,Fernando Alonso,7,20,12044,2001-03-04,4886,DEU,ESP,ITA,0,0,77649.0,77425.0,224.0,7.0
2014,2014-07-20,1989-07-01,Red Bull,Hockenheimring,Race circuit,Daniel Ricciardo,7,20,9150,2011-07-10,1106,DEU,AUS,AUT,0,0,77273.0,77425.0,-152.0,5.0
2014,2014-07-20,1987-08-19,Force India,Hockenheimring,Race circuit,Nico Hülkenberg,7,20,9832,2010-03-14,1589,DEU,DEU,IND,1,0,78014.0,77425.0,589.0,9.0
2014,2014-07-20,1992-10-05,McLaren,Hockenheimring,Race circuit,Kevin Magnussen,7,20,7958,2014-03-16,126,DEU,DNK,GBR,0,0,77214.0,77425.0,-211.0,4.0
2014,2014-07-20,1990-01-26,Force India,Hockenheimring,Race circuit,Sergio Pérez,7,20,8941,2011-03-27,1211,DEU,MEX,IND,0,0,78035.0,77425.0,610.0,10.0
2014,2014-07-20,1994-04-26,Toro Rosso,Hockenheimring,Race circuit,Daniil Kvyat,7,20,7390,2014-03-16,126,DEU,RUS,ITA,0,0,77965.0,77425.0,540.0,8.0
2014,2014-07-20,1981-04-25,Williams,Hockenheimring,Race circuit,Felipe Massa,7,20,12139,2002-03-03,4522,DEU,BRA,GBR,0,0,77078.0,77425.0,-347.0,3.0
2014,2014-07-27,1989-07-01,Red Bull,Hungaroring,Race circuit,Daniel Ricciardo,7,27,9157,2011-07-10,1113,HUN,AUS,AUT,0,0,83391.0,83909.0,-518.0,4.0
2014,2014-07-27,1981-07-29,Ferrari,Hungaroring,Race circuit,Fernando Alonso,7,27,12051,2001-03-04,4893,HUN,ESP,ITA,0,0,83909.0,83909.0,0.0,5.0
2014,2014-07-27,1985-06-27,Mercedes,Hungaroring,Race circuit,Nico Rosberg,7,27,10622,2006-03-12,3059,HUN,DEU,DEU,0,0,82715.0,83909.0,-1194.0,1.0
2014,2014-07-27,1981-04-25,Williams,Hungaroring,Race circuit,Felipe Massa,7,27,12146,2002-03-03,4529,HUN,BRA,GBR,0,0,84030.0,83909.0,121.0,6.0
2014,2014-07-27,1987-07-03,Red Bull,Hungaroring,Race circuit,Sebastian Vettel,7,27,9886,2007-06-17,2597,HUN,DEU,AUT,0,0,83201.0,83909.0,-708.0,2.0
2014,2014-07-27,1989-08-28,Williams,Hungaroring,Race circuit,Valtteri Bottas,7,27,9099,2013-03-17,497,HUN,FIN,GBR,0,0,83354.0,83909.0,-555.0,3.0
2014,2014-07-27,1990-04-25,Toro Rosso,Hungaroring,Race circuit,Jean-Éric Vergne,7,27,8859,2012-03-18,861,HUN,FRA,ITA,0,0,84637.0,83909.0,728.0,8.0
2014,2014-07-27,1980-01-19,McLaren,Hungaroring,Race circuit,Jenson Button,7,27,12608,2000-03-12,5250,HUN,GBR,GBR,0,0,84294.0,83909.0,385.0,7.0
2014,2014-07-27,1987-08-19,Force India,Hungaroring,Race circuit,Nico Hülkenberg,7,27,9839,2010-03-14,1596,HUN,DEU,IND,0,0,84647.0,83909.0,738.0,9.0
2014,2014-08-24,1989-07-01,Red Bull,Circuit de Spa-Francorchamps,Race circuit,Daniel Ricciardo,8,24,9185,2011-07-10,1141,BEL,AUS,AUT,0,0,127911.0,127980.0,-69.0,5.0
2014,2014-08-24,1985-06-27,Mercedes,Circuit de Spa-Francorchamps,Race circuit,Nico Rosberg,8,24,10650,2006-03-12,3087,BEL,DEU,DEU,0,0,125591.0,127980.0,-2389.0,1.0
2014,2014-08-24,1989-08-28,Williams,Circuit de Spa-Francorchamps,Race circuit,Valtteri Bottas,8,24,9127,2013-03-17,525,BEL,FIN,GBR,0,0,128049.0,127980.0,69.0,6.0
2014,2014-08-24,1979-10-17,Ferrari,Circuit de Spa-Francorchamps,Race circuit,Kimi Räikkönen,8,24,12730,2001-03-04,4921,BEL,FIN,ITA,0,0,128646.0,127980.0,666.0,8.0
2014,2014-08-24,1987-07-03,Red Bull,Circuit de Spa-Francorchamps,Race circuit,Sebastian Vettel,8,24,9914,2007-06-17,2625,BEL,DEU,AUT,0,0,127717.0,127980.0,-263.0,3.0
2014,2014-08-24,1980-01-19,McLaren,Circuit de Spa-Francorchamps,Race circuit,Jenson Button,8,24,12636,2000-03-12,5278,BEL,GBR,GBR,0,0,129272.0,127980.0,1292.0,10.0
2014,2014-08-24,1981-07-29,Ferrari,Circuit de Spa-Francorchamps,Race circuit,Fernando Alonso,8,24,12079,2001-03-04,4921,BEL,ESP,ITA,0,0,127786.0,127980.0,-194.0,4.0
2014,2014-08-24,1992-10-05,McLaren,Circuit de Spa-Francorchamps,Race circuit,Kevin Magnussen,8,24,7993,2014-03-16,161,BEL,DNK,GBR,0,0,128679.0,127980.0,699.0,9.0
2014,2014-08-24,1981-04-25,Williams,Circuit de Spa-Francorchamps,Race circuit,Felipe Massa,8,24,12174,2002-03-03,4557,BEL,BRA,GBR,0,0,128403.0,127980.0,423.0,7.0
2014,2014-08-24,1985-01-07,Mercedes,Circuit de Spa-Francorchamps,Race circuit,Lewis Hamilton,8,24,10821,2007-03-18,2716,BEL,GBR,DEU,0,0,125819.0,127980.0,-2161.0,2.0
2014,2014-09-07,1985-01-07,Mercedes,Autodromo Nazionale di Monza,Race circuit,Lewis Hamilton,9,7,10835,2007-03-18,2730,ITA,GBR,DEU,0,0,84109.0,85346.0,-1238.0,1.0
2014,2014-09-07,1985-06-27,Mercedes,Autodromo Nazionale di Monza,Race circuit,Nico Rosberg,9,7,10664,2006-03-12,3101,ITA,DEU,DEU,0,0,84383.0,85346.0,-964.0,2.0
2014,2014-09-07,1981-04-25,Williams,Autodromo Nazionale di Monza,Race circuit,Felipe Massa,9,7,12188,2002-03-03,4571,ITA,BRA,GBR,0,0,84865.0,85346.0,-482.0,4.0
2014,2014-09-07,1989-08-28,Williams,Autodromo Nazionale di Monza,Race circuit,Valtteri Bottas,9,7,9141,2013-03-17,539,ITA,FIN,GBR,0,0,84697.0,85346.0,-650.0,3.0
2014,2014-09-07,1989-07-01,Red Bull,Autodromo Nazionale di Monza,Race circuit,Daniel Ricciardo,9,7,9199,2011-07-10,1155,ITA,AUS,AUT,0,0,85709.0,85346.0,362.0,9.0
2014,2014-09-07,1987-07-03,Red Bull,Autodromo Nazionale di Monza,Race circuit,Sebastian Vettel,9,7,9928,2007-06-17,2639,ITA,DEU,AUT,0,0,85436.0,85346.0,90.0,8.0
2014,2014-09-07,1990-01-26,Force India,Autodromo Nazionale di Monza,Race circuit,Sergio Pérez,9,7,8990,2011-03-27,1260,ITA,MEX,IND,0,0,85863.0,85346.0,516.0,10.0
2014,2014-09-07,1980-01-19,McLaren,Autodromo Nazionale di Monza,Race circuit,Jenson Button,9,7,12650,2000-03-12,5292,ITA,GBR,GBR,0,0,85379.0,85346.0,32.0,6.0
2014,2014-09-07,1992-10-05,McLaren,Autodromo Nazionale di Monza,Race circuit,Kevin Magnussen,9,7,8007,2014-03-16,175,ITA,DNK,GBR,0,0,85314.0,85346.0,-32.0,5.0
2014,2014-09-07,1981-07-29,Ferrari,Autodromo Nazionale di Monza,Race circuit,Fernando Alonso,9,7,12093,2001-03-04,4935,ITA,ESP,ITA,0,1,85430.0,85346.0,84.0,7.0
2014,2014-09-21,1985-01-07,Mercedes,Marina Bay Street Circuit,Street circuit,Lewis Hamilton,9,21,10849,2007-03-18,2744,SGP,GBR,DEU,0,0,105681.0,105954.0,-272.0,1.0
2014,2014-09-21,1987-07-03,Red Bull,Marina Bay Street Circuit,Street circuit,Sebastian Vettel,9,21,9942,2007-06-17,2653,SGP,DEU,AUT,0,0,105902.0,105954.0,-52.0,4.0
2014,2014-09-21,1989-07-01,Red Bull,Marina Bay Street Circuit,Street circuit,Daniel Ricciardo,9,21,9213,2011-07-10,1169,SGP,AUS,AUT,0,0,105854.0,105954.0,-100.0,3.0
2014,2014-09-21,1981-07-29,Ferrari,Marina Bay Street Circuit,Street circuit,Fernando Alonso,9,21,12107,2001-03-04,4949,SGP,ESP,ITA,0,0,105907.0,105954.0,-46.0,5.0
2014,2014-09-21,1981-04-25,Williams,Marina Bay Street Circuit,Street circuit,Felipe Massa,9,21,12202,2002-03-03,4585,SGP,BRA,GBR,0,0,106000.0,105954.0,46.0,6.0
2014,2014-09-21,1979-10-17,Ferrari,Marina Bay Street Circuit,Street circuit,Kimi Räikkönen,9,21,12758,2001-03-04,4949,SGP,FIN,ITA,0,0,106170.0,105954.0,216.0,7.0
2014,2014-09-21,1992-10-05,McLaren,Marina Bay Street Circuit,Street circuit,Kevin Magnussen,9,21,8021,2014-03-16,189,SGP,DNK,GBR,0,0,106250.0,105954.0,296.0,9.0
2014,2014-09-21,1989-08-28,Williams,Marina Bay Street Circuit,Street circuit,Valtteri Bottas,9,21,9155,2013-03-17,553,SGP,FIN,GBR,0,0,106187.0,105954.0,234.0,8.0
2014,2014-09-21,1994-04-26,Toro Rosso,Marina Bay Street Circuit,Street circuit,Daniil Kvyat,9,21,7453,2014-03-16,189,SGP,RUS,ITA,0,0,106926.0,105954.0,972.0,10.0
2014,2014-09-21,1985-06-27,Mercedes,Marina Bay Street Circuit,Street circuit,Nico Rosberg,9,21,10678,2006-03-12,3115,SGP,DEU,DEU,0,0,105688.0,105954.0,-266.0,2.0
2014,2014-10-05,1985-01-07,Mercedes,Suzuka Circuit,Race circuit,Lewis Hamilton,10,5,10863,2007-03-18,2758,JPN,GBR,DEU,0,0,92703.0,93875.0,-1172.0,2.0
2014,2014-10-05,1985-06-27,Mercedes,Suzuka Circuit,Race circuit,Nico Rosberg,10,5,10692,2006-03-12,3129,JPN,DEU,DEU,0,0,92506.0,93875.0,-1369.0,1.0
2014,2014-10-05,1987-07-03,Red Bull,Suzuka Circuit,Race circuit,Sebastian Vettel,10,5,9956,2007-06-17,2667,JPN,DEU,AUT,0,0,94432.0,93875.0,557.0,9.0
2014,2014-10-05,1989-07-01,Red Bull,Suzuka Circuit,Race circuit,Daniel Ricciardo,10,5,9227,2011-07-10,1183,JPN,AUS,AUT,0,0,94075.0,93875.0,200.0,6.0
2014,2014-10-05,1980-01-19,McLaren,Suzuka Circuit,Race circuit,Jenson Button,10,5,12678,2000-03-12,5320,JPN,GBR,GBR,0,0,94317.0,93875.0,442.0,8.0
2014,2014-10-05,1989-08-28,Williams,Suzuka Circuit,Race circuit,Valtteri Bottas,10,5,9169,2013-03-17,567,JPN,FIN,GBR,0,0,93128.0,93875.0,-747.0,3.0
2014,2014-10-05,1981-04-25,Williams,Suzuka Circuit,Race circuit,Felipe Massa,10,5,12216,2002-03-03,4599,JPN,BRA,GBR,0,0,93527.0,93875.0,-348.0,4.0
2014,2014-10-05,1979-10-17,Ferrari,Suzuka Circuit,Race circuit,Kimi Räikkönen,10,5,12772,2001-03-04,4963,JPN,FIN,ITA,0,0,94548.0,93875.0,673.0,10.0
2014,2014-10-05,1992-10-05,McLaren,Suzuka Circuit,Race circuit,Kevin Magnussen,10,5,8035,2014-03-16,203,JPN,DNK,GBR,0,0,94229.0,93875.0,354.0,7.0
2014,2014-10-05,1981-07-29,Ferrari,Suzuka Circuit,Race circuit,Fernando Alonso,10,5,12121,2001-03-04,4963,JPN,ESP,ITA,0,0,93675.0,93875.0,-200.0,5.0
2014,2014-10-12,1985-01-07,Mercedes,Sochi Autodrom,Race circuit,Lewis Hamilton,10,12,10870,2007-03-18,2765,RUS,GBR,DEU,0,0,98338.0,99199.0,-861.0,1.0
2014,2014-10-12,1985-06-27,Mercedes,Sochi Autodrom,Race circuit,Nico Rosberg,10,12,10699,2006-03-12,3136,RUS,DEU,DEU,0,0,98606.0,99199.0,-593.0,2.0
2014,2014-10-12,1989-08-28,Williams,Sochi Autodrom,Race circuit,Valtteri Bottas,10,12,9176,2013-03-17,574,RUS,FIN,GBR,0,0,98920.0,99199.0,-279.0,3.0
2014,2014-10-12,1980-01-19,McLaren,Sochi Autodrom,Race circuit,Jenson Button,10,12,12685,2000-03-12,5327,RUS,GBR,GBR,0,0,99121.0,99199.0,-78.0,5.0
2014,2014-10-12,1992-10-05,McLaren,Sochi Autodrom,Race circuit,Kevin Magnussen,10,12,8042,2014-03-16,210,RUS,DNK,GBR,0,0,99022.0,99199.0,-177.0,4.0
2014,2014-10-12,1981-07-29,Ferrari,Sochi Autodrom,Race circuit,Fernando Alonso,10,12,12128,2001-03-04,4970,RUS,ESP,ITA,0,0,99709.0,99199.0,510.0,8.0
2014,2014-10-12,1989-07-01,Red Bull,Sochi Autodrom,Race circuit,Daniel Ricciardo,10,12,9234,2011-07-10,1190,RUS,AUS,AUT,0,0,99635.0,99199.0,436.0,7.0
2014,2014-10-12,1979-10-17,Ferrari,Sochi Autodrom,Race circuit,Kimi Räikkönen,10,12,12779,2001-03-04,4970,RUS,FIN,ITA,0,0,99771.0,99199.0,572.0,9.0
2014,2014-10-12,1990-04-25,Toro Rosso,Sochi Autodrom,Race circuit,Jean-Éric Vergne,10,12,8936,2012-03-18,938,RUS,FRA,ITA,0,0,99929.0,99199.0,730.0,10.0
2014,2014-10-12,1994-04-26,Toro Rosso,Sochi Autodrom,Race circuit,Daniil Kvyat,10,12,7474,2014-03-16,210,RUS,RUS,ITA,1,0,99277.0,99199.0,78.0,6.0
2014,2014-11-02,1985-01-07,Mercedes,Circuit of the Americas,Race circuit,Lewis Hamilton,11,2,10891,2007-03-18,2786,USA,GBR,DEU,0,0,96443.0,97427.0,-984.0,2.0
2014,2014-11-02,1985-06-27,Mercedes,Circuit of the Americas,Race circuit,Nico Rosberg,11,2,10720,2006-03-12,3157,USA,DEU,DEU,0,0,96067.0,97427.0,-1360.0,1.0
2014,2014-11-02,1989-07-01,Red Bull,Circuit of the Americas,Race circuit,Daniel Ricciardo,11,2,9255,2011-07-10,1211,USA,AUS,AUT,0,0,97244.0,97427.0,-183.0,5.0
2014,2014-11-02,1981-04-25,Williams,Circuit of the Americas,Race circuit,Felipe Massa,11,2,12244,2002-03-03,4627,USA,BRA,GBR,0,0,97205.0,97427.0,-222.0,4.0
2014,2014-11-02,1989-08-28,Williams,Circuit of the Americas,Race circuit,Valtteri Bottas,11,2,9197,2013-03-17,595,USA,FIN,GBR,0,0,96906.0,97427.0,-521.0,3.0
2014,2014-11-02,1981-07-29,Ferrari,Circuit of the Americas,Race circuit,Fernando Alonso,11,2,12149,2001-03-04,4991,USA,ESP,ITA,0,0,97610.0,97427.0,183.0,6.0
2014,2014-11-02,1992-10-05,McLaren,Circuit of the Americas,Race circuit,Kevin Magnussen,11,2,8063,2014-03-16,231,USA,DNK,GBR,0,0,97706.0,97427.0,279.0,8.0
2014,2014-11-02,1980-01-19,McLaren,Circuit of the Americas,Race circuit,Jenson Button,11,2,12706,2000-03-12,5348,USA,GBR,GBR,0,0,97655.0,97427.0,228.0,7.0
2014,2014-11-02,1979-10-17,Ferrari,Circuit of the Americas,Race circuit,Kimi Räikkönen,11,2,12800,2001-03-04,4991,USA,FIN,ITA,0,0,97804.0,97427.0,377.0,9.0
2014,2014-11-02,1983-01-11,Sauber,Circuit of the Americas,Race circuit,Adrian Sutil,11,2,11618,2007-03-18,2786,USA,DEU,CHE,0,0,98378.0,97427.0,951.0,10.0
2014,2014-11-09,1985-06-27,Mercedes,Autódromo José Carlos Pace,Race circuit,Nico Rosberg,11,9,10727,2006-03-12,3164,BRA,DEU,DEU,0,0,70023.0,70934.0,-911.0,1.0
2014,2014-11-09,1985-01-07,Mercedes,Autódromo José Carlos Pace,Race circuit,Lewis Hamilton,11,9,10898,2007-03-18,2793,BRA,GBR,DEU,0,0,70056.0,70934.0,-878.0,2.0
2014,2014-11-09,1981-04-25,Williams,Autódromo José Carlos Pace,Race circuit,Felipe Massa,11,9,12251,2002-03-03,4634,BRA,BRA,GBR,1,0,70247.0,70934.0,-687.0,3.0
2014,2014-11-09,1980-01-19,McLaren,Autódromo José Carlos Pace,Race circuit,Jenson Button,11,9,12713,2000-03-12,5355,BRA,GBR,GBR,0,0,70930.0,70934.0,-4.0,5.0
2014,2014-11-09,1987-07-03,Red Bull,Autódromo José Carlos Pace,Race circuit,Sebastian Vettel,11,9,9991,2007-06-17,2702,BRA,DEU,AUT,0,0,70938.0,70934.0,4.0,6.0
2014,2014-11-09,1981-07-29,Ferrari,Autódromo José Carlos Pace,Race circuit,Fernando Alonso,11,9,12156,2001-03-04,4998,BRA,ESP,ITA,0,0,70977.0,70934.0,43.0,8.0
2014,2014-11-09,1979-10-17,Ferrari,Autódromo José Carlos Pace,Race circuit,Kimi Räikkönen,11,9,12807,2001-03-04,4998,BRA,FIN,ITA,0,0,71099.0,70934.0,165.0,10.0
2014,2014-11-09,1992-10-05,McLaren,Autódromo José Carlos Pace,Race circuit,Kevin Magnussen,11,9,8070,2014-03-16,238,BRA,DNK,GBR,0,0,70969.0,70934.0,35.0,7.0
2014,2014-11-09,1989-08-28,Williams,Autódromo José Carlos Pace,Race circuit,Valtteri Bottas,11,9,9204,2013-03-17,602,BRA,FIN,GBR,0,0,70305.0,70934.0,-629.0,4.0
2014,2014-11-09,1989-07-01,Red Bull,Autódromo José Carlos Pace,Race circuit,Daniel Ricciardo,11,9,9262,2011-07-10,1218,BRA,AUS,AUT,0,0,71075.0,70934.0,141.0,9.0
2014,2014-11-23,1985-01-07,Mercedes,Yas Marina Circuit,Race circuit,Lewis Hamilton,11,23,10912,2007-03-18,2807,ARE,GBR,DEU,0,0,100866.0,101497.0,-631.0,2.0
2014,2014-11-23,1981-04-25,Williams,Yas Marina Circuit,Race circuit,Felipe Massa,11,23,12265,2002-03-03,4648,ARE,BRA,GBR,0,0,101119.0,101497.0,-378.0,4.0
2014,2014-11-23,1989-08-28,Williams,Yas Marina Circuit,Race circuit,Valtteri Bottas,11,23,9218,2013-03-17,616,ARE,FIN,GBR,0,0,101025.0,101497.0,-472.0,3.0
2014,2014-11-23,1980-01-19,McLaren,Yas Marina Circuit,Race circuit,Jenson Button,11,23,12727,2000-03-12,5369,ARE,GBR,GBR,0,0,101875.0,101497.0,378.0,5.0
2014,2014-11-23,1981-07-29,Ferrari,Yas Marina Circuit,Race circuit,Fernando Alonso,11,23,12170,2001-03-04,5012,ARE,ESP,ITA,0,0,101940.0,101497.0,443.0,7.0
2014,2014-11-23,1979-10-17,Ferrari,Yas Marina Circuit,Race circuit,Kimi Räikkönen,11,23,12821,2001-03-04,5012,ARE,FIN,ITA,0,0,102168.0,101497.0,671.0,8.0
2014,2014-11-23,1985-06-27,Mercedes,Yas Marina Circuit,Race circuit,Nico Rosberg,11,23,10741,2006-03-12,3178,ARE,DEU,DEU,0,0,100480.0,101497.0,-1017.0,1.0
2014,2014-11-23,1994-04-26,Toro Rosso,Yas Marina Circuit,Race circuit,Daniil Kvyat,11,23,7516,2014-03-16,252,ARE,RUS,ITA,0,0,101908.0,101497.0,411.0,6.0
2015,2015-03-15,1985-01-07,Mercedes,Albert Park Grand Prix Circuit,Street circuit,Lewis Hamilton,3,15,11024,2007-03-18,2919,AUS,GBR,DEU,0,0,86327.0,87793.0,-1466.0,1.0
2015,2015-03-15,1985-06-27,Mercedes,Albert Park Grand Prix Circuit,Street circuit,Nico Rosberg,3,15,10853,2006-03-12,3290,AUS,DEU,DEU,0,0,86921.0,87793.0,-872.0,2.0
2015,2015-03-15,1987-07-03,Ferrari,Albert Park Grand Prix Circuit,Street circuit,Sebastian Vettel,3,15,10117,2007-06-17,2828,AUS,DEU,ITA,0,0,87742.0,87793.0,-51.0,4.0
2015,2015-03-15,1981-04-25,Williams,Albert Park Grand Prix Circuit,Street circuit,Felipe Massa,3,15,12377,2002-03-03,4760,AUS,BRA,GBR,0,0,87718.0,87793.0,-75.0,3.0
2015,2015-03-15,1989-07-01,Red Bull,Albert Park Grand Prix Circuit,Street circuit,Daniel Ricciardo,3,15,9388,2011-07-10,1344,AUS,AUS,AUT,1,0,88329.0,87793.0,536.0,7.0
2015,2015-03-15,1994-09-01,Toro Rosso,Albert Park Grand Prix Circuit,Street circuit,Carlos Sainz,3,15,7500,2015-03-15,0,AUS,ESP,ITA,0,0,88510.0,87793.0,717.0,8.0
2015,2015-03-15,1979-10-17,Ferrari,Albert Park Grand Prix Circuit,Street circuit,Kimi Räikkönen,3,15,12933,2001-03-04,5124,AUS,FIN,ITA,0,0,87790.0,87793.0,-3.0,5.0
2015,2015-03-15,1986-04-17,Lotus F1,Albert Park Grand Prix Circuit,Street circuit,Romain Grosjean,3,15,10559,2009-08-23,2030,AUS,FRA,GBR,0,0,88560.0,87793.0,767.0,9.0
2015,2015-03-15,1985-03-09,Lotus F1,Albert Park Grand Prix Circuit,Street circuit,Pastor Maldonado,3,15,10963,2011-03-27,1449,AUS,VEN,GBR,0,0,88726.0,87793.0,933.0,10.0
2015,2015-03-15,1989-08-28,Williams,Albert Park Grand Prix Circuit,Street circuit,Valtteri Bottas,3,15,9330,2013-03-17,728,AUS,FIN,GBR,0,0,87796.0,87793.0,3.0,6.0
2015,2015-03-29,1987-07-03,Ferrari,Sepang International Circuit,Race circuit,Sebastian Vettel,3,29,10131,2007-06-17,2842,MYS,DEU,ITA,0,0,99632.0,100322.0,-690.0,3.0
2015,2015-03-29,1985-01-07,Mercedes,Sepang International Circuit,Race circuit,Lewis Hamilton,3,29,11038,2007-03-18,2933,MYS,GBR,DEU,0,0,99269.0,100322.0,-1052.0,1.0
2015,2015-03-29,1985-06-27,Mercedes,Sepang International Circuit,Race circuit,Nico Rosberg,3,29,10867,2006-03-12,3304,MYS,DEU,DEU,0,0,99374.0,100322.0,-948.0,2.0
2015,2015-03-29,1989-08-28,Williams,Sepang International Circuit,Race circuit,Valtteri Bottas,3,29,9344,2013-03-17,742,MYS,FIN,GBR,0,0,100249.0,100322.0,-72.0,4.0
2015,2015-03-29,1981-04-25,Williams,Sepang International Circuit,Race circuit,Felipe Massa,3,29,12391,2002-03-03,4774,MYS,BRA,GBR,0,0,100543.0,100322.0,222.0,8.0
2015,2015-03-29,1997-09-30,Toro Rosso,Sepang International Circuit,Race circuit,Max Verstappen,3,29,6389,2015-03-15,14,MYS,NLD,ITA,0,0,100793.0,100322.0,472.0,10.0
2015,2015-03-29,1994-04-26,Red Bull,Sepang International Circuit,Race circuit,Daniil Kvyat,3,29,7642,2014-03-16,378,MYS,RUS,AUT,0,0,100546.0,100322.0,224.0,9.0
2015,2015-03-29,1989-07-01,Red Bull,Sepang International Circuit,Race circuit,Daniel Ricciardo,3,29,9402,2011-07-10,1358,MYS,AUS,AUT,0,0,100504.0,100322.0,182.0,7.0
2015,2015-03-29,1986-04-17,Lotus F1,Sepang International Circuit,Race circuit,Romain Grosjean,3,29,10573,2009-08-23,2044,MYS,FRA,GBR,0,0,100303.0,100322.0,-18.0,5.0
2015,2015-03-29,1990-09-02,Sauber,Sepang International Circuit,Race circuit,Marcus Ericsson,3,29,8974,2014-03-16,378,MYS,SWE,CHE,0,0,100340.0,100322.0,18.0,6.0
2015,2015-04-12,1985-01-07,Mercedes,Shanghai International Circuit,Race circuit,Lewis Hamilton,4,12,11052,2007-03-18,2947,CHN,GBR,DEU,0,0,95782.0,97126.0,-1344.0,1.0
2015,2015-04-12,1985-06-27,Mercedes,Shanghai International Circuit,Race circuit,Nico Rosberg,4,12,10881,2006-03-12,3318,CHN,DEU,DEU,0,0,95828.0,97126.0,-1298.0,2.0
2015,2015-04-12,1987-07-03,Ferrari,Shanghai International Circuit,Race circuit,Sebastian Vettel,4,12,10145,2007-06-17,2856,CHN,DEU,ITA,0,0,96687.0,97126.0,-439.0,3.0
2015,2015-04-12,1979-10-17,Ferrari,Shanghai International Circuit,Race circuit,Kimi Räikkönen,4,12,12961,2001-03-04,5152,CHN,FIN,ITA,0,0,97109.0,97126.0,-17.0,5.0
2015,2015-04-12,1981-04-25,Williams,Shanghai International Circuit,Race circuit,Felipe Massa,4,12,12405,2002-03-03,4788,CHN,BRA,GBR,0,0,96954.0,97126.0,-172.0,4.0
2015,2015-04-12,1989-08-28,Williams,Shanghai International Circuit,Race circuit,Valtteri Bottas,4,12,9358,2013-03-17,756,CHN,FIN,GBR,0,0,97143.0,97126.0,17.0,6.0
2015,2015-04-12,1986-04-17,Lotus F1,Shanghai International Circuit,Race circuit,Romain Grosjean,4,12,10587,2009-08-23,2058,CHN,FRA,GBR,0,0,97905.0,97126.0,779.0,8.0
2015,2015-04-12,1992-08-21,Sauber,Shanghai International Circuit,Race circuit,Felipe Nasr,4,12,8269,2015-03-15,28,CHN,BRA,CHE,0,0,98017.0,97126.0,891.0,9.0
2015,2015-04-12,1989-07-01,Red Bull,Shanghai International Circuit,Race circuit,Daniel Ricciardo,4,12,9416,2011-07-10,1372,CHN,AUS,AUT,0,0,97540.0,97126.0,414.0,7.0
2015,2015-04-12,1990-09-02,Sauber,Shanghai International Circuit,Race circuit,Marcus Ericsson,4,12,8988,2014-03-16,392,CHN,SWE,CHE,0,0,98127.0,97126.0,1001.0,10.0
2015,2015-04-19,1985-01-07,Mercedes,Bahrain International Circuit,Race circuit,Lewis Hamilton,4,19,11059,2007-03-18,2954,BHR,GBR,DEU,0,0,92571.0,93466.0,-895.0,1.0
2015,2015-04-19,1979-10-17,Ferrari,Bahrain International Circuit,Race circuit,Kimi Räikkönen,4,19,12968,2001-03-04,5159,BHR,FIN,ITA,0,0,93227.0,93466.0,-239.0,4.0
2015,2015-04-19,1985-06-27,Mercedes,Bahrain International Circuit,Race circuit,Nico Rosberg,4,19,10888,2006-03-12,3325,BHR,DEU,DEU,0,0,93129.0,93466.0,-337.0,3.0
2015,2015-04-19,1989-08-28,Williams,Bahrain International Circuit,Race circuit,Valtteri Bottas,4,19,9365,2013-03-17,763,BHR,FIN,GBR,0,0,93381.0,93466.0,-85.0,5.0
2015,2015-04-19,1987-07-03,Ferrari,Bahrain International Circuit,Race circuit,Sebastian Vettel,4,19,10152,2007-06-17,2863,BHR,DEU,ITA,0,0,92982.0,93466.0,-484.0,2.0
2015,2015-04-19,1989-07-01,Red Bull,Bahrain International Circuit,Race circuit,Daniel Ricciardo,4,19,9423,2011-07-10,1379,BHR,AUS,AUT,0,0,93832.0,93466.0,366.0,7.0
2015,2015-04-19,1986-04-17,Lotus F1,Bahrain International Circuit,Race circuit,Romain Grosjean,4,19,10594,2009-08-23,2065,BHR,FRA,GBR,0,0,94123.0,93466.0,657.0,8.0
2015,2015-04-19,1981-04-25,Williams,Bahrain International Circuit,Race circuit,Felipe Massa,4,19,12412,2002-03-03,4795,BHR,BRA,GBR,0,0,93551.0,93466.0,85.0,6.0
2015,2015-04-19,1987-08-19,Force India,Bahrain International Circuit,Race circuit,Nico Hülkenberg,4,19,10105,2010-03-14,1862,BHR,DEU,IND,0,0,94450.0,93466.0,984.0,9.0
2015,2015-04-19,1994-09-01,Toro Rosso,Bahrain International Circuit,Race circuit,Carlos Sainz,4,19,7535,2015-03-15,35,BHR,ESP,ITA,0,0,94462.0,93466.0,996.0,10.0
2015,2015-05-10,1985-06-27,Mercedes,Circuit de Barcelona-Catalunya,Race circuit,Nico Rosberg,5,10,10909,2006-03-12,3346,ESP,DEU,DEU,0,0,84681.0,86076.0,-1395.0,1.0
2015,2015-05-10,1985-01-07,Mercedes,Circuit de Barcelona-Catalunya,Race circuit,Lewis Hamilton,5,10,11080,2007-03-18,2975,ESP,GBR,DEU,0,0,84948.0,86076.0,-1128.0,2.0
2015,2015-05-10,1987-07-03,Ferrari,Circuit de Barcelona-Catalunya,Race circuit,Sebastian Vettel,5,10,10173,2007-06-17,2884,ESP,DEU,ITA,0,0,85458.0,86076.0,-618.0,3.0
2015,2015-05-10,1989-08-28,Williams,Circuit de Barcelona-Catalunya,Race circuit,Valtteri Bottas,5,10,9386,2013-03-17,784,ESP,FIN,GBR,0,0,85694.0,86076.0,-382.0,4.0
2015,2015-05-10,1979-10-17,Ferrari,Circuit de Barcelona-Catalunya,Race circuit,Kimi Räikkönen,5,10,12989,2001-03-04,5180,ESP,FIN,ITA,0,0,86016.0,86076.0,-60.0,5.0
2015,2015-05-10,1981-04-25,Williams,Circuit de Barcelona-Catalunya,Race circuit,Felipe Massa,5,10,12433,2002-03-03,4816,ESP,BRA,GBR,0,0,86147.0,86076.0,71.0,7.0
2015,2015-05-10,1989-07-01,Red Bull,Circuit de Barcelona-Catalunya,Race circuit,Daniel Ricciardo,5,10,9444,2011-07-10,1400,ESP,AUS,AUT,0,0,86692.0,86076.0,616.0,10.0
2015,2015-05-10,1994-09-01,Toro Rosso,Circuit de Barcelona-Catalunya,Race circuit,Carlos Sainz,5,10,7556,2015-03-15,56,ESP,ESP,ITA,1,0,86136.0,86076.0,60.0,6.0
2015,2015-05-10,1994-04-26,Red Bull,Circuit de Barcelona-Catalunya,Race circuit,Daniil Kvyat,5,10,7684,2014-03-16,420,ESP,RUS,AUT,0,0,86629.0,86076.0,553.0,9.0
2015,2015-05-10,1997-09-30,Toro Rosso,Circuit de Barcelona-Catalunya,Race circuit,Max Verstappen,5,10,6431,2015-03-15,56,ESP,NLD,ITA,0,0,86249.0,86076.0,173.0,8.0
2015,2015-05-24,1985-06-27,Mercedes,Circuit de Monaco,Street circuit,Nico Rosberg,5,24,10923,2006-03-12,3360,MCO,DEU,DEU,0,0,75440.0,76304.0,-864.0,2.0
2015,2015-05-24,1987-07-03,Ferrari,Circuit de Monaco,Street circuit,Sebastian Vettel,5,24,10187,2007-06-17,2898,MCO,DEU,ITA,0,0,75849.0,76304.0,-456.0,3.0
2015,2015-05-24,1985-01-07,Mercedes,Circuit de Monaco,Street circuit,Lewis Hamilton,5,24,11094,2007-03-18,2989,MCO,GBR,DEU,0,0,75098.0,76304.0,-1206.0,1.0
2015,2015-05-24,1994-04-26,Red Bull,Circuit de Monaco,Street circuit,Daniil Kvyat,5,24,7698,2014-03-16,434,MCO,RUS,AUT,0,0,76182.0,76304.0,-122.0,5.0
2015,2015-05-24,1989-07-01,Red Bull,Circuit de Monaco,Street circuit,Daniel Ricciardo,5,24,9458,2011-07-10,1414,MCO,AUS,AUT,0,0,76041.0,76304.0,-264.0,4.0
2015,2015-05-24,1979-10-17,Ferrari,Circuit de Monaco,Street circuit,Kimi Räikkönen,5,24,13003,2001-03-04,5194,MCO,FIN,ITA,0,0,76427.0,76304.0,122.0,6.0
2015,2015-05-24,1990-01-26,Force India,Circuit de Monaco,Street circuit,Sergio Pérez,5,24,9249,2011-03-27,1519,MCO,MEX,IND,0,0,76808.0,76304.0,504.0,10.0
2015,2015-05-24,1994-09-01,Toro Rosso,Circuit de Monaco,Street circuit,Carlos Sainz,5,24,7570,2015-03-15,70,MCO,ESP,ITA,0,0,76762.0,76304.0,458.0,8.0
2015,2015-05-24,1997-09-30,Toro Rosso,Circuit de Monaco,Street circuit,Max Verstappen,5,24,6445,2015-03-15,70,MCO,NLD,ITA,0,0,76546.0,76304.0,242.0,7.0
2015,2015-05-24,1985-03-09,Lotus F1,Circuit de Monaco,Street circuit,Pastor Maldonado,5,24,11033,2011-03-27,1519,MCO,VEN,GBR,0,0,76775.0,76304.0,470.0,9.0
2015,2015-06-07,1985-01-07,Mercedes,Circuit Gilles Villeneuve,Street circuit,Lewis Hamilton,6,7,11108,2007-03-18,3003,CAN,GBR,DEU,0,0,74393.0,75258.0,-865.0,1.0
2015,2015-06-07,1985-06-27,Mercedes,Circuit Gilles Villeneuve,Street circuit,Nico Rosberg,6,7,10937,2006-03-12,3374,CAN,DEU,DEU,0,0,74673.0,75258.0,-585.0,2.0
2015,2015-06-07,1989-08-28,Williams,Circuit Gilles Villeneuve,Street circuit,Valtteri Bottas,6,7,9414,2013-03-17,812,CAN,FIN,GBR,0,0,75102.0,75258.0,-156.0,4.0
2015,2015-06-07,1979-10-17,Ferrari,Circuit Gilles Villeneuve,Street circuit,Kimi Räikkönen,6,7,13017,2001-03-04,5208,CAN,FIN,ITA,0,0,75014.0,75258.0,-244.0,3.0
2015,2015-06-07,1985-03-09,Lotus F1,Circuit Gilles Villeneuve,Street circuit,Pastor Maldonado,6,7,11047,2011-03-27,1533,CAN,VEN,GBR,0,0,75329.0,75258.0,71.0,6.0
2015,2015-06-07,1987-08-19,Force India,Circuit Gilles Villeneuve,Street circuit,Nico Hülkenberg,6,7,10154,2010-03-14,1911,CAN,DEU,IND,0,0,75614.0,75258.0,356.0,7.0
2015,2015-06-07,1994-04-26,Red Bull,Circuit Gilles Villeneuve,Street circuit,Daniil Kvyat,6,7,7712,2014-03-16,448,CAN,RUS,AUT,0,0,75891.0,75258.0,633.0,8.0
2015,2015-06-07,1986-04-17,Lotus F1,Circuit Gilles Villeneuve,Street circuit,Romain Grosjean,6,7,10643,2009-08-23,2114,CAN,FRA,GBR,0,0,75187.0,75258.0,-71.0,5.0
2015,2015-06-07,1990-01-26,Force India,Circuit Gilles Villeneuve,Street circuit,Sergio Pérez,6,7,9263,2011-03-27,1533,CAN,MEX,IND,0,0,75974.0,75258.0,716.0,9.0
2015,2015-06-07,1989-07-01,Red Bull,Circuit Gilles Villeneuve,Street circuit,Daniel Ricciardo,6,7,9472,2011-07-10,1428,CAN,AUS,AUT,0,0,76006.0,75258.0,748.0,10.0
2015,2015-06-21,1985-06-27,Mercedes,Red Bull Ring,Race circuit,Nico Rosberg,6,21,10951,2006-03-12,3388,AUT,DEU,DEU,0,0,68634.0,69278.0,-644.0,2.0
2015,2015-06-21,1985-01-07,Mercedes,Red Bull Ring,Race circuit,Lewis Hamilton,6,21,11122,2007-03-18,3017,AUT,GBR,DEU,0,0,68455.0,69278.0,-823.0,1.0
2015,2015-06-21,1981-04-25,Williams,Red Bull Ring,Race circuit,Felipe Massa,6,21,12475,2002-03-03,4858,AUT,BRA,GBR,0,0,69192.0,69278.0,-86.0,4.0
2015,2015-06-21,1987-07-03,Ferrari,Red Bull Ring,Race circuit,Sebastian Vettel,6,21,10215,2007-06-17,2926,AUT,DEU,ITA,0,0,68810.0,69278.0,-468.0,3.0
2015,2015-06-21,1989-08-28,Williams,Red Bull Ring,Race circuit,Valtteri Bottas,6,21,9428,2013-03-17,826,AUT,FIN,GBR,0,0,69319.0,69278.0,41.0,6.0
2015,2015-06-21,1987-08-19,Force India,Red Bull Ring,Race circuit,Nico Hülkenberg,6,21,10168,2010-03-14,1925,AUT,DEU,IND,0,0,69278.0,69278.0,0.0,5.0
2015,2015-06-21,1997-09-30,Toro Rosso,Red Bull Ring,Race circuit,Max Verstappen,6,21,6473,2015-03-15,98,AUT,NLD,ITA,0,0,69612.0,69278.0,334.0,7.0
2015,2015-06-21,1992-08-21,Sauber,Red Bull Ring,Race circuit,Felipe Nasr,6,21,8339,2015-03-15,98,AUT,BRA,CHE,0,0,69652.0,69278.0,374.0,8.0
2015,2015-06-21,1994-04-26,Red Bull,Red Bull Ring,Race circuit,Daniil Kvyat,6,21,7726,2014-03-16,462,AUT,RUS,AUT,0,1,69694.0,69278.0,416.0,9.0
2015,2015-07-05,1985-01-07,Mercedes,Silverstone Circuit,Race circuit,Lewis Hamilton,7,5,11136,2007-03-18,3031,GBR,GBR,DEU,1,0,92248.0,93450.0,-1202.0,1.0
2015,2015-07-05,1985-06-27,Mercedes,Silverstone Circuit,Race circuit,Nico Rosberg,7,5,10965,2006-03-12,3402,GBR,DEU,DEU,0,0,92361.0,93450.0,-1088.0,2.0
2015,2015-07-05,1987-07-03,Ferrari,Silverstone Circuit,Race circuit,Sebastian Vettel,7,5,10229,2007-06-17,2940,GBR,DEU,ITA,0,0,93547.0,93450.0,98.0,7.0
2015,2015-07-05,1981-04-25,Williams,Silverstone Circuit,Race circuit,Felipe Massa,7,5,12489,2002-03-03,4872,GBR,BRA,GBR,0,1,93085.0,93450.0,-364.0,4.0
2015,2015-07-05,1989-08-28,Williams,Silverstone Circuit,Race circuit,Valtteri Bottas,7,5,9442,2013-03-17,840,GBR,FIN,GBR,0,1,93020.0,93450.0,-430.0,3.0
2015,2015-07-05,1994-04-26,Red Bull,Silverstone Circuit,Race circuit,Daniil Kvyat,7,5,7740,2014-03-16,476,GBR,RUS,AUT,0,0,93520.0,93450.0,70.0,6.0
2015,2015-07-05,1987-08-19,Force India,Silverstone Circuit,Race circuit,Nico Hülkenberg,7,5,10182,2010-03-14,1939,GBR,DEU,IND,0,0,93673.0,93450.0,224.0,9.0
2015,2015-07-05,1979-10-17,Ferrari,Silverstone Circuit,Race circuit,Kimi Räikkönen,7,5,13045,2001-03-04,5236,GBR,FIN,ITA,0,0,93379.0,93450.0,-70.0,5.0
2015,2015-07-05,1994-09-01,Toro Rosso,Silverstone Circuit,Race circuit,Carlos Sainz,7,5,7612,2015-03-15,112,GBR,ESP,ITA,0,0,93649.0,93450.0,200.0,8.0
2015,2015-07-05,1989-07-01,Red Bull,Silverstone Circuit,Race circuit,Daniel Ricciardo,7,5,9500,2011-07-10,1456,GBR,AUS,AUT,0,0,93749.0,93450.0,300.0,10.0
2015,2015-07-26,1987-07-03,Ferrari,Hungaroring,Race circuit,Sebastian Vettel,7,26,10250,2007-06-17,2961,HUN,DEU,ITA,0,0,82739.0,83121.0,-382.0,3.0
2015,2015-07-26,1994-04-26,Red Bull,Hungaroring,Race circuit,Daniil Kvyat,7,26,7761,2014-03-16,497,HUN,RUS,AUT,0,0,83332.0,83121.0,211.0,7.0
2015,2015-07-26,1989-07-01,Red Bull,Hungaroring,Race circuit,Daniel Ricciardo,7,26,9521,2011-07-10,1477,HUN,AUS,AUT,0,0,82774.0,83121.0,-347.0,4.0
2015,2015-07-26,1997-09-30,Toro Rosso,Hungaroring,Race circuit,Max Verstappen,7,26,6508,2015-03-15,133,HUN,NLD,ITA,0,0,83679.0,83121.0,558.0,9.0
2015,2015-07-26,1985-01-07,Mercedes,Hungaroring,Race circuit,Lewis Hamilton,7,26,11157,2007-03-18,3052,HUN,GBR,DEU,0,0,82020.0,83121.0,-1101.0,1.0
2015,2015-07-26,1986-04-17,Lotus F1,Hungaroring,Race circuit,Romain Grosjean,7,26,10692,2009-08-23,2163,HUN,FRA,GBR,0,0,83805.0,83121.0,684.0,10.0
2015,2015-07-26,1985-06-27,Mercedes,Hungaroring,Race circuit,Nico Rosberg,7,26,10986,2006-03-12,3423,HUN,DEU,DEU,0,0,82595.0,83121.0,-526.0,2.0
2015,2015-07-26,1981-04-25,Williams,Hungaroring,Race circuit,Felipe Massa,7,26,12510,2002-03-03,4893,HUN,BRA,GBR,0,0,83537.0,83121.0,416.0,8.0
2015,2015-07-26,1989-08-28,Williams,Hungaroring,Race circuit,Valtteri Bottas,7,26,9463,2013-03-17,861,HUN,FIN,GBR,0,0,83222.0,83121.0,101.0,6.0
2015,2015-07-26,1979-10-17,Ferrari,Hungaroring,Race circuit,Kimi Räikkönen,7,26,13066,2001-03-04,5257,HUN,FIN,ITA,0,0,83020.0,83121.0,-101.0,5.0
2015,2015-08-23,1985-01-07,Mercedes,Circuit de Spa-Francorchamps,Race circuit,Lewis Hamilton,8,23,11185,2007-03-18,3080,BEL,GBR,DEU,0,0,107197.0,108619.0,-1422.0,1.0
2015,2015-08-23,1985-06-27,Mercedes,Circuit de Spa-Francorchamps,Race circuit,Nico Rosberg,8,23,11014,2006-03-12,3451,BEL,DEU,DEU,0,0,107655.0,108619.0,-964.0,2.0
2015,2015-08-23,1986-04-17,Lotus F1,Circuit de Spa-Francorchamps,Race circuit,Romain Grosjean,8,23,10720,2009-08-23,2191,BEL,FRA,GBR,0,0,108561.0,108619.0,-58.0,4.0
2015,2015-08-23,1990-01-26,Force India,Circuit de Spa-Francorchamps,Race circuit,Sergio Pérez,8,23,9340,2011-03-27,1610,BEL,MEX,IND,0,0,108599.0,108619.0,-20.0,5.0
2015,2015-08-23,1981-04-25,Williams,Circuit de Spa-Francorchamps,Race circuit,Felipe Massa,8,23,12538,2002-03-03,4921,BEL,BRA,GBR,0,0,108685.0,108619.0,66.0,7.0
2015,2015-08-23,1989-08-28,Williams,Circuit de Spa-Francorchamps,Race circuit,Valtteri Bottas,8,23,9491,2013-03-17,889,BEL,FIN,GBR,0,0,108537.0,108619.0,-82.0,3.0
2015,2015-08-23,1987-07-03,Ferrari,Circuit de Spa-Francorchamps,Race circuit,Sebastian Vettel,8,23,10278,2007-06-17,2989,BEL,DEU,ITA,0,0,108761.0,108619.0,142.0,9.0
2015,2015-08-23,1994-09-01,Toro Rosso,Circuit de Spa-Francorchamps,Race circuit,Carlos Sainz,8,23,7661,2015-03-15,161,BEL,ESP,ITA,0,0,109065.0,108619.0,446.0,10.0
2015,2015-08-23,1989-07-01,Red Bull,Circuit de Spa-Francorchamps,Race circuit,Daniel Ricciardo,8,23,9549,2011-07-10,1505,BEL,AUS,AUT,0,0,108639.0,108619.0,20.0,6.0
2015,2015-08-23,1985-03-09,Lotus F1,Circuit de Spa-Francorchamps,Race circuit,Pastor Maldonado,8,23,11124,2011-03-27,1610,BEL,VEN,GBR,0,0,108754.0,108619.0,135.0,8.0
2015,2015-09-06,1985-01-07,Mercedes,Autodromo Nazionale di Monza,Race circuit,Lewis Hamilton,9,6,11199,2007-03-18,3094,ITA,GBR,DEU,0,0,83383.0,84034.0,-650.0,1.0
2015,2015-09-06,1987-07-03,Ferrari,Autodromo Nazionale di Monza,Race circuit,Sebastian Vettel,9,6,10292,2007-06-17,3003,ITA,DEU,ITA,0,1,83577.0,84034.0,-456.0,2.0
2015,2015-09-06,1981-04-25,Williams,Autodromo Nazionale di Monza,Race circuit,Felipe Massa,9,6,12552,2002-03-03,4935,ITA,BRA,GBR,0,0,83940.0,84034.0,-94.0,5.0
2015,2015-09-06,1989-08-28,Williams,Autodromo Nazionale di Monza,Race circuit,Valtteri Bottas,9,6,9505,2013-03-17,903,ITA,FIN,GBR,0,0,84127.0,84034.0,94.0,6.0
2015,2015-09-06,1979-10-17,Ferrari,Autodromo Nazionale di Monza,Race circuit,Kimi Räikkönen,9,6,13108,2001-03-04,5299,ITA,FIN,ITA,0,1,83631.0,84034.0,-402.0,3.0
2015,2015-09-06,1990-01-26,Force India,Autodromo Nazionale di Monza,Race circuit,Sergio Pérez,9,6,9354,2011-03-27,1624,ITA,MEX,IND,0,0,84379.0,84034.0,346.0,7.0
2015,2015-09-06,1987-08-19,Force India,Autodromo Nazionale di Monza,Race circuit,Nico Hülkenberg,9,6,10245,2010-03-14,2002,ITA,DEU,IND,0,0,84510.0,84034.0,476.0,10.0
2015,2015-09-06,1990-09-02,Sauber,Autodromo Nazionale di Monza,Race circuit,Marcus Ericsson,9,6,9135,2014-03-16,539,ITA,SWE,CHE,0,0,84457.0,84034.0,424.0,9.0
2015,2015-09-06,1985-06-27,Mercedes,Autodromo Nazionale di Monza,Race circuit,Nico Rosberg,9,6,11028,2006-03-12,3465,ITA,DEU,DEU,0,0,83703.0,84034.0,-330.0,4.0
2015,2015-09-06,1986-04-17,Lotus F1,Autodromo Nazionale di Monza,Race circuit,Romain Grosjean,9,6,10734,2009-08-23,2205,ITA,FRA,GBR,0,0,84448.0,84034.0,414.0,8.0
2015,2015-09-20,1987-07-03,Ferrari,Marina Bay Street Circuit,Street circuit,Sebastian Vettel,9,20,10306,2007-06-17,3017,SGP,DEU,ITA,0,0,103885.0,105358.0,-1472.0,1.0
2015,2015-09-20,1989-07-01,Red Bull,Marina Bay Street Circuit,Street circuit,Daniel Ricciardo,9,20,9577,2011-07-10,1533,SGP,AUS,AUT,0,0,104428.0,105358.0,-930.0,2.0
2015,2015-09-20,1979-10-17,Ferrari,Marina Bay Street Circuit,Street circuit,Kimi Räikkönen,9,20,13122,2001-03-04,5313,SGP,FIN,ITA,0,0,104667.0,105358.0,-690.0,3.0
2015,2015-09-20,1985-06-27,Mercedes,Marina Bay Street Circuit,Street circuit,Nico Rosberg,9,20,11042,2006-03-12,3479,SGP,DEU,DEU,0,0,105415.0,105358.0,58.0,6.0
2015,2015-09-20,1989-08-28,Williams,Marina Bay Street Circuit,Street circuit,Valtteri Bottas,9,20,9519,2013-03-17,917,SGP,FIN,GBR,0,0,105676.0,105358.0,318.0,8.0
2015,2015-09-20,1994-04-26,Red Bull,Marina Bay Street Circuit,Street circuit,Daniil Kvyat,9,20,7817,2014-03-16,553,SGP,RUS,AUT,0,0,104745.0,105358.0,-612.0,4.0
2015,2015-09-20,1997-09-30,Toro Rosso,Marina Bay Street Circuit,Street circuit,Max Verstappen,9,20,6564,2015-03-15,189,SGP,NLD,ITA,0,0,105635.0,105358.0,278.0,7.0
2015,2015-09-20,1986-04-17,Lotus F1,Marina Bay Street Circuit,Street circuit,Romain Grosjean,9,20,10748,2009-08-23,2219,SGP,FRA,GBR,0,0,105805.0,105358.0,448.0,10.0
2015,2015-09-20,1985-01-07,Mercedes,Marina Bay Street Circuit,Street circuit,Lewis Hamilton,9,20,11213,2007-03-18,3108,SGP,GBR,DEU,0,0,105300.0,105358.0,-58.0,5.0
2015,2015-09-20,1981-04-25,Williams,Marina Bay Street Circuit,Street circuit,Felipe Massa,9,20,12566,2002-03-03,4949,SGP,BRA,GBR,0,0,105701.0,105358.0,344.0,9.0
2015,2015-09-27,1985-01-07,Mercedes,Suzuka Circuit,Race circuit,Lewis Hamilton,9,27,11220,2007-03-18,3115,JPN,GBR,DEU,0,0,92660.0,93291.0,-631.0,2.0
2015,2015-09-27,1985-06-27,Mercedes,Suzuka Circuit,Race circuit,Nico Rosberg,9,27,11049,2006-03-12,3486,JPN,DEU,DEU,0,0,92584.0,93291.0,-707.0,1.0
2015,2015-09-27,1987-07-03,Ferrari,Suzuka Circuit,Race circuit,Sebastian Vettel,9,27,10313,2007-06-17,3024,JPN,DEU,ITA,0,0,93245.0,93291.0,-46.0,4.0
2015,2015-09-27,1979-10-17,Ferrari,Suzuka Circuit,Race circuit,Kimi Räikkönen,9,27,13129,2001-03-04,5320,JPN,FIN,ITA,0,0,93347.0,93291.0,56.0,6.0
2015,2015-09-27,1989-08-28,Williams,Suzuka Circuit,Race circuit,Valtteri Bottas,9,27,9526,2013-03-17,924,JPN,FIN,GBR,0,0,93024.0,93291.0,-267.0,3.0
2015,2015-09-27,1986-04-17,Lotus F1,Suzuka Circuit,Race circuit,Romain Grosjean,9,27,10755,2009-08-23,2226,JPN,FRA,GBR,0,0,93967.0,93291.0,676.0,8.0
2015,2015-09-27,1989-07-01,Red Bull,Suzuka Circuit,Race circuit,Daniel Ricciardo,9,27,9584,2011-07-10,1540,JPN,AUS,AUT,0,0,93497.0,93291.0,206.0,7.0
2015,2015-09-27,1981-04-25,Williams,Suzuka Circuit,Race circuit,Felipe Massa,9,27,12573,2002-03-03,4956,JPN,BRA,GBR,0,0,93337.0,93291.0,46.0,5.0
2015,2015-10-11,1985-01-07,Mercedes,Sochi Autodrom,Race circuit,Lewis Hamilton,10,11,11234,2007-03-18,3129,RUS,GBR,DEU,0,0,97433.0,98442.0,-1008.0,2.0
2015,2015-10-11,1987-07-03,Ferrari,Sochi Autodrom,Race circuit,Sebastian Vettel,10,11,10327,2007-06-17,3038,RUS,DEU,ITA,0,0,97965.0,98442.0,-476.0,4.0
2015,2015-10-11,1990-01-26,Force India,Sochi Autodrom,Race circuit,Sergio Pérez,10,11,9389,2011-03-27,1659,RUS,MEX,IND,0,0,98691.0,98442.0,250.0,7.0
2015,2015-10-11,1979-10-17,Ferrari,Sochi Autodrom,Race circuit,Kimi Räikkönen,10,11,13143,2001-03-04,5334,RUS,FIN,ITA,0,0,98224.0,98442.0,-218.0,5.0
2015,2015-10-11,1997-09-30,Toro Rosso,Sochi Autodrom,Race circuit,Max Verstappen,10,11,6585,2015-03-15,210,RUS,NLD,ITA,0,0,98924.0,98442.0,482.0,9.0
2015,2015-10-11,1989-08-28,Williams,Sochi Autodrom,Race circuit,Valtteri Bottas,10,11,9540,2013-03-17,938,RUS,FIN,GBR,0,0,97912.0,98442.0,-530.0,3.0
2015,2015-10-11,1989-07-01,Red Bull,Sochi Autodrom,Race circuit,Daniel Ricciardo,10,11,9598,2011-07-10,1554,RUS,AUS,AUT,0,0,99005.0,98442.0,564.0,10.0
2015,2015-10-11,1986-04-17,Lotus F1,Sochi Autodrom,Race circuit,Romain Grosjean,10,11,10769,2009-08-23,2240,RUS,FRA,GBR,0,0,98754.0,98442.0,312.0,8.0
2015,2015-10-11,1985-06-27,Mercedes,Sochi Autodrom,Race circuit,Nico Rosberg,10,11,11063,2006-03-12,3500,RUS,DEU,DEU,0,0,97113.0,98442.0,-1328.0,1.0
2015,2015-10-11,1987-08-19,Force India,Sochi Autodrom,Race circuit,Nico Hülkenberg,10,11,10280,2010-03-14,2037,RUS,DEU,IND,0,0,98659.0,98442.0,218.0,6.0
2015,2015-11-01,1985-06-27,Mercedes,Autódromo Hermanos Rodríguez,Race circuit,Nico Rosberg,11,1,11084,2006-03-12,3521,MEX,DEU,DEU,0,0,79480.0,80424.0,-944.0,1.0
2015,2015-11-01,1985-01-07,Mercedes,Autódromo Hermanos Rodríguez,Race circuit,Lewis Hamilton,11,1,11255,2007-03-18,3150,MEX,GBR,DEU,0,0,79668.0,80424.0,-756.0,2.0
2015,2015-11-01,1989-08-28,Williams,Autódromo Hermanos Rodríguez,Race circuit,Valtteri Bottas,11,1,9561,2013-03-17,959,MEX,FIN,GBR,0,0,80448.0,80424.0,24.0,6.0
2015,2015-11-01,1994-04-26,Red Bull,Autódromo Hermanos Rodríguez,Race circuit,Daniil Kvyat,11,1,7859,2014-03-16,595,MEX,RUS,AUT,0,0,80398.0,80424.0,-26.0,4.0
2015,2015-11-01,1989-07-01,Red Bull,Autódromo Hermanos Rodríguez,Race circuit,Daniel Ricciardo,11,1,9619,2011-07-10,1575,MEX,AUS,AUT,0,0,80399.0,80424.0,-24.0,5.0
2015,2015-11-01,1981-04-25,Williams,Autódromo Hermanos Rodríguez,Race circuit,Felipe Massa,11,1,12608,2002-03-03,4991,MEX,BRA,GBR,0,0,80567.0,80424.0,144.0,7.0
2015,2015-11-01,1987-08-19,Force India,Autódromo Hermanos Rodríguez,Race circuit,Nico Hülkenberg,11,1,10301,2010-03-14,2058,MEX,DEU,IND,0,0,80788.0,80424.0,364.0,10.0
2015,2015-11-01,1990-01-26,Force India,Autódromo Hermanos Rodríguez,Race circuit,Sergio Pérez,11,1,9410,2011-03-27,1680,MEX,MEX,IND,1,0,80669.0,80424.0,246.0,8.0
2015,2015-11-01,1997-09-30,Toro Rosso,Autódromo Hermanos Rodríguez,Race circuit,Max Verstappen,11,1,6606,2015-03-15,231,MEX,NLD,ITA,0,0,80710.0,80424.0,286.0,9.0
2015,2015-11-01,1987-07-03,Ferrari,Autódromo Hermanos Rodríguez,Race circuit,Sebastian Vettel,11,1,10348,2007-06-17,3059,MEX,DEU,ITA,0,0,79850.0,80424.0,-574.0,3.0
2015,2015-11-15,1985-06-27,Mercedes,Autódromo José Carlos Pace,Race circuit,Nico Rosberg,11,15,11098,2006-03-12,3535,BRA,DEU,DEU,0,0,71282.0,72204.0,-922.0,1.0
2015,2015-11-15,1985-01-07,Mercedes,Autódromo José Carlos Pace,Race circuit,Lewis Hamilton,11,15,11269,2007-03-18,3164,BRA,GBR,DEU,0,0,71360.0,72204.0,-844.0,2.0
2015,2015-11-15,1987-07-03,Ferrari,Autódromo José Carlos Pace,Race circuit,Sebastian Vettel,11,15,10362,2007-06-17,3073,BRA,DEU,ITA,0,0,71804.0,72204.0,-400.0,3.0
2015,2015-11-15,1979-10-17,Ferrari,Autódromo José Carlos Pace,Race circuit,Kimi Räikkönen,11,15,13178,2001-03-04,5369,BRA,FIN,ITA,0,0,72144.0,72204.0,-60.0,5.0
2015,2015-11-15,1989-08-28,Williams,Autódromo José Carlos Pace,Race circuit,Valtteri Bottas,11,15,9575,2013-03-17,973,BRA,FIN,GBR,0,0,72085.0,72204.0,-120.0,4.0
2015,2015-11-15,1987-08-19,Force India,Autódromo José Carlos Pace,Race circuit,Nico Hülkenberg,11,15,10315,2010-03-14,2072,BRA,DEU,IND,0,0,72265.0,72204.0,60.0,6.0
2015,2015-11-15,1994-04-26,Red Bull,Autódromo José Carlos Pace,Race circuit,Daniil Kvyat,11,15,7873,2014-03-16,609,BRA,RUS,AUT,0,0,72322.0,72204.0,118.0,7.0
2015,2015-11-15,1997-09-30,Toro Rosso,Autódromo José Carlos Pace,Race circuit,Max Verstappen,11,15,6620,2015-03-15,245,BRA,NLD,ITA,0,0,72712.0,72204.0,508.0,10.0
2015,2015-11-15,1989-07-01,Red Bull,Autódromo José Carlos Pace,Race circuit,Daniel Ricciardo,11,15,9633,2011-07-10,1589,BRA,AUS,AUT,0,0,72417.0,72204.0,212.0,9.0
2015,2015-11-15,1981-04-25,Williams,Autódromo José Carlos Pace,Race circuit,Felipe Massa,11,15,12622,2002-03-03,5005,BRA,BRA,GBR,1,0,72415.0,72204.0,210.0,8.0
2015,2015-11-29,1985-06-27,Mercedes,Yas Marina Circuit,Race circuit,Nico Rosberg,11,29,11112,2006-03-12,3549,ARE,DEU,DEU,0,0,100237.0,101550.0,-1313.0,1.0
2015,2015-11-29,1985-01-07,Mercedes,Yas Marina Circuit,Race circuit,Lewis Hamilton,11,29,11283,2007-03-18,3178,ARE,GBR,DEU,0,0,100614.0,101550.0,-936.0,2.0
2015,2015-11-29,1979-10-17,Ferrari,Yas Marina Circuit,Race circuit,Kimi Räikkönen,11,29,13192,2001-03-04,5383,ARE,FIN,ITA,0,0,101051.0,101550.0,-499.0,3.0
2015,2015-11-29,1990-01-26,Force India,Yas Marina Circuit,Race circuit,Sergio Pérez,11,29,9438,2011-03-27,1708,ARE,MEX,IND,0,0,101184.0,101550.0,-366.0,4.0
2015,2015-11-29,1989-07-01,Red Bull,Yas Marina Circuit,Race circuit,Daniel Ricciardo,11,29,9647,2011-07-10,1603,ARE,AUS,AUT,0,0,101444.0,101550.0,-106.0,5.0
2015,2015-11-29,1987-08-19,Force India,Yas Marina Circuit,Race circuit,Nico Hülkenberg,11,29,10329,2010-03-14,2086,ARE,DEU,IND,0,0,101686.0,101550.0,136.0,7.0
2015,2015-11-29,1981-04-25,Williams,Yas Marina Circuit,Race circuit,Felipe Massa,11,29,12636,2002-03-03,5019,ARE,BRA,GBR,0,0,101759.0,101550.0,209.0,8.0
2015,2015-11-29,1994-04-26,Red Bull,Yas Marina Circuit,Race circuit,Daniil Kvyat,11,29,7887,2014-03-16,623,ARE,RUS,AUT,0,0,101933.0,101550.0,383.0,9.0
2015,2015-11-29,1994-09-01,Toro Rosso,Yas Marina Circuit,Race circuit,Carlos Sainz,11,29,7759,2015-03-15,259,ARE,ESP,ITA,0,0,102482.0,101550.0,932.0,10.0
2015,2015-11-29,1989-08-28,Williams,Yas Marina Circuit,Race circuit,Valtteri Bottas,11,29,9589,2013-03-17,987,ARE,FIN,GBR,0,0,101656.0,101550.0,106.0,6.0
2016,2016-03-20,1985-06-27,Mercedes,Albert Park Grand Prix Circuit,Street circuit,Nico Rosberg,3,20,11224,2006-03-12,3661,AUS,DEU,DEU,0,0,84197.0,85208.0,-1012.0,2.0
2016,2016-03-20,1985-01-07,Mercedes,Albert Park Grand Prix Circuit,Street circuit,Lewis Hamilton,3,20,11395,2007-03-18,3290,AUS,GBR,DEU,0,0,83837.0,85208.0,-1372.0,1.0
2016,2016-03-20,1987-07-03,Ferrari,Albert Park Grand Prix Circuit,Street circuit,Sebastian Vettel,3,20,10488,2007-06-17,3199,AUS,DEU,ITA,0,0,84675.0,85208.0,-534.0,3.0
2016,2016-03-20,1989-07-01,Red Bull,Albert Park Grand Prix Circuit,Street circuit,Daniel Ricciardo,3,20,9759,2011-07-10,1715,AUS,AUS,AUT,1,0,85589.0,85208.0,380.0,8.0
2016,2016-03-20,1981-04-25,Williams,Albert Park Grand Prix Circuit,Street circuit,Felipe Massa,3,20,12748,2002-03-03,5131,AUS,BRA,GBR,0,0,85458.0,85208.0,250.0,7.0
2016,2016-03-20,1994-09-01,Toro Rosso,Albert Park Grand Prix Circuit,Street circuit,Carlos Sainz,3,20,7871,2015-03-15,371,AUS,ESP,ITA,0,0,85384.0,85208.0,176.0,5.0
2016,2016-03-20,1997-09-30,Toro Rosso,Albert Park Grand Prix Circuit,Street circuit,Max Verstappen,3,20,6746,2015-03-15,371,AUS,NLD,ITA,0,0,85434.0,85208.0,226.0,6.0
2016,2016-03-20,1979-10-17,Ferrari,Albert Park Grand Prix Circuit,Street circuit,Kimi Räikkönen,3,20,13304,2001-03-04,5495,AUS,FIN,ITA,0,0,85033.0,85208.0,-176.0,4.0
2016,2016-04-03,1985-06-27,Mercedes,Bahrain International Circuit,Race circuit,Nico Rosberg,4,3,11238,2006-03-12,3675,BHR,DEU,DEU,0,0,89570.0,90549.0,-979.0,2.0
2016,2016-04-03,1979-10-17,Ferrari,Bahrain International Circuit,Race circuit,Kimi Räikkönen,4,3,13318,2001-03-04,5509,BHR,FIN,ITA,0,0,90244.0,90549.0,-305.0,4.0
2016,2016-04-03,1985-01-07,Mercedes,Bahrain International Circuit,Race circuit,Lewis Hamilton,4,3,11409,2007-03-18,3304,BHR,GBR,DEU,0,0,89493.0,90549.0,-1056.0,1.0
2016,2016-04-03,1989-07-01,Red Bull,Bahrain International Circuit,Race circuit,Daniel Ricciardo,4,3,9773,2011-07-10,1729,BHR,AUS,AUT,0,0,90854.0,90549.0,305.0,5.0
2016,2016-04-03,1981-04-25,Williams,Bahrain International Circuit,Race circuit,Felipe Massa,4,3,12762,2002-03-03,5145,BHR,BRA,GBR,0,0,91155.0,90549.0,606.0,7.0
2016,2016-04-03,1989-08-28,Williams,Bahrain International Circuit,Race circuit,Valtteri Bottas,4,3,9715,2013-03-17,1113,BHR,FIN,GBR,0,0,90931.0,90549.0,382.0,6.0
2016,2016-04-03,1987-08-19,Force India,Bahrain International Circuit,Race circuit,Nico Hülkenberg,4,3,10455,2010-03-14,2212,BHR,DEU,IND,0,0,91604.0,90549.0,1055.0,8.0
2016,2016-04-03,1987-07-03,Ferrari,Bahrain International Circuit,Race circuit,Sebastian Vettel,4,3,10502,2007-06-17,3213,BHR,DEU,ITA,0,0,90012.0,90549.0,-537.0,3.0
2016,2016-04-17,1985-06-27,Mercedes,Shanghai International Circuit,Race circuit,Nico Rosberg,4,17,11252,2006-03-12,3689,CHN,DEU,DEU,0,0,95402.0,96296.0,-894.0,1.0
2016,2016-04-17,1987-07-03,Ferrari,Shanghai International Circuit,Race circuit,Sebastian Vettel,4,17,10516,2007-06-17,3227,CHN,DEU,ITA,0,0,96183.0,96296.0,-113.0,4.0
2016,2016-04-17,1994-04-26,Red Bull,Shanghai International Circuit,Race circuit,Daniil Kvyat,4,17,8027,2014-03-16,763,CHN,RUS,AUT,0,0,96399.0,96296.0,103.0,6.0
2016,2016-04-17,1989-07-01,Red Bull,Shanghai International Circuit,Race circuit,Daniel Ricciardo,4,17,9787,2011-07-10,1743,CHN,AUS,AUT,0,0,95917.0,96296.0,-379.0,2.0
2016,2016-04-17,1979-10-17,Ferrari,Shanghai International Circuit,Race circuit,Kimi Räikkönen,4,17,13332,2001-03-04,5523,CHN,FIN,ITA,0,0,95972.0,96296.0,-324.0,3.0
2016,2016-04-17,1997-09-30,Toro Rosso,Shanghai International Circuit,Race circuit,Max Verstappen,4,17,6774,2015-03-15,399,CHN,NLD,ITA,0,0,97194.0,96296.0,898.0,9.0
2016,2016-04-17,1994-09-01,Toro Rosso,Shanghai International Circuit,Race circuit,Carlos Sainz,4,17,7899,2015-03-15,399,CHN,ESP,ITA,0,0,96881.0,96296.0,585.0,8.0
2016,2016-04-17,1989-08-28,Williams,Shanghai International Circuit,Race circuit,Valtteri Bottas,4,17,9729,2013-03-17,1127,CHN,FIN,GBR,0,0,96296.0,96296.0,0.0,5.0
2016,2016-04-17,1990-01-26,Force India,Shanghai International Circuit,Race circuit,Sergio Pérez,4,17,9578,2011-03-27,1848,CHN,MEX,IND,0,0,96865.0,96296.0,569.0,7.0
2016,2016-05-01,1985-06-27,Mercedes,Sochi Autodrom,Race circuit,Nico Rosberg,5,1,11266,2006-03-12,3703,RUS,DEU,DEU,0,0,95337.0,97016.0,-1679.0,1.0
2016,2016-05-01,1979-10-17,Ferrari,Sochi Autodrom,Race circuit,Kimi Räikkönen,5,1,13346,2001-03-04,5537,RUS,FIN,ITA,0,0,96663.0,97016.0,-353.0,4.0
2016,2016-05-01,1989-08-28,Williams,Sochi Autodrom,Race circuit,Valtteri Bottas,5,1,9743,2013-03-17,1141,RUS,FIN,GBR,0,0,96536.0,97016.0,-480.0,3.0
2016,2016-05-01,1981-04-25,Williams,Sochi Autodrom,Race circuit,Felipe Massa,5,1,12790,2002-03-03,5173,RUS,BRA,GBR,0,0,97016.0,97016.0,0.0,5.0
2016,2016-05-01,1990-01-26,Force India,Sochi Autodrom,Race circuit,Sergio Pérez,5,1,9592,2011-03-27,1862,RUS,MEX,IND,0,0,97212.0,97016.0,196.0,7.0
2016,2016-05-01,1989-07-01,Red Bull,Sochi Autodrom,Race circuit,Daniel Ricciardo,5,1,9801,2011-07-10,1757,RUS,AUS,AUT,0,0,97125.0,97016.0,109.0,6.0
2016,2016-05-01,1994-04-26,Red Bull,Sochi Autodrom,Race circuit,Daniil Kvyat,5,1,8041,2014-03-16,777,RUS,RUS,AUT,1,0,97459.0,97016.0,443.0,8.0
2016,2016-05-01,1997-09-30,Toro Rosso,Sochi Autodrom,Race circuit,Max Verstappen,5,1,6788,2015-03-15,413,RUS,NLD,ITA,0,0,97510.0,97016.0,494.0,9.0
2016,2016-05-01,1987-07-03,Ferrari,Sochi Autodrom,Race circuit,Sebastian Vettel,5,1,10530,2007-06-17,3241,RUS,DEU,ITA,0,0,96123.0,97016.0,-893.0,2.0
2016,2016-05-15,1997-09-30,Red Bull,Circuit de Barcelona-Catalunya,Race circuit,Max Verstappen,5,15,6802,2015-03-15,427,ESP,NLD,AUT,0,0,83087.0,83224.0,-136.0,4.0
2016,2016-05-15,1979-10-17,Ferrari,Circuit de Barcelona-Catalunya,Race circuit,Kimi Räikkönen,5,15,13360,2001-03-04,5551,ESP,FIN,ITA,0,0,83113.0,83224.0,-110.0,5.0
2016,2016-05-15,1987-07-03,Ferrari,Circuit de Barcelona-Catalunya,Race circuit,Sebastian Vettel,5,15,10544,2007-06-17,3255,ESP,DEU,ITA,0,0,83334.0,83224.0,110.0,6.0
2016,2016-05-15,1989-07-01,Red Bull,Circuit de Barcelona-Catalunya,Race circuit,Daniel Ricciardo,5,15,9815,2011-07-10,1771,ESP,AUS,AUT,0,0,82680.0,83224.0,-544.0,3.0
2016,2016-05-15,1989-08-28,Williams,Circuit de Barcelona-Catalunya,Race circuit,Valtteri Bottas,5,15,9757,2013-03-17,1155,ESP,FIN,GBR,0,0,83522.0,83224.0,298.0,7.0
2016,2016-05-15,1994-09-01,Toro Rosso,Circuit de Barcelona-Catalunya,Race circuit,Carlos Sainz,5,15,7927,2015-03-15,427,ESP,ESP,ITA,1,0,83643.0,83224.0,420.0,8.0
2016,2016-05-15,1990-01-26,Force India,Circuit de Barcelona-Catalunya,Race circuit,Sergio Pérez,5,15,9606,2011-03-27,1876,ESP,MEX,IND,0,0,83782.0,83224.0,558.0,9.0
2016,2016-05-15,1981-07-29,McLaren,Circuit de Barcelona-Catalunya,Race circuit,Fernando Alonso,5,15,12709,2001-03-04,5551,ESP,ESP,GBR,1,0,83981.0,83224.0,758.0,10.0
2016,2016-05-15,1985-01-07,Mercedes,Circuit de Barcelona-Catalunya,Race circuit,Lewis Hamilton,5,15,11451,2007-03-18,3346,ESP,GBR,DEU,0,0,82000.0,83224.0,-1224.0,1.0
2016,2016-05-15,1985-06-27,Mercedes,Circuit de Barcelona-Catalunya,Race circuit,Nico Rosberg,5,15,11280,2006-03-12,3717,ESP,DEU,DEU,0,0,82280.0,83224.0,-944.0,2.0
2016,2016-05-29,1985-01-07,Mercedes,Circuit de Monaco,Street circuit,Lewis Hamilton,5,29,11465,2007-03-18,3360,MCO,GBR,DEU,0,0,73942.0,74729.0,-787.0,3.0
2016,2016-05-29,1989-07-01,Red Bull,Circuit de Monaco,Street circuit,Daniel Ricciardo,5,29,9829,2011-07-10,1785,MCO,AUS,AUT,0,0,73622.0,74729.0,-1107.0,1.0
2016,2016-05-29,1990-01-26,Force India,Circuit de Monaco,Street circuit,Sergio Pérez,5,29,9620,2011-03-27,1890,MCO,MEX,IND,0,0,74902.0,74729.0,173.0,9.0
2016,2016-05-29,1987-07-03,Ferrari,Circuit de Monaco,Street circuit,Sebastian Vettel,5,29,10558,2007-06-17,3269,MCO,DEU,ITA,0,0,74318.0,74729.0,-411.0,4.0
2016,2016-05-29,1981-07-29,McLaren,Circuit de Monaco,Street circuit,Fernando Alonso,5,29,12723,2001-03-04,5565,MCO,ESP,GBR,0,0,75107.0,74729.0,378.0,10.0
2016,2016-05-29,1987-08-19,Force India,Circuit de Monaco,Street circuit,Nico Hülkenberg,5,29,10511,2010-03-14,2268,MCO,DEU,IND,0,0,74726.0,74729.0,-3.0,5.0
2016,2016-05-29,1985-06-27,Mercedes,Circuit de Monaco,Street circuit,Nico Rosberg,5,29,11294,2006-03-12,3731,MCO,DEU,DEU,0,0,73791.0,74729.0,-938.0,2.0
2016,2016-05-29,1994-09-01,Toro Rosso,Circuit de Monaco,Street circuit,Carlos Sainz,5,29,7941,2015-03-15,441,MCO,ESP,ITA,0,0,74749.0,74729.0,20.0,7.0
2016,2016-05-29,1994-04-26,Toro Rosso,Circuit de Monaco,Street circuit,Daniil Kvyat,5,29,8069,2014-03-16,805,MCO,RUS,ITA,0,0,74794.0,74729.0,65.0,8.0
2016,2016-05-29,1979-10-17,Ferrari,Circuit de Monaco,Street circuit,Kimi Räikkönen,5,29,13374,2001-03-04,5565,MCO,FIN,ITA,0,0,74732.0,74729.0,3.0,6.0
2016,2016-06-12,1985-01-07,Mercedes,Circuit Gilles Villeneuve,Street circuit,Lewis Hamilton,6,12,11479,2007-03-18,3374,CAN,GBR,DEU,0,0,72812.0,73496.0,-684.0,1.0
2016,2016-06-12,1987-07-03,Ferrari,Circuit Gilles Villeneuve,Street circuit,Sebastian Vettel,6,12,10572,2007-06-17,3283,CAN,DEU,ITA,0,0,72990.0,73496.0,-506.0,3.0
2016,2016-06-12,1989-08-28,Williams,Circuit Gilles Villeneuve,Street circuit,Valtteri Bottas,6,12,9785,2013-03-17,1183,CAN,FIN,GBR,0,0,73670.0,73496.0,174.0,7.0
2016,2016-06-12,1997-09-30,Red Bull,Circuit Gilles Villeneuve,Street circuit,Max Verstappen,6,12,6830,2015-03-15,455,CAN,NLD,AUT,0,0,73414.0,73496.0,-82.0,5.0
2016,2016-06-12,1985-06-27,Mercedes,Circuit Gilles Villeneuve,Street circuit,Nico Rosberg,6,12,11308,2006-03-12,3745,CAN,DEU,DEU,0,0,72874.0,73496.0,-622.0,2.0
2016,2016-06-12,1979-10-17,Ferrari,Circuit Gilles Villeneuve,Street circuit,Kimi Räikkönen,6,12,13388,2001-03-04,5579,CAN,FIN,ITA,0,0,73579.0,73496.0,82.0,6.0
2016,2016-06-12,1989-07-01,Red Bull,Circuit Gilles Villeneuve,Street circuit,Daniel Ricciardo,6,12,9843,2011-07-10,1799,CAN,AUS,AUT,0,0,73166.0,73496.0,-330.0,4.0
2016,2016-06-12,1987-08-19,Force India,Circuit Gilles Villeneuve,Street circuit,Nico Hülkenberg,6,12,10525,2010-03-14,2282,CAN,DEU,IND,0,0,73952.0,73496.0,456.0,9.0
2016,2016-06-12,1981-07-29,McLaren,Circuit Gilles Villeneuve,Street circuit,Fernando Alonso,6,12,12737,2001-03-04,5579,CAN,ESP,GBR,0,0,74260.0,73496.0,764.0,10.0
2016,2016-06-12,1981-04-25,Williams,Circuit Gilles Villeneuve,Street circuit,Felipe Massa,6,12,12832,2002-03-03,5215,CAN,BRA,GBR,0,0,73769.0,73496.0,272.0,8.0
2016,2016-06-19,1985-06-27,Mercedes,Baku City Circuit,Street circuit,Nico Rosberg,6,19,11315,2006-03-12,3752,AZE,DEU,DEU,0,0,102520.0,104118.0,-1598.0,1.0
2016,2016-06-19,1987-07-03,Ferrari,Baku City Circuit,Street circuit,Sebastian Vettel,6,19,10579,2007-06-17,3290,AZE,DEU,ITA,0,0,103966.0,104118.0,-152.0,4.0
2016,2016-06-19,1990-01-26,Force India,Baku City Circuit,Street circuit,Sergio Pérez,6,19,9641,2011-03-27,1911,AZE,MEX,IND,0,0,103515.0,104118.0,-602.0,2.0
2016,2016-06-19,1979-10-17,Ferrari,Baku City Circuit,Street circuit,Kimi Räikkönen,6,19,13395,2001-03-04,5586,AZE,FIN,ITA,0,0,104269.0,104118.0,152.0,6.0
2016,2016-06-19,1985-01-07,Mercedes,Baku City Circuit,Street circuit,Lewis Hamilton,6,19,11486,2007-03-18,3381,AZE,GBR,DEU,0,0,103526.0,104118.0,-592.0,3.0
2016,2016-06-19,1989-08-28,Williams,Baku City Circuit,Street circuit,Valtteri Bottas,6,19,9792,2013-03-17,1190,AZE,FIN,GBR,0,0,104477.0,104118.0,360.0,8.0
2016,2016-06-19,1989-07-01,Red Bull,Baku City Circuit,Street circuit,Daniel Ricciardo,6,19,9850,2011-07-10,1806,AZE,AUS,AUT,0,0,103966.0,104118.0,-152.0,4.0
2016,2016-06-19,1997-09-30,Red Bull,Baku City Circuit,Street circuit,Max Verstappen,6,19,6837,2015-03-15,462,AZE,NLD,AUT,0,0,104387.0,104118.0,270.0,7.0
2016,2016-06-19,1981-04-25,Williams,Baku City Circuit,Street circuit,Felipe Massa,6,19,12839,2002-03-03,5222,AZE,BRA,GBR,0,0,104483.0,104118.0,366.0,9.0
2016,2016-06-19,1994-04-26,Toro Rosso,Baku City Circuit,Street circuit,Daniil Kvyat,6,19,8090,2014-03-16,826,AZE,RUS,ITA,0,0,104687.0,104118.0,570.0,10.0
2016,2016-07-03,1985-01-07,Mercedes,Red Bull Ring,Race circuit,Lewis Hamilton,7,3,11500,2007-03-18,3395,AUT,GBR,DEU,0,0,66228.0,66888.0,-660.0,1.0
2016,2016-07-03,1997-09-30,Red Bull,Red Bull Ring,Race circuit,Max Verstappen,7,3,6851,2015-03-15,476,AUT,NLD,AUT,0,1,66866.0,66888.0,-22.0,5.0
2016,2016-07-03,1979-10-17,Ferrari,Red Bull Ring,Race circuit,Kimi Räikkönen,7,3,13409,2001-03-04,5600,AUT,FIN,ITA,0,0,66940.0,66888.0,52.0,7.0
2016,2016-07-03,1985-06-27,Mercedes,Red Bull Ring,Race circuit,Nico Rosberg,7,3,11329,2006-03-12,3766,AUT,DEU,DEU,0,0,66403.0,66888.0,-486.0,2.0
2016,2016-07-03,1989-07-01,Red Bull,Red Bull Ring,Race circuit,Daniel Ricciardo,7,3,9864,2011-07-10,1820,AUT,AUS,AUT,0,1,66840.0,66888.0,-48.0,4.0
2016,2016-07-03,1980-01-19,McLaren,Red Bull Ring,Race circuit,Jenson Button,7,3,13315,2000-03-12,5957,AUT,GBR,GBR,0,0,67572.0,66888.0,684.0,10.0
2016,2016-07-03,1989-08-28,Williams,Red Bull Ring,Race circuit,Valtteri Bottas,7,3,9806,2013-03-17,1204,AUT,FIN,GBR,0,0,66911.0,66888.0,22.0,6.0
2016,2016-07-03,1987-08-19,Force India,Red Bull Ring,Race circuit,Nico Hülkenberg,7,3,10546,2010-03-14,2303,AUT,DEU,IND,0,0,67257.0,66888.0,368.0,9.0
2016,2016-07-03,1981-04-25,Williams,Red Bull Ring,Race circuit,Felipe Massa,7,3,12853,2002-03-03,5236,AUT,BRA,GBR,0,0,67145.0,66888.0,256.0,8.0
2016,2016-07-03,1987-07-03,Ferrari,Red Bull Ring,Race circuit,Sebastian Vettel,7,3,10593,2007-06-17,3304,AUT,DEU,ITA,0,0,66602.0,66888.0,-286.0,3.0
2016,2016-07-10,1985-01-07,Mercedes,Silverstone Circuit,Race circuit,Lewis Hamilton,7,10,11507,2007-03-18,3402,GBR,GBR,DEU,1,0,89243.0,90796.0,-1553.0,1.0
2016,2016-07-10,1997-09-30,Red Bull,Silverstone Circuit,Race circuit,Max Verstappen,7,10,6858,2015-03-15,483,GBR,NLD,AUT,0,0,90313.0,90796.0,-483.0,3.0
2016,2016-07-10,1985-06-27,Mercedes,Silverstone Circuit,Race circuit,Nico Rosberg,7,10,11336,2006-03-12,3773,GBR,DEU,DEU,0,0,89606.0,90796.0,-1190.0,2.0
2016,2016-07-10,1989-07-01,Red Bull,Silverstone Circuit,Race circuit,Daniel Ricciardo,7,10,9871,2011-07-10,1827,GBR,AUS,AUT,0,0,90618.0,90796.0,-178.0,4.0
2016,2016-07-10,1979-10-17,Ferrari,Silverstone Circuit,Race circuit,Kimi Räikkönen,7,10,13416,2001-03-04,5607,GBR,FIN,ITA,0,0,90881.0,90796.0,85.0,6.0
2016,2016-07-10,1987-08-19,Force India,Silverstone Circuit,Race circuit,Nico Hülkenberg,7,10,10553,2010-03-14,2310,GBR,DEU,IND,0,0,91770.0,90796.0,974.0,10.0
2016,2016-07-10,1994-09-01,Toro Rosso,Silverstone Circuit,Race circuit,Carlos Sainz,7,10,7983,2015-03-15,483,GBR,ESP,ITA,0,0,91708.0,90796.0,912.0,8.0
2016,2016-07-10,1987-07-03,Ferrari,Silverstone Circuit,Race circuit,Sebastian Vettel,7,10,10600,2007-06-17,3311,GBR,DEU,ITA,0,0,90711.0,90796.0,-85.0,5.0
2016,2016-07-10,1981-07-29,McLaren,Silverstone Circuit,Race circuit,Fernando Alonso,7,10,12765,2001-03-04,5607,GBR,ESP,GBR,0,1,91740.0,90796.0,944.0,9.0
2016,2016-07-10,1989-08-28,Williams,Silverstone Circuit,Race circuit,Valtteri Bottas,7,10,9813,2013-03-17,1211,GBR,FIN,GBR,0,1,91478.0,90796.0,682.0,7.0
2016,2016-07-24,1985-01-07,Mercedes,Hungaroring,Race circuit,Lewis Hamilton,7,24,11521,2007-03-18,3416,HUN,GBR,DEU,0,0,80108.0,81002.0,-894.0,2.0
2016,2016-07-24,1985-06-27,Mercedes,Hungaroring,Race circuit,Nico Rosberg,7,24,11350,2006-03-12,3787,HUN,DEU,DEU,0,0,79965.0,81002.0,-1038.0,1.0
2016,2016-07-24,1989-07-01,Red Bull,Hungaroring,Race circuit,Daniel Ricciardo,7,24,9885,2011-07-10,1841,HUN,AUS,AUT,0,0,80280.0,81002.0,-722.0,3.0
2016,2016-07-24,1987-07-03,Ferrari,Hungaroring,Race circuit,Sebastian Vettel,7,24,10614,2007-06-17,3325,HUN,DEU,ITA,0,0,80874.0,81002.0,-128.0,5.0
2016,2016-07-24,1997-09-30,Red Bull,Hungaroring,Race circuit,Max Verstappen,7,24,6872,2015-03-15,497,HUN,NLD,AUT,0,0,80557.0,81002.0,-446.0,4.0
2016,2016-07-24,1981-07-29,McLaren,Hungaroring,Race circuit,Fernando Alonso,7,24,12779,2001-03-04,5621,HUN,ESP,GBR,0,0,81211.0,81002.0,208.0,7.0
2016,2016-07-24,1994-09-01,Toro Rosso,Hungaroring,Race circuit,Carlos Sainz,7,24,7997,2015-03-15,497,HUN,ESP,ITA,0,0,81131.0,81002.0,128.0,6.0
2016,2016-07-24,1989-08-28,Williams,Hungaroring,Race circuit,Valtteri Bottas,7,24,9827,2013-03-17,1225,HUN,FIN,GBR,0,0,82182.0,81002.0,1180.0,10.0
2016,2016-07-24,1987-08-19,Force India,Hungaroring,Race circuit,Nico Hülkenberg,7,24,10567,2010-03-14,2324,HUN,DEU,IND,0,0,81823.0,81002.0,820.0,9.0
2016,2016-07-24,1980-01-19,McLaren,Hungaroring,Race circuit,Jenson Button,7,24,13336,2000-03-12,5978,HUN,GBR,GBR,0,0,81597.0,81002.0,594.0,8.0
2016,2016-07-31,1985-01-07,Mercedes,Hockenheimring,Race circuit,Lewis Hamilton,7,31,11528,2007-03-18,3423,DEU,GBR,DEU,0,1,74470.0,75228.0,-758.0,2.0
2016,2016-07-31,1989-07-01,Red Bull,Hockenheimring,Race circuit,Daniel Ricciardo,7,31,9892,2011-07-10,1848,DEU,AUS,AUT,0,0,74726.0,75228.0,-502.0,3.0
2016,2016-07-31,1997-09-30,Red Bull,Hockenheimring,Race circuit,Max Verstappen,7,31,6879,2015-03-15,504,DEU,NLD,AUT,0,0,74834.0,75228.0,-394.0,4.0
2016,2016-07-31,1985-06-27,Mercedes,Hockenheimring,Race circuit,Nico Rosberg,7,31,11357,2006-03-12,3794,DEU,DEU,DEU,1,1,74363.0,75228.0,-866.0,1.0
2016,2016-07-31,1987-07-03,Ferrari,Hockenheimring,Race circuit,Sebastian Vettel,7,31,10621,2007-06-17,3332,DEU,DEU,ITA,1,0,75315.0,75228.0,86.0,6.0
2016,2016-07-31,1979-10-17,Ferrari,Hockenheimring,Race circuit,Kimi Räikkönen,7,31,13437,2001-03-04,5628,DEU,FIN,ITA,0,0,75142.0,75228.0,-86.0,5.0
2016,2016-07-31,1987-08-19,Force India,Hockenheimring,Race circuit,Nico Hülkenberg,7,31,10574,2010-03-14,2331,DEU,DEU,IND,1,0,75510.0,75228.0,282.0,9.0
2016,2016-07-31,1989-08-28,Williams,Hockenheimring,Race circuit,Valtteri Bottas,7,31,9834,2013-03-17,1232,DEU,FIN,GBR,0,0,75490.0,75228.0,262.0,7.0
2016,2016-07-31,1990-01-26,Force India,Hockenheimring,Race circuit,Sergio Pérez,7,31,9683,2011-03-27,1953,DEU,MEX,IND,0,0,75500.0,75228.0,272.0,8.0
2016,2016-07-31,1981-04-25,Williams,Hockenheimring,Race circuit,Felipe Massa,7,31,12881,2002-03-03,5264,DEU,BRA,GBR,0,0,75615.0,75228.0,386.0,10.0
2016,2016-08-28,1985-06-27,Mercedes,Circuit de Spa-Francorchamps,Race circuit,Nico Rosberg,8,28,11385,2006-03-12,3822,BEL,DEU,DEU,0,0,106744.0,107266.0,-522.0,1.0
2016,2016-08-28,1989-07-01,Red Bull,Circuit de Spa-Francorchamps,Race circuit,Daniel Ricciardo,8,28,9920,2011-07-10,1876,BEL,AUS,AUT,0,0,107216.0,107266.0,-50.0,5.0
2016,2016-08-28,1987-08-19,Force India,Circuit de Spa-Francorchamps,Race circuit,Nico Hülkenberg,8,28,10602,2010-03-14,2359,BEL,DEU,IND,0,0,107317.0,107266.0,50.0,6.0
2016,2016-08-28,1990-01-26,Force India,Circuit de Spa-Francorchamps,Race circuit,Sergio Pérez,8,28,9711,2011-03-27,1981,BEL,MEX,IND,0,0,107407.0,107266.0,140.0,7.0
2016,2016-08-28,1987-07-03,Ferrari,Circuit de Spa-Francorchamps,Race circuit,Sebastian Vettel,8,28,10649,2007-06-17,3360,BEL,DEU,ITA,0,0,107108.0,107266.0,-158.0,4.0
2016,2016-08-28,1989-08-28,Williams,Circuit de Spa-Francorchamps,Race circuit,Valtteri Bottas,8,28,9862,2013-03-17,1260,BEL,FIN,GBR,0,0,107612.0,107266.0,346.0,8.0
2016,2016-08-28,1979-10-17,Ferrari,Circuit de Spa-Francorchamps,Race circuit,Kimi Räikkönen,8,28,13465,2001-03-04,5656,BEL,FIN,ITA,0,0,106910.0,107266.0,-356.0,3.0
2016,2016-08-28,1981-04-25,Williams,Circuit de Spa-Francorchamps,Race circuit,Felipe Massa,8,28,12909,2002-03-03,5292,BEL,BRA,GBR,0,0,107667.0,107266.0,400.0,9.0
2016,2016-08-28,1997-09-30,Red Bull,Circuit de Spa-Francorchamps,Race circuit,Max Verstappen,8,28,6907,2015-03-15,532,BEL,NLD,AUT,0,0,106893.0,107266.0,-374.0,2.0
2016,2016-08-28,1980-01-19,McLaren,Circuit de Spa-Francorchamps,Race circuit,Jenson Button,8,28,13371,2000-03-12,6013,BEL,GBR,GBR,0,0,108051.0,107266.0,784.0,10.0
2016,2016-09-04,1985-06-27,Mercedes,Autodromo Nazionale di Monza,Race circuit,Nico Rosberg,9,4,11392,2006-03-12,3829,ITA,DEU,DEU,0,0,81613.0,82388.0,-776.0,2.0
2016,2016-09-04,1985-01-07,Mercedes,Autodromo Nazionale di Monza,Race circuit,Lewis Hamilton,9,4,11563,2007-03-18,3458,ITA,GBR,DEU,0,0,81135.0,82388.0,-1254.0,1.0
2016,2016-09-04,1987-07-03,Ferrari,Autodromo Nazionale di Monza,Race circuit,Sebastian Vettel,9,4,10656,2007-06-17,3367,ITA,DEU,ITA,0,1,81972.0,82388.0,-416.0,3.0
2016,2016-09-04,1979-10-17,Ferrari,Autodromo Nazionale di Monza,Race circuit,Kimi Räikkönen,9,4,13472,2001-03-04,5663,ITA,FIN,ITA,0,1,82065.0,82388.0,-324.0,4.0
2016,2016-09-04,1989-07-01,Red Bull,Autodromo Nazionale di Monza,Race circuit,Daniel Ricciardo,9,4,9927,2011-07-10,1883,ITA,AUS,AUT,0,0,82389.0,82388.0,0.0,5.0
2016,2016-09-04,1989-08-28,Williams,Autodromo Nazionale di Monza,Race circuit,Valtteri Bottas,9,4,9869,2013-03-17,1267,ITA,FIN,GBR,0,0,82388.0,82388.0,-0.0,5.0
2016,2016-09-04,1997-09-30,Red Bull,Autodromo Nazionale di Monza,Race circuit,Max Verstappen,9,4,6914,2015-03-15,539,ITA,NLD,AUT,0,0,82411.0,82388.0,22.0,7.0
2016,2016-09-04,1990-01-26,Force India,Autodromo Nazionale di Monza,Race circuit,Sergio Pérez,9,4,9718,2011-03-27,1988,ITA,MEX,IND,0,0,82814.0,82388.0,426.0,8.0
2016,2016-09-04,1987-08-19,Force India,Autodromo Nazionale di Monza,Race circuit,Nico Hülkenberg,9,4,10609,2010-03-14,2366,ITA,DEU,IND,0,0,82836.0,82388.0,448.0,9.0
2016,2016-09-04,1991-08-05,Haas F1 Team,Autodromo Nazionale di Monza,Race circuit,Esteban Gutiérrez,9,4,9162,2013-03-17,1267,ITA,MEX,USA,0,0,82856.0,82388.0,468.0,10.0
2016,2016-09-18,1985-06-27,Mercedes,Marina Bay Street Circuit,Street circuit,Nico Rosberg,9,18,11406,2006-03-12,3843,SGP,DEU,DEU,0,0,102584.0,103868.0,-1284.0,1.0
2016,2016-09-18,1989-07-01,Red Bull,Marina Bay Street Circuit,Street circuit,Daniel Ricciardo,9,18,9941,2011-07-10,1897,SGP,AUS,AUT,0,0,103115.0,103868.0,-754.0,2.0
2016,2016-09-18,1985-01-07,Mercedes,Marina Bay Street Circuit,Street circuit,Lewis Hamilton,9,18,11577,2007-03-18,3472,SGP,GBR,DEU,0,0,103288.0,103868.0,-580.0,3.0
2016,2016-09-18,1979-10-17,Ferrari,Marina Bay Street Circuit,Street circuit,Kimi Räikkönen,9,18,13486,2001-03-04,5677,SGP,FIN,ITA,0,0,103540.0,103868.0,-328.0,5.0
2016,2016-09-18,1997-09-30,Red Bull,Marina Bay Street Circuit,Street circuit,Max Verstappen,9,18,6928,2015-03-15,553,SGP,NLD,AUT,0,0,103328.0,103868.0,-540.0,4.0
2016,2016-09-18,1981-07-29,McLaren,Marina Bay Street Circuit,Street circuit,Fernando Alonso,9,18,12835,2001-03-04,5677,SGP,ESP,GBR,0,0,104553.0,103868.0,684.0,9.0
2016,2016-09-18,1990-01-26,Force India,Marina Bay Street Circuit,Street circuit,Sergio Pérez,9,18,9732,2011-03-27,2002,SGP,MEX,IND,0,0,104582.0,103868.0,714.0,10.0
2016,2016-09-18,1994-04-26,Toro Rosso,Marina Bay Street Circuit,Street circuit,Daniil Kvyat,9,18,8181,2014-03-16,917,SGP,RUS,ITA,0,0,104469.0,103868.0,600.0,7.0
2016,2016-09-18,1994-09-01,Toro Rosso,Marina Bay Street Circuit,Street circuit,Carlos Sainz,9,18,8053,2015-03-15,553,SGP,ESP,ITA,0,0,104197.0,103868.0,328.0,6.0
2016,2016-09-18,1987-08-19,Force India,Marina Bay Street Circuit,Street circuit,Nico Hülkenberg,9,18,10623,2010-03-14,2380,SGP,DEU,IND,0,0,104479.0,103868.0,610.0,8.0
2016,2016-10-02,1989-07-01,Red Bull,Sepang International Circuit,Race circuit,Daniel Ricciardo,10,2,9955,2011-07-10,1911,MYS,AUS,AUT,0,0,93467.0,93608.0,-141.0,4.0
2016,2016-10-02,1997-09-30,Red Bull,Sepang International Circuit,Race circuit,Max Verstappen,10,2,6942,2015-03-15,567,MYS,NLD,AUT,0,0,93420.0,93608.0,-188.0,3.0
2016,2016-10-02,1985-06-27,Mercedes,Sepang International Circuit,Race circuit,Nico Rosberg,10,2,11420,2006-03-12,3857,MYS,DEU,DEU,0,0,93264.0,93608.0,-344.0,2.0
2016,2016-10-02,1979-10-17,Ferrari,Sepang International Circuit,Race circuit,Kimi Räikkönen,10,2,13500,2001-03-04,5691,MYS,FIN,ITA,0,0,93632.0,93608.0,24.0,6.0
2016,2016-10-02,1990-01-26,Force India,Sepang International Circuit,Race circuit,Sergio Pérez,10,2,9746,2011-03-27,2016,MYS,MEX,IND,0,0,94319.0,93608.0,711.0,7.0
2016,2016-10-02,1987-08-19,Force India,Sepang International Circuit,Race circuit,Nico Hülkenberg,10,2,10637,2010-03-14,2394,MYS,DEU,IND,0,0,94441.0,93608.0,833.0,10.0
2016,2016-10-02,1980-01-19,McLaren,Sepang International Circuit,Race circuit,Jenson Button,10,2,13406,2000-03-12,6048,MYS,GBR,GBR,0,0,94431.0,93608.0,823.0,9.0
2016,2016-10-02,1981-04-25,Williams,Sepang International Circuit,Race circuit,Felipe Massa,10,2,12944,2002-03-03,5327,MYS,BRA,GBR,0,0,94422.0,93608.0,814.0,8.0
2016,2016-10-02,1985-01-07,Mercedes,Sepang International Circuit,Race circuit,Lewis Hamilton,10,2,11591,2007-03-18,3486,MYS,GBR,DEU,0,0,92850.0,93608.0,-758.0,1.0
2016,2016-10-02,1987-07-03,Ferrari,Sepang International Circuit,Race circuit,Sebastian Vettel,10,2,10684,2007-06-17,3395,MYS,DEU,ITA,0,0,93584.0,93608.0,-24.0,5.0
2016,2016-10-09,1985-06-27,Mercedes,Suzuka Circuit,Race circuit,Nico Rosberg,10,9,11427,2006-03-12,3864,JPN,DEU,DEU,0,0,90647.0,91209.0,-562.0,1.0
2016,2016-10-09,1997-09-30,Red Bull,Suzuka Circuit,Race circuit,Max Verstappen,10,9,6949,2015-03-15,574,JPN,NLD,AUT,0,0,91178.0,91209.0,-31.0,5.0
2016,2016-10-09,1985-01-07,Mercedes,Suzuka Circuit,Race circuit,Lewis Hamilton,10,9,11598,2007-03-18,3493,JPN,GBR,DEU,0,0,90660.0,91209.0,-549.0,2.0
2016,2016-10-09,1987-07-03,Ferrari,Suzuka Circuit,Race circuit,Sebastian Vettel,10,9,10691,2007-06-17,3402,JPN,DEU,ITA,0,0,91028.0,91209.0,-181.0,4.0
2016,2016-10-09,1979-10-17,Ferrari,Suzuka Circuit,Race circuit,Kimi Räikkönen,10,9,13507,2001-03-04,5698,JPN,FIN,ITA,0,0,90949.0,91209.0,-260.0,3.0
2016,2016-10-09,1989-07-01,Red Bull,Suzuka Circuit,Race circuit,Daniel Ricciardo,10,9,9962,2011-07-10,1918,JPN,AUS,AUT,0,0,91240.0,91209.0,31.0,6.0
2016,2016-10-09,1990-01-26,Force India,Suzuka Circuit,Race circuit,Sergio Pérez,10,9,9753,2011-03-27,2023,JPN,MEX,IND,0,0,91961.0,91209.0,752.0,7.0
2016,2016-10-09,1987-08-19,Force India,Suzuka Circuit,Race circuit,Nico Hülkenberg,10,9,10644,2010-03-14,2401,JPN,DEU,IND,0,0,92142.0,91209.0,933.0,9.0
2016,2016-10-09,1986-04-17,Haas F1 Team,Suzuka Circuit,Race circuit,Romain Grosjean,10,9,11133,2009-08-23,2604,JPN,FRA,USA,0,0,91961.0,91209.0,752.0,7.0
2016,2016-10-09,1991-08-05,Haas F1 Team,Suzuka Circuit,Race circuit,Esteban Gutiérrez,10,9,9197,2013-03-17,1302,JPN,MEX,USA,0,0,92155.0,91209.0,946.0,10.0
2016,2016-10-23,1985-01-07,Mercedes,Circuit of the Americas,Race circuit,Lewis Hamilton,10,23,11612,2007-03-18,3507,USA,GBR,DEU,0,0,94999.0,96244.0,-1246.0,1.0
2016,2016-10-23,1985-06-27,Mercedes,Circuit of the Americas,Race circuit,Nico Rosberg,10,23,11441,2006-03-12,3878,USA,DEU,DEU,0,0,95215.0,96244.0,-1030.0,2.0
2016,2016-10-23,1989-07-01,Red Bull,Circuit of the Americas,Race circuit,Daniel Ricciardo,10,23,9976,2011-07-10,1932,USA,AUS,AUT,0,0,95509.0,96244.0,-736.0,3.0
2016,2016-10-23,1987-07-03,Ferrari,Circuit of the Americas,Race circuit,Sebastian Vettel,10,23,10705,2007-06-17,3416,USA,DEU,ITA,0,0,96358.0,96244.0,114.0,6.0
2016,2016-10-23,1994-09-01,Toro Rosso,Circuit of the Americas,Race circuit,Carlos Sainz,10,23,8088,2015-03-15,588,USA,ESP,ITA,0,0,97175.0,96244.0,930.0,9.0
2016,2016-10-23,1981-04-25,Williams,Circuit of the Americas,Race circuit,Felipe Massa,10,23,12965,2002-03-03,5348,USA,BRA,GBR,0,0,97214.0,96244.0,970.0,10.0
2016,2016-10-23,1989-08-28,Williams,Circuit of the Americas,Race circuit,Valtteri Bottas,10,23,9918,2013-03-17,1316,USA,FIN,GBR,0,0,97116.0,96244.0,872.0,8.0
2016,2016-10-23,1979-10-17,Ferrari,Circuit of the Americas,Race circuit,Kimi Räikkönen,10,23,13521,2001-03-04,5712,USA,FIN,ITA,0,0,96131.0,96244.0,-114.0,5.0
2016,2016-10-23,1997-09-30,Red Bull,Circuit of the Americas,Race circuit,Max Verstappen,10,23,6963,2015-03-15,588,USA,NLD,AUT,0,0,95747.0,96244.0,-498.0,4.0
2016,2016-10-23,1987-08-19,Force India,Circuit of the Americas,Race circuit,Nico Hülkenberg,10,23,10658,2010-03-14,2415,USA,DEU,IND,0,0,96626.0,96244.0,382.0,7.0
2016,2016-10-30,1985-01-07,Mercedes,Autódromo Hermanos Rodríguez,Race circuit,Lewis Hamilton,10,30,11619,2007-03-18,3514,MEX,GBR,DEU,0,0,78704.0,79353.0,-649.0,1.0
2016,2016-10-30,1985-06-27,Mercedes,Autódromo Hermanos Rodríguez,Race circuit,Nico Rosberg,10,30,11448,2006-03-12,3885,MEX,DEU,DEU,0,0,78958.0,79353.0,-395.0,2.0
2016,2016-10-30,1989-07-01,Red Bull,Autódromo Hermanos Rodríguez,Race circuit,Daniel Ricciardo,10,30,9983,2011-07-10,1939,MEX,AUS,AUT,0,0,79133.0,79353.0,-220.0,4.0
2016,2016-10-30,1997-09-30,Red Bull,Autódromo Hermanos Rodríguez,Race circuit,Max Verstappen,10,30,6970,2015-03-15,595,MEX,NLD,AUT,0,0,78972.0,79353.0,-381.0,3.0
2016,2016-10-30,1987-07-03,Ferrari,Autódromo Hermanos Rodríguez,Race circuit,Sebastian Vettel,10,30,10712,2007-06-17,3423,MEX,DEU,ITA,0,0,79381.0,79353.0,28.0,7.0
2016,2016-10-30,1979-10-17,Ferrari,Autódromo Hermanos Rodríguez,Race circuit,Kimi Räikkönen,10,30,13528,2001-03-04,5719,MEX,FIN,ITA,0,0,79376.0,79353.0,23.0,6.0
2016,2016-10-30,1987-08-19,Force India,Autódromo Hermanos Rodríguez,Race circuit,Nico Hülkenberg,10,30,10665,2010-03-14,2422,MEX,DEU,IND,0,0,79330.0,79353.0,-23.0,5.0
2016,2016-10-30,1989-08-28,Williams,Autódromo Hermanos Rodríguez,Race circuit,Valtteri Bottas,10,30,9925,2013-03-17,1323,MEX,FIN,GBR,0,0,79551.0,79353.0,198.0,8.0
2016,2016-10-30,1981-04-25,Williams,Autódromo Hermanos Rodríguez,Race circuit,Felipe Massa,10,30,12972,2002-03-03,5355,MEX,BRA,GBR,0,0,80032.0,79353.0,679.0,9.0
2016,2016-10-30,1994-09-01,Toro Rosso,Autódromo Hermanos Rodríguez,Race circuit,Carlos Sainz,10,30,8095,2015-03-15,595,MEX,ESP,ITA,0,0,80169.0,79353.0,816.0,10.0
2016,2016-11-13,1985-01-07,Mercedes,Autódromo José Carlos Pace,Race circuit,Lewis Hamilton,11,13,11633,2007-03-18,3528,BRA,GBR,DEU,0,0,70736.0,71518.0,-782.0,1.0
2016,2016-11-13,1985-06-27,Mercedes,Autódromo José Carlos Pace,Race circuit,Nico Rosberg,11,13,11462,2006-03-12,3899,BRA,DEU,DEU,0,0,70838.0,71518.0,-680.0,2.0
2016,2016-11-13,1997-09-30,Red Bull,Autódromo José Carlos Pace,Race circuit,Max Verstappen,11,13,6984,2015-03-15,609,BRA,NLD,AUT,0,0,71485.0,71518.0,-32.0,4.0
2016,2016-11-13,1990-01-26,Force India,Autódromo José Carlos Pace,Race circuit,Sergio Pérez,11,13,9788,2011-03-27,2058,BRA,MEX,IND,0,0,72165.0,71518.0,648.0,9.0
2016,2016-11-13,1987-07-03,Ferrari,Autódromo José Carlos Pace,Race circuit,Sebastian Vettel,11,13,10726,2007-06-17,3437,BRA,DEU,ITA,0,0,71495.0,71518.0,-22.0,5.0
2016,2016-11-13,1987-08-19,Force India,Autódromo José Carlos Pace,Race circuit,Nico Hülkenberg,11,13,10679,2010-03-14,2436,BRA,DEU,IND,0,0,72104.0,71518.0,586.0,8.0
2016,2016-11-13,1989-07-01,Red Bull,Autódromo José Carlos Pace,Race circuit,Daniel Ricciardo,11,13,9997,2011-07-10,1953,BRA,AUS,AUT,0,0,71540.0,71518.0,22.0,6.0
2016,2016-11-13,1981-07-29,McLaren,Autódromo José Carlos Pace,Race circuit,Fernando Alonso,11,13,12891,2001-03-04,5733,BRA,ESP,GBR,0,0,72266.0,71518.0,748.0,10.0
2016,2016-11-13,1979-10-17,Ferrari,Autódromo José Carlos Pace,Race circuit,Kimi Räikkönen,11,13,13542,2001-03-04,5733,BRA,FIN,ITA,0,0,71404.0,71518.0,-114.0,3.0
2016,2016-11-13,1986-04-17,Haas F1 Team,Autódromo José Carlos Pace,Race circuit,Romain Grosjean,11,13,11168,2009-08-23,2639,BRA,FRA,USA,0,0,71937.0,71518.0,420.0,7.0
2016,2016-11-27,1985-01-07,Mercedes,Yas Marina Circuit,Race circuit,Lewis Hamilton,11,27,11647,2007-03-18,3542,ARE,GBR,DEU,0,0,98755.0,99740.0,-984.0,1.0
2016,2016-11-27,1985-06-27,Mercedes,Yas Marina Circuit,Race circuit,Nico Rosberg,11,27,11476,2006-03-12,3913,ARE,DEU,DEU,0,0,99058.0,99740.0,-682.0,2.0
2016,2016-11-27,1987-07-03,Ferrari,Yas Marina Circuit,Race circuit,Sebastian Vettel,11,27,10740,2007-06-17,3451,ARE,DEU,ITA,0,0,99661.0,99740.0,-78.0,5.0
2016,2016-11-27,1997-09-30,Red Bull,Yas Marina Circuit,Race circuit,Max Verstappen,11,27,6998,2015-03-15,623,ARE,NLD,AUT,0,0,99818.0,99740.0,78.0,6.0
2016,2016-11-27,1989-07-01,Red Bull,Yas Marina Circuit,Race circuit,Daniel Ricciardo,11,27,10011,2011-07-10,1967,ARE,AUS,AUT,0,0,99589.0,99740.0,-150.0,3.0
2016,2016-11-27,1979-10-17,Ferrari,Yas Marina Circuit,Race circuit,Kimi Räikkönen,11,27,13556,2001-03-04,5747,ARE,FIN,ITA,0,0,99604.0,99740.0,-136.0,4.0
2016,2016-11-27,1987-08-19,Force India,Yas Marina Circuit,Race circuit,Nico Hülkenberg,11,27,10693,2010-03-14,2450,ARE,DEU,IND,0,0,100501.0,99740.0,762.0,7.0
2016,2016-11-27,1990-01-26,Force India,Yas Marina Circuit,Race circuit,Sergio Pérez,11,27,9802,2011-03-27,2072,ARE,MEX,IND,0,0,100519.0,99740.0,780.0,8.0
2016,2016-11-27,1981-04-25,Williams,Yas Marina Circuit,Race circuit,Felipe Massa,11,27,13000,2002-03-03,5383,ARE,BRA,GBR,0,0,100858.0,99740.0,1118.0,9.0
2016,2016-11-27,1981-07-29,McLaren,Yas Marina Circuit,Race circuit,Fernando Alonso,11,27,12905,2001-03-04,5747,ARE,ESP,GBR,0,0,101044.0,99740.0,1304.0,10.0
2017,2017-03-26,1987-07-03,Ferrari,Albert Park Grand Prix Circuit,Street circuit,Sebastian Vettel,3,26,10859,2007-06-17,3570,AUS,DEU,ITA,0,0,82456.0,83485.0,-1029.0,2.0
2017,2017-03-26,1985-01-07,Mercedes,Albert Park Grand Prix Circuit,Street circuit,Lewis Hamilton,3,26,11766,2007-03-18,3661,AUS,GBR,DEU,0,0,82188.0,83485.0,-1297.0,1.0
2017,2017-03-26,1989-08-28,Mercedes,Albert Park Grand Prix Circuit,Street circuit,Valtteri Bottas,3,26,10072,2013-03-17,1470,AUS,FIN,DEU,0,0,82481.0,83485.0,-1004.0,3.0
2017,2017-03-26,1979-10-17,Ferrari,Albert Park Grand Prix Circuit,Street circuit,Kimi Räikkönen,3,26,13675,2001-03-04,5866,AUS,FIN,ITA,0,0,83033.0,83485.0,-452.0,4.0
2017,2017-03-26,1997-09-30,Red Bull,Albert Park Grand Prix Circuit,Street circuit,Max Verstappen,3,26,7117,2015-03-15,742,AUS,NLD,AUT,0,0,83485.0,83485.0,0.0,5.0
2017,2017-03-26,1981-04-25,Williams,Albert Park Grand Prix Circuit,Street circuit,Felipe Massa,3,26,13119,2002-03-03,5502,AUS,BRA,GBR,0,0,84443.0,83485.0,958.0,7.0
2017,2017-03-26,1994-09-01,Toro Rosso,Albert Park Grand Prix Circuit,Street circuit,Carlos Sainz,3,26,8242,2015-03-15,742,AUS,ESP,ITA,0,0,84487.0,83485.0,1002.0,8.0
2017,2017-03-26,1994-04-26,Toro Rosso,Albert Park Grand Prix Circuit,Street circuit,Daniil Kvyat,3,26,8370,2014-03-16,1106,AUS,RUS,ITA,0,0,84512.0,83485.0,1027.0,9.0
2017,2017-03-26,1986-04-17,Haas F1 Team,Albert Park Grand Prix Circuit,Street circuit,Romain Grosjean,3,26,11301,2009-08-23,2772,AUS,FRA,USA,0,0,84074.0,83485.0,589.0,6.0
2017,2017-04-09,1985-01-07,Mercedes,Shanghai International Circuit,Race circuit,Lewis Hamilton,4,9,11780,2007-03-18,3675,CHN,GBR,DEU,0,0,91678.0,93270.0,-1592.0,1.0
2017,2017-04-09,1987-07-03,Ferrari,Shanghai International Circuit,Race circuit,Sebastian Vettel,4,9,10873,2007-06-17,3584,CHN,DEU,ITA,0,0,91864.0,93270.0,-1406.0,2.0
2017,2017-04-09,1989-07-01,Red Bull,Shanghai International Circuit,Race circuit,Daniel Ricciardo,4,9,10144,2011-07-10,2100,CHN,AUS,AUT,0,0,93033.0,93270.0,-237.0,5.0
2017,2017-04-09,1979-10-17,Ferrari,Shanghai International Circuit,Race circuit,Kimi Räikkönen,4,9,13689,2001-03-04,5880,CHN,FIN,ITA,0,0,92140.0,93270.0,-1130.0,4.0
2017,2017-04-09,1989-08-28,Mercedes,Shanghai International Circuit,Race circuit,Valtteri Bottas,4,9,10086,2013-03-17,1484,CHN,FIN,DEU,0,0,91865.0,93270.0,-1405.0,3.0
2017,2017-04-09,1990-01-26,Force India,Shanghai International Circuit,Race circuit,Sergio Pérez,4,9,9935,2011-03-27,2205,CHN,MEX,IND,0,0,93706.0,93270.0,436.0,8.0
2017,2017-04-09,1987-08-19,Renault,Shanghai International Circuit,Race circuit,Nico Hülkenberg,4,9,10826,2010-03-14,2583,CHN,DEU,FRA,0,0,93580.0,93270.0,310.0,7.0
2017,2017-04-09,1981-04-25,Williams,Shanghai International Circuit,Race circuit,Felipe Massa,4,9,13133,2002-03-03,5516,CHN,BRA,GBR,0,0,93507.0,93270.0,237.0,6.0
2017,2017-04-09,1994-04-26,Toro Rosso,Shanghai International Circuit,Race circuit,Daniil Kvyat,4,9,8384,2014-03-16,1120,CHN,RUS,ITA,0,0,93719.0,93270.0,449.0,9.0
2017,2017-04-09,1998-10-29,Williams,Shanghai International Circuit,Race circuit,Lance Stroll,4,9,6737,2017-03-26,14,CHN,CAN,GBR,0,0,93986.0,93270.0,716.0,10.0
2017,2017-04-16,1987-07-03,Ferrari,Bahrain International Circuit,Race circuit,Sebastian Vettel,4,16,10880,2007-06-17,3591,BHR,DEU,ITA,0,0,89247.0,89627.0,-380.0,3.0
2017,2017-04-16,1985-01-07,Mercedes,Bahrain International Circuit,Race circuit,Lewis Hamilton,4,16,11787,2007-03-18,3682,BHR,GBR,DEU,0,0,88792.0,89627.0,-835.0,2.0
2017,2017-04-16,1989-08-28,Mercedes,Bahrain International Circuit,Race circuit,Valtteri Bottas,4,16,10093,2013-03-17,1491,BHR,FIN,DEU,0,0,88769.0,89627.0,-858.0,1.0
2017,2017-04-16,1979-10-17,Ferrari,Bahrain International Circuit,Race circuit,Kimi Räikkönen,4,16,13696,2001-03-04,5887,BHR,FIN,ITA,0,0,89567.0,89627.0,-60.0,5.0
2017,2017-04-16,1989-07-01,Red Bull,Bahrain International Circuit,Race circuit,Daniel Ricciardo,4,16,10151,2011-07-10,2107,BHR,AUS,AUT,0,0,89545.0,89627.0,-82.0,4.0
2017,2017-04-16,1981-04-25,Williams,Bahrain International Circuit,Race circuit,Felipe Massa,4,16,13140,2002-03-03,5523,BHR,BRA,GBR,0,0,90074.0,89627.0,447.0,8.0
2017,2017-04-16,1986-04-17,Haas F1 Team,Bahrain International Circuit,Race circuit,Romain Grosjean,4,16,11322,2009-08-23,2793,BHR,FRA,USA,0,0,90763.0,89627.0,1136.0,9.0
2017,2017-04-16,1987-08-19,Renault,Bahrain International Circuit,Race circuit,Nico Hülkenberg,4,16,10833,2010-03-14,2590,BHR,DEU,FRA,0,0,89842.0,89627.0,215.0,7.0
2017,2017-04-16,1991-01-20,Renault,Bahrain International Circuit,Race circuit,Jolyon Palmer,4,16,9583,2016-03-20,392,BHR,GBR,FRA,0,0,90899.0,89627.0,1272.0,10.0
2017,2017-04-16,1997-09-30,Red Bull,Bahrain International Circuit,Race circuit,Max Verstappen,4,16,7138,2015-03-15,763,BHR,NLD,AUT,0,0,89687.0,89627.0,60.0,6.0
2017,2017-04-30,1989-08-28,Mercedes,Sochi Autodrom,Race circuit,Valtteri Bottas,4,30,10107,2013-03-17,1505,RUS,FIN,DEU,0,0,93264.0,94977.0,-1713.0,3.0
2017,2017-04-30,1987-07-03,Ferrari,Sochi Autodrom,Race circuit,Sebastian Vettel,4,30,10894,2007-06-17,3605,RUS,DEU,ITA,0,0,93194.0,94977.0,-1783.0,1.0
2017,2017-04-30,1979-10-17,Ferrari,Sochi Autodrom,Race circuit,Kimi Räikkönen,4,30,13710,2001-03-04,5901,RUS,FIN,ITA,0,0,93253.0,94977.0,-1724.0,2.0
2017,2017-04-30,1985-01-07,Mercedes,Sochi Autodrom,Race circuit,Lewis Hamilton,4,30,11801,2007-03-18,3696,RUS,GBR,DEU,0,0,93760.0,94977.0,-1217.0,4.0
2017,2017-04-30,1997-09-30,Red Bull,Sochi Autodrom,Race circuit,Max Verstappen,4,30,7152,2015-03-15,777,RUS,NLD,AUT,0,0,95161.0,94977.0,184.0,7.0
2017,2017-04-30,1990-01-26,Force India,Sochi Autodrom,Race circuit,Sergio Pérez,4,30,9956,2011-03-27,2226,RUS,MEX,IND,0,0,95337.0,94977.0,360.0,9.0
2017,2017-04-30,1996-09-17,Force India,Sochi Autodrom,Race circuit,Esteban Ocon,4,30,7530,2016-08-28,245,RUS,FRA,IND,0,0,95372.0,94977.0,395.0,10.0
2017,2017-04-30,1987-08-19,Renault,Sochi Autodrom,Race circuit,Nico Hülkenberg,4,30,10847,2010-03-14,2604,RUS,DEU,FRA,0,0,95285.0,94977.0,308.0,8.0
2017,2017-04-30,1981-04-25,Williams,Sochi Autodrom,Race circuit,Felipe Massa,4,30,13154,2002-03-03,5537,RUS,BRA,GBR,0,0,95049.0,94977.0,72.0,6.0
2017,2017-04-30,1989-07-01,Red Bull,Sochi Autodrom,Race circuit,Daniel Ricciardo,4,30,10165,2011-07-10,2121,RUS,AUS,AUT,0,0,94905.0,94977.0,-72.0,5.0
2017,2017-05-14,1985-01-07,Mercedes,Circuit de Barcelona-Catalunya,Race circuit,Lewis Hamilton,5,14,11815,2007-03-18,3710,ESP,GBR,DEU,0,0,79149.0,79940.0,-792.0,1.0
2017,2017-05-14,1987-07-03,Ferrari,Circuit de Barcelona-Catalunya,Race circuit,Sebastian Vettel,5,14,10908,2007-06-17,3619,ESP,DEU,ITA,0,0,79200.0,79940.0,-740.0,2.0
2017,2017-05-14,1989-07-01,Red Bull,Circuit de Barcelona-Catalunya,Race circuit,Daniel Ricciardo,5,14,10179,2011-07-10,2135,ESP,AUS,AUT,0,0,80175.0,79940.0,234.0,6.0
2017,2017-05-14,1990-01-26,Force India,Circuit de Barcelona-Catalunya,Race circuit,Sergio Pérez,5,14,9970,2011-03-27,2240,ESP,MEX,IND,0,0,81070.0,79940.0,1130.0,8.0
2017,2017-05-14,1996-09-17,Force India,Circuit de Barcelona-Catalunya,Race circuit,Esteban Ocon,5,14,7544,2016-08-28,259,ESP,FRA,IND,0,0,81148.0,79940.0,1208.0,9.0
2017,2017-05-14,1981-07-29,McLaren,Circuit de Barcelona-Catalunya,Race circuit,Fernando Alonso,5,14,13073,2001-03-04,5915,ESP,ESP,GBR,1,0,81048.0,79940.0,1108.0,7.0
2017,2017-05-14,1981-04-25,Williams,Circuit de Barcelona-Catalunya,Race circuit,Felipe Massa,5,14,13168,2002-03-03,5551,ESP,BRA,GBR,0,0,81222.0,79940.0,1282.0,10.0
2017,2017-05-14,1989-08-28,Mercedes,Circuit de Barcelona-Catalunya,Race circuit,Valtteri Bottas,5,14,10121,2013-03-17,1519,ESP,FIN,DEU,0,0,79373.0,79940.0,-568.0,3.0
2017,2017-05-14,1997-09-30,Red Bull,Circuit de Barcelona-Catalunya,Race circuit,Max Verstappen,5,14,7166,2015-03-15,791,ESP,NLD,AUT,0,0,79706.0,79940.0,-234.0,5.0
2017,2017-05-14,1979-10-17,Ferrari,Circuit de Barcelona-Catalunya,Race circuit,Kimi Räikkönen,5,14,13724,2001-03-04,5915,ESP,FIN,ITA,0,0,79439.0,79940.0,-502.0,4.0
2017,2017-05-28,1987-07-03,Ferrari,Circuit de Monaco,Street circuit,Sebastian Vettel,5,28,10922,2007-06-17,3633,MCO,DEU,ITA,0,0,72221.0,72998.0,-777.0,2.0
2017,2017-05-28,1979-10-17,Ferrari,Circuit de Monaco,Street circuit,Kimi Räikkönen,5,28,13738,2001-03-04,5929,MCO,FIN,ITA,0,0,72178.0,72998.0,-820.0,1.0
2017,2017-05-28,1989-07-01,Red Bull,Circuit de Monaco,Street circuit,Daniel Ricciardo,5,28,10193,2011-07-10,2149,MCO,AUS,AUT,0,0,72998.0,72998.0,0.0,5.0
2017,2017-05-28,1989-08-28,Mercedes,Circuit de Monaco,Street circuit,Valtteri Bottas,5,28,10135,2013-03-17,1533,MCO,FIN,DEU,0,0,72223.0,72998.0,-775.0,3.0
2017,2017-05-28,1997-09-30,Red Bull,Circuit de Monaco,Street circuit,Max Verstappen,5,28,7180,2015-03-15,805,MCO,NLD,AUT,0,0,72496.0,72998.0,-502.0,4.0
2017,2017-05-28,1994-09-01,Toro Rosso,Circuit de Monaco,Street circuit,Carlos Sainz,5,28,8305,2015-03-15,805,MCO,ESP,ITA,0,0,73162.0,72998.0,164.0,6.0
2017,2017-05-28,1986-04-17,Haas F1 Team,Circuit de Monaco,Street circuit,Romain Grosjean,5,28,11364,2009-08-23,2835,MCO,FRA,USA,0,0,73203.0,72998.0,205.0,7.0
2017,2017-05-28,1990-01-26,Force India,Circuit de Monaco,Street circuit,Sergio Pérez,5,28,9984,2011-03-27,2254,MCO,MEX,IND,0,0,73329.0,72998.0,331.0,8.0
2017,2017-05-28,1980-01-19,McLaren,Circuit de Monaco,Street circuit,Jenson Button,5,28,13644,2000-03-12,6286,MCO,GBR,GBR,0,0,73453.0,72998.0,455.0,9.0
2017,2017-06-11,1985-01-07,Mercedes,Circuit Gilles Villeneuve,Street circuit,Lewis Hamilton,6,11,11843,2007-03-18,3738,CAN,GBR,DEU,0,0,71459.0,72480.0,-1021.0,1.0
2017,2017-06-11,1989-08-28,Mercedes,Circuit Gilles Villeneuve,Street circuit,Valtteri Bottas,6,11,10149,2013-03-17,1547,CAN,FIN,DEU,0,0,72177.0,72480.0,-303.0,3.0
2017,2017-06-11,1989-07-01,Red Bull,Circuit Gilles Villeneuve,Street circuit,Daniel Ricciardo,6,11,10207,2011-07-10,2163,CAN,AUS,AUT,0,0,72557.0,72480.0,77.0,6.0
2017,2017-06-11,1987-07-03,Ferrari,Circuit Gilles Villeneuve,Street circuit,Sebastian Vettel,6,11,10936,2007-06-17,3647,CAN,DEU,ITA,0,0,71789.0,72480.0,-691.0,2.0
2017,2017-06-11,1990-01-26,Force India,Circuit Gilles Villeneuve,Street circuit,Sergio Pérez,6,11,9998,2011-03-27,2268,CAN,MEX,IND,0,0,73018.0,72480.0,538.0,8.0
2017,2017-06-11,1996-09-17,Force India,Circuit Gilles Villeneuve,Street circuit,Esteban Ocon,6,11,7572,2016-08-28,287,CAN,FRA,IND,0,0,73135.0,72480.0,655.0,9.0
2017,2017-06-11,1979-10-17,Ferrari,Circuit Gilles Villeneuve,Street circuit,Kimi Räikkönen,6,11,13752,2001-03-04,5943,CAN,FIN,ITA,0,0,72252.0,72480.0,-228.0,4.0
2017,2017-06-11,1987-08-19,Renault,Circuit Gilles Villeneuve,Street circuit,Nico Hülkenberg,6,11,10889,2010-03-14,2646,CAN,DEU,FRA,0,0,73271.0,72480.0,791.0,10.0
2017,2017-06-11,1997-09-30,Red Bull,Circuit Gilles Villeneuve,Street circuit,Max Verstappen,6,11,7194,2015-03-15,819,CAN,NLD,AUT,0,0,72403.0,72480.0,-77.0,5.0
2017,2017-06-11,1981-04-25,Williams,Circuit Gilles Villeneuve,Street circuit,Felipe Massa,6,11,13196,2002-03-03,5579,CAN,BRA,GBR,0,0,72858.0,72480.0,378.0,7.0
2017,2017-06-25,1989-07-01,Red Bull,Baku City Circuit,Street circuit,Daniel Ricciardo,6,25,10221,2011-07-10,2177,AZE,AUS,AUT,0,0,102215.0,101995.0,220.0,8.0
2017,2017-06-25,1989-08-28,Mercedes,Baku City Circuit,Street circuit,Valtteri Bottas,6,25,10163,2013-03-17,1561,AZE,FIN,DEU,0,0,101027.0,101995.0,-968.0,2.0
2017,2017-06-25,1998-10-29,Williams,Baku City Circuit,Street circuit,Lance Stroll,6,25,6814,2017-03-26,91,AZE,CAN,GBR,0,0,102284.0,101995.0,289.0,9.0
2017,2017-06-25,1987-07-03,Ferrari,Baku City Circuit,Street circuit,Sebastian Vettel,6,25,10950,2007-06-17,3661,AZE,DEU,ITA,0,0,101841.0,101995.0,-154.0,4.0
2017,2017-06-25,1985-01-07,Mercedes,Baku City Circuit,Street circuit,Lewis Hamilton,6,25,11857,2007-03-18,3752,AZE,GBR,DEU,0,0,100593.0,101995.0,-1402.0,1.0
2017,2017-06-25,1996-09-17,Force India,Baku City Circuit,Street circuit,Esteban Ocon,6,25,7586,2016-08-28,301,AZE,FRA,IND,0,0,102186.0,101995.0,191.0,7.0
2017,2017-06-25,1979-10-17,Ferrari,Baku City Circuit,Street circuit,Kimi Räikkönen,6,25,13766,2001-03-04,5957,AZE,FIN,ITA,0,0,101693.0,101995.0,-302.0,3.0
2017,2017-06-25,1990-01-26,Force India,Baku City Circuit,Street circuit,Sergio Pérez,6,25,10012,2011-03-27,2282,AZE,MEX,IND,0,0,102111.0,101995.0,116.0,6.0
2017,2017-06-25,1981-04-25,Williams,Baku City Circuit,Street circuit,Felipe Massa,6,25,13210,2002-03-03,5593,AZE,BRA,GBR,0,0,102735.0,101995.0,740.0,10.0
2017,2017-06-25,1997-09-30,Red Bull,Baku City Circuit,Street circuit,Max Verstappen,6,25,7208,2015-03-15,833,AZE,NLD,AUT,0,0,101879.0,101995.0,-116.0,5.0
2017,2017-07-09,1989-08-28,Mercedes,Red Bull Ring,Race circuit,Valtteri Bottas,7,9,10177,2013-03-17,1575,AUT,FIN,DEU,0,0,64251.0,64922.0,-671.0,1.0
2017,2017-07-09,1987-07-03,Ferrari,Red Bull Ring,Race circuit,Sebastian Vettel,7,9,10964,2007-06-17,3675,AUT,DEU,ITA,0,0,64293.0,64922.0,-629.0,2.0
2017,2017-07-09,1989-07-01,Red Bull,Red Bull Ring,Race circuit,Daniel Ricciardo,7,9,10235,2011-07-10,2191,AUT,AUS,AUT,0,1,64896.0,64922.0,-26.0,5.0
2017,2017-07-09,1985-01-07,Mercedes,Red Bull Ring,Race circuit,Lewis Hamilton,7,9,11871,2007-03-18,3766,AUT,GBR,DEU,0,0,64424.0,64922.0,-498.0,3.0
2017,2017-07-09,1979-10-17,Ferrari,Red Bull Ring,Race circuit,Kimi Räikkönen,7,9,13780,2001-03-04,5971,AUT,FIN,ITA,0,0,64779.0,64922.0,-143.0,4.0
2017,2017-07-09,1986-04-17,Haas F1 Team,Red Bull Ring,Race circuit,Romain Grosjean,7,9,11406,2009-08-23,2877,AUT,FRA,USA,0,0,65319.0,64922.0,397.0,7.0
2017,2017-07-09,1990-01-26,Force India,Red Bull Ring,Race circuit,Sergio Pérez,7,9,10026,2011-03-27,2296,AUT,MEX,IND,0,0,65435.0,64922.0,513.0,8.0
2017,2017-07-09,1996-09-17,Force India,Red Bull Ring,Race circuit,Esteban Ocon,7,9,7600,2016-08-28,315,AUT,FRA,IND,0,0,65550.0,64922.0,628.0,10.0
2017,2017-07-09,1994-09-01,Toro Rosso,Red Bull Ring,Race circuit,Carlos Sainz,7,9,8347,2015-03-15,847,AUT,ESP,ITA,0,0,65544.0,64922.0,622.0,9.0
2017,2017-07-09,1997-09-30,Red Bull,Red Bull Ring,Race circuit,Max Verstappen,7,9,7222,2015-03-15,847,AUT,NLD,AUT,0,1,64948.0,64922.0,26.0,6.0
2017,2017-07-16,1985-01-07,Mercedes,Silverstone Circuit,Race circuit,Lewis Hamilton,7,16,11878,2007-03-18,3773,GBR,GBR,DEU,1,0,86600.0,88493.0,-1893.0,1.0
2017,2017-07-16,1989-08-28,Mercedes,Silverstone Circuit,Race circuit,Valtteri Bottas,7,16,10184,2013-03-17,1582,GBR,FIN,DEU,0,0,87376.0,88493.0,-1117.0,4.0
2017,2017-07-16,1979-10-17,Ferrari,Silverstone Circuit,Race circuit,Kimi Räikkönen,7,16,13787,2001-03-04,5978,GBR,FIN,ITA,0,0,87147.0,88493.0,-1346.0,2.0
2017,2017-07-16,1997-09-30,Red Bull,Silverstone Circuit,Race circuit,Max Verstappen,7,16,7229,2015-03-15,854,GBR,NLD,AUT,0,0,88130.0,88493.0,-363.0,5.0
2017,2017-07-16,1987-08-19,Renault,Silverstone Circuit,Race circuit,Nico Hülkenberg,7,16,10924,2010-03-14,2681,GBR,DEU,FRA,0,0,88856.0,88493.0,363.0,6.0
2017,2017-07-16,1987-07-03,Ferrari,Silverstone Circuit,Race circuit,Sebastian Vettel,7,16,10971,2007-06-17,3682,GBR,DEU,ITA,0,0,87356.0,88493.0,-1137.0,3.0
2017,2017-07-16,1996-09-17,Force India,Silverstone Circuit,Race circuit,Esteban Ocon,7,16,7607,2016-08-28,322,GBR,FRA,IND,0,0,89074.0,88493.0,581.0,8.0
2017,2017-07-16,1990-01-26,Force India,Silverstone Circuit,Race circuit,Sergio Pérez,7,16,10033,2011-03-27,2303,GBR,MEX,IND,0,0,88902.0,88493.0,409.0,7.0
2017,2017-07-16,1992-03-26,McLaren,Silverstone Circuit,Race circuit,Stoffel Vandoorne,7,16,9243,2016-04-03,469,GBR,BEL,GBR,0,1,89418.0,88493.0,925.0,9.0
2017,2017-07-16,1986-04-17,Haas F1 Team,Silverstone Circuit,Race circuit,Romain Grosjean,7,16,11413,2009-08-23,2884,GBR,FRA,USA,0,0,89549.0,88493.0,1056.0,10.0
2017,2017-07-30,1987-07-03,Ferrari,Hungaroring,Race circuit,Sebastian Vettel,7,30,10985,2007-06-17,3696,HUN,DEU,ITA,0,0,76276.0,76808.0,-532.0,1.0
2017,2017-07-30,1979-10-17,Ferrari,Hungaroring,Race circuit,Kimi Räikkönen,7,30,13801,2001-03-04,5992,HUN,FIN,ITA,0,0,76444.0,76808.0,-364.0,2.0
2017,2017-07-30,1989-08-28,Mercedes,Hungaroring,Race circuit,Valtteri Bottas,7,30,10198,2013-03-17,1596,HUN,FIN,DEU,0,0,76530.0,76808.0,-278.0,3.0
2017,2017-07-30,1985-01-07,Mercedes,Hungaroring,Race circuit,Lewis Hamilton,7,30,11892,2007-03-18,3787,HUN,GBR,DEU,0,0,76693.0,76808.0,-114.0,4.0
2017,2017-07-30,1997-09-30,Red Bull,Hungaroring,Race circuit,Max Verstappen,7,30,7243,2015-03-15,868,HUN,NLD,AUT,0,0,76797.0,76808.0,-10.0,5.0
2017,2017-07-30,1981-07-29,McLaren,Hungaroring,Race circuit,Fernando Alonso,7,30,13150,2001-03-04,5992,HUN,ESP,GBR,0,0,77549.0,76808.0,742.0,8.0
2017,2017-07-30,1994-09-01,Toro Rosso,Hungaroring,Race circuit,Carlos Sainz,7,30,8368,2015-03-15,868,HUN,ESP,ITA,0,0,78311.0,76808.0,1504.0,10.0
2017,2017-07-30,1992-03-26,McLaren,Hungaroring,Race circuit,Stoffel Vandoorne,7,30,9257,2016-04-03,483,HUN,BEL,GBR,0,0,77894.0,76808.0,1086.0,9.0
2017,2017-07-30,1987-08-19,Renault,Hungaroring,Race circuit,Nico Hülkenberg,7,30,10938,2010-03-14,2695,HUN,DEU,FRA,0,0,77468.0,76808.0,660.0,7.0
2017,2017-07-30,1989-07-01,Red Bull,Hungaroring,Race circuit,Daniel Ricciardo,7,30,10256,2011-07-10,2212,HUN,AUS,AUT,0,0,76818.0,76808.0,10.0,6.0
2017,2017-08-27,1985-01-07,Mercedes,Circuit de Spa-Francorchamps,Race circuit,Lewis Hamilton,8,27,11920,2007-03-18,3815,BEL,GBR,DEU,0,0,102553.0,103380.0,-827.0,1.0
2017,2017-08-27,1987-07-03,Ferrari,Circuit de Spa-Francorchamps,Race circuit,Sebastian Vettel,8,27,11013,2007-06-17,3724,BEL,DEU,ITA,0,0,102795.0,103380.0,-585.0,2.0
2017,2017-08-27,1989-07-01,Red Bull,Circuit de Spa-Francorchamps,Race circuit,Daniel Ricciardo,8,27,10284,2011-07-10,2240,BEL,AUS,AUT,0,0,103863.0,103380.0,483.0,6.0
2017,2017-08-27,1979-10-17,Ferrari,Circuit de Spa-Francorchamps,Race circuit,Kimi Räikkönen,8,27,13829,2001-03-04,6020,BEL,FIN,ITA,0,0,103270.0,103380.0,-110.0,4.0
2017,2017-08-27,1989-08-28,Mercedes,Circuit de Spa-Francorchamps,Race circuit,Valtteri Bottas,8,27,10226,2013-03-17,1624,BEL,FIN,DEU,0,0,103094.0,103380.0,-286.0,3.0
2017,2017-08-27,1987-08-19,Renault,Circuit de Spa-Francorchamps,Race circuit,Nico Hülkenberg,8,27,10966,2010-03-14,2723,BEL,DEU,FRA,0,0,104982.0,103380.0,1602.0,8.0
2017,2017-08-27,1996-09-17,Force India,Circuit de Spa-Francorchamps,Race circuit,Esteban Ocon,8,27,7649,2016-08-28,364,BEL,FRA,IND,0,0,105006.0,103380.0,1626.0,9.0
2017,2017-08-27,1990-01-26,Force India,Circuit de Spa-Francorchamps,Race circuit,Sergio Pérez,8,27,10075,2011-03-27,2345,BEL,MEX,IND,0,0,104894.0,103380.0,1514.0,7.0
2017,2017-08-27,1997-09-30,Red Bull,Circuit de Spa-Francorchamps,Race circuit,Max Verstappen,8,27,7271,2015-03-15,896,BEL,NLD,AUT,0,0,103380.0,103380.0,0.0,5.0
2017,2017-09-03,1985-01-07,Mercedes,Autodromo Nazionale di Monza,Race circuit,Lewis Hamilton,9,3,11927,2007-03-18,3822,ITA,GBR,DEU,0,0,94660.0,96922.0,-2262.0,1.0
2017,2017-09-03,1989-08-28,Mercedes,Autodromo Nazionale di Monza,Race circuit,Valtteri Bottas,9,3,10233,2013-03-17,1631,ITA,FIN,DEU,0,0,95396.0,96922.0,-1526.0,2.0
2017,2017-09-03,1987-07-03,Ferrari,Autodromo Nazionale di Monza,Race circuit,Sebastian Vettel,9,3,11020,2007-06-17,3731,ITA,DEU,ITA,0,1,96223.0,96922.0,-698.0,4.0
2017,2017-09-03,1989-07-01,Red Bull,Autodromo Nazionale di Monza,Race circuit,Daniel Ricciardo,9,3,10291,2011-07-10,2247,ITA,AUS,AUT,0,0,96841.0,96922.0,-80.0,5.0
2017,2017-09-03,1979-10-17,Ferrari,Autodromo Nazionale di Monza,Race circuit,Kimi Räikkönen,9,3,13836,2001-03-04,6027,ITA,FIN,ITA,0,1,97031.0,96922.0,110.0,7.0
2017,2017-09-03,1996-09-17,Force India,Autodromo Nazionale di Monza,Race circuit,Esteban Ocon,9,3,7656,2016-08-28,371,ITA,FRA,IND,0,0,97580.0,96922.0,658.0,10.0
2017,2017-09-03,1998-10-29,Williams,Autodromo Nazionale di Monza,Race circuit,Lance Stroll,9,3,6884,2017-03-26,161,ITA,CAN,GBR,0,0,97002.0,96922.0,80.0,6.0
2017,2017-09-03,1981-04-25,Williams,Autodromo Nazionale di Monza,Race circuit,Felipe Massa,9,3,13280,2002-03-03,5663,ITA,BRA,GBR,0,0,97456.0,96922.0,534.0,8.0
2017,2017-09-03,1997-09-30,Red Bull,Autodromo Nazionale di Monza,Race circuit,Max Verstappen,9,3,7278,2015-03-15,903,ITA,NLD,AUT,0,0,96113.0,96922.0,-808.0,3.0
2017,2017-09-03,1992-03-26,McLaren,Autodromo Nazionale di Monza,Race circuit,Stoffel Vandoorne,9,3,9292,2016-04-03,518,ITA,BEL,GBR,0,0,97471.0,96922.0,550.0,9.0
2017,2017-09-17,1985-01-07,Mercedes,Marina Bay Street Circuit,Street circuit,Lewis Hamilton,9,17,11941,2007-03-18,3836,SGP,GBR,DEU,0,0,100126.0,100468.0,-342.0,5.0
2017,2017-09-17,1989-07-01,Red Bull,Marina Bay Street Circuit,Street circuit,Daniel Ricciardo,9,17,10305,2011-07-10,2261,SGP,AUS,AUT,0,0,99840.0,100468.0,-628.0,3.0
2017,2017-09-17,1989-08-28,Mercedes,Marina Bay Street Circuit,Street circuit,Valtteri Bottas,9,17,10247,2013-03-17,1645,SGP,FIN,DEU,0,0,100810.0,100468.0,342.0,6.0
2017,2017-09-17,1994-09-01,Toro Rosso,Marina Bay Street Circuit,Street circuit,Carlos Sainz,9,17,8417,2015-03-15,917,SGP,ESP,ITA,0,0,101826.0,100468.0,1358.0,10.0
2017,2017-09-17,1992-03-26,McLaren,Marina Bay Street Circuit,Street circuit,Stoffel Vandoorne,9,17,9306,2016-04-03,532,SGP,BEL,GBR,0,0,101227.0,100468.0,759.0,9.0
2017,2017-09-17,1987-08-19,Renault,Marina Bay Street Circuit,Street circuit,Nico Hülkenberg,9,17,10987,2010-03-14,2744,SGP,DEU,FRA,0,0,101013.0,100468.0,545.0,7.0
2017,2017-09-17,1981-07-29,McLaren,Marina Bay Street Circuit,Street circuit,Fernando Alonso,9,17,13199,2001-03-04,6041,SGP,ESP,GBR,0,0,101179.0,100468.0,711.0,8.0
2017,2017-09-17,1987-07-03,Ferrari,Marina Bay Street Circuit,Street circuit,Sebastian Vettel,9,17,11034,2007-06-17,3745,SGP,DEU,ITA,0,0,99491.0,100468.0,-977.0,1.0
2017,2017-09-17,1997-09-30,Red Bull,Marina Bay Street Circuit,Street circuit,Max Verstappen,9,17,7292,2015-03-15,917,SGP,NLD,AUT,0,0,99814.0,100468.0,-654.0,2.0
2017,2017-09-17,1979-10-17,Ferrari,Marina Bay Street Circuit,Street circuit,Kimi Räikkönen,9,17,13850,2001-03-04,6041,SGP,FIN,ITA,0,0,100069.0,100468.0,-399.0,4.0
2017,2017-10-01,1997-09-30,Red Bull,Sepang International Circuit,Race circuit,Max Verstappen,10,1,7306,2015-03-15,931,MYS,NLD,AUT,0,0,90541.0,91118.0,-577.0,3.0
2017,2017-10-01,1985-01-07,Mercedes,Sepang International Circuit,Race circuit,Lewis Hamilton,10,1,11955,2007-03-18,3850,MYS,GBR,DEU,0,0,90076.0,91118.0,-1042.0,1.0
2017,2017-10-01,1989-07-01,Red Bull,Sepang International Circuit,Race circuit,Daniel Ricciardo,10,1,10319,2011-07-10,2275,MYS,AUS,AUT,0,0,90595.0,91118.0,-523.0,4.0
2017,2017-10-01,1989-08-28,Mercedes,Sepang International Circuit,Race circuit,Valtteri Bottas,10,1,10261,2013-03-17,1659,MYS,FIN,DEU,0,0,90758.0,91118.0,-360.0,5.0
2017,2017-10-01,1990-01-26,Force India,Sepang International Circuit,Race circuit,Sergio Pérez,10,1,10110,2011-03-27,2380,MYS,MEX,IND,0,0,91484.0,91118.0,366.0,7.0
2017,2017-10-01,1992-03-26,McLaren,Sepang International Circuit,Race circuit,Stoffel Vandoorne,10,1,9320,2016-04-03,546,MYS,BEL,GBR,0,0,91582.0,91118.0,464.0,8.0
2017,2017-10-01,1996-09-17,Force India,Sepang International Circuit,Race circuit,Esteban Ocon,10,1,7684,2016-08-28,399,MYS,FRA,IND,0,0,91478.0,91118.0,360.0,6.0
2017,2017-10-01,1981-07-29,McLaren,Sepang International Circuit,Race circuit,Fernando Alonso,10,1,13213,2001-03-04,6055,MYS,ESP,GBR,0,0,91704.0,91118.0,586.0,10.0
2017,2017-10-01,1987-08-19,Renault,Sepang International Circuit,Race circuit,Nico Hülkenberg,10,1,11001,2010-03-14,2758,MYS,DEU,FRA,0,0,91607.0,91118.0,489.0,9.0
2017,2017-10-01,1979-10-17,Ferrari,Sepang International Circuit,Race circuit,Kimi Räikkönen,10,1,13864,2001-03-04,6055,MYS,FIN,ITA,0,0,90121.0,91118.0,-997.0,2.0
2017,2017-10-08,1985-01-07,Mercedes,Suzuka Circuit,Race circuit,Lewis Hamilton,10,8,11962,2007-03-18,3857,JPN,GBR,DEU,0,0,87319.0,88415.0,-1096.0,1.0
2017,2017-10-08,1997-09-30,Red Bull,Suzuka Circuit,Race circuit,Max Verstappen,10,8,7313,2015-03-15,938,JPN,NLD,AUT,0,0,88332.0,88415.0,-83.0,5.0
2017,2017-10-08,1989-07-01,Red Bull,Suzuka Circuit,Race circuit,Daniel Ricciardo,10,8,10326,2011-07-10,2282,JPN,AUS,AUT,0,0,88306.0,88415.0,-109.0,4.0
2017,2017-10-08,1989-08-28,Mercedes,Suzuka Circuit,Race circuit,Valtteri Bottas,10,8,10268,2013-03-17,1666,JPN,FIN,DEU,0,0,87651.0,88415.0,-764.0,2.0
2017,2017-10-08,1979-10-17,Ferrari,Suzuka Circuit,Race circuit,Kimi Räikkönen,10,8,13871,2001-03-04,6062,JPN,FIN,ITA,0,0,88498.0,88415.0,83.0,6.0
2017,2017-10-08,1996-09-17,Force India,Suzuka Circuit,Race circuit,Esteban Ocon,10,8,7691,2016-08-28,406,JPN,FRA,IND,0,0,89111.0,88415.0,696.0,7.0
2017,2017-10-08,1990-01-26,Force India,Suzuka Circuit,Race circuit,Sergio Pérez,10,8,10117,2011-03-27,2387,JPN,MEX,IND,0,0,89260.0,88415.0,845.0,8.0
2017,2017-10-08,1981-04-25,Williams,Suzuka Circuit,Race circuit,Felipe Massa,10,8,13315,2002-03-03,5698,JPN,BRA,GBR,0,0,89480.0,88415.0,1065.0,9.0
2017,2017-10-08,1981-07-29,McLaren,Suzuka Circuit,Race circuit,Fernando Alonso,10,8,13220,2001-03-04,6062,JPN,ESP,GBR,0,0,89749.0,88415.0,1334.0,10.0
2017,2017-10-08,1987-07-03,Ferrari,Suzuka Circuit,Race circuit,Sebastian Vettel,10,8,11055,2007-06-17,3766,JPN,DEU,ITA,0,0,87791.0,88415.0,-624.0,3.0
2017,2017-10-22,1985-01-07,Mercedes,Circuit of the Americas,Race circuit,Lewis Hamilton,10,22,11976,2007-03-18,3871,USA,GBR,DEU,0,0,93108.0,93618.0,-510.0,1.0
2017,2017-10-22,1987-07-03,Ferrari,Circuit of the Americas,Race circuit,Sebastian Vettel,10,22,11069,2007-06-17,3780,USA,DEU,ITA,0,0,93347.0,93618.0,-270.0,2.0
2017,2017-10-22,1979-10-17,Ferrari,Circuit of the Americas,Race circuit,Kimi Räikkönen,10,22,13885,2001-03-04,6076,USA,FIN,ITA,0,0,93577.0,93618.0,-40.0,4.0
2017,2017-10-22,1997-09-30,Red Bull,Circuit of the Americas,Race circuit,Max Verstappen,10,22,7327,2015-03-15,952,USA,NLD,AUT,0,0,93658.0,93618.0,40.0,6.0
2017,2017-10-22,1989-08-28,Mercedes,Circuit of the Americas,Race circuit,Valtteri Bottas,10,22,10282,2013-03-17,1680,USA,FIN,DEU,0,0,93568.0,93618.0,-50.0,3.0
2017,2017-10-22,1996-09-17,Force India,Circuit of the Americas,Race circuit,Esteban Ocon,10,22,7705,2016-08-28,420,USA,FRA,IND,0,0,94647.0,93618.0,1030.0,7.0
2017,2017-10-22,1994-09-01,Renault,Circuit of the Americas,Race circuit,Carlos Sainz,10,22,8452,2015-03-15,952,USA,ESP,FRA,0,0,94852.0,93618.0,1234.0,9.0
2017,2017-10-22,1990-01-26,Force India,Circuit of the Americas,Race circuit,Sergio Pérez,10,22,10131,2011-03-27,2401,USA,MEX,IND,0,0,94789.0,93618.0,1172.0,8.0
2017,2017-10-22,1981-07-29,McLaren,Circuit of the Americas,Race circuit,Fernando Alonso,10,22,13234,2001-03-04,6076,USA,ESP,GBR,0,0,95007.0,93618.0,1390.0,10.0
2017,2017-10-22,1989-07-01,Red Bull,Circuit of the Americas,Race circuit,Daniel Ricciardo,10,22,10340,2011-07-10,2296,USA,AUS,AUT,0,0,93577.0,93618.0,-40.0,4.0
2017,2017-10-29,1997-09-30,Red Bull,Autódromo Hermanos Rodríguez,Race circuit,Max Verstappen,10,29,7334,2015-03-15,959,MEX,NLD,AUT,0,0,76524.0,77338.0,-814.0,2.0
2017,2017-10-29,1989-08-28,Mercedes,Autódromo Hermanos Rodríguez,Race circuit,Valtteri Bottas,10,29,10289,2013-03-17,1687,MEX,FIN,DEU,0,0,76958.0,77338.0,-380.0,4.0
2017,2017-10-29,1979-10-17,Ferrari,Autódromo Hermanos Rodríguez,Race circuit,Kimi Räikkönen,10,29,13892,2001-03-04,6083,MEX,FIN,ITA,0,0,77238.0,77338.0,-100.0,5.0
2017,2017-10-29,1987-07-03,Ferrari,Autódromo Hermanos Rodríguez,Race circuit,Sebastian Vettel,10,29,11076,2007-06-17,3787,MEX,DEU,ITA,0,0,76488.0,77338.0,-850.0,1.0
2017,2017-10-29,1996-09-17,Force India,Autódromo Hermanos Rodríguez,Race circuit,Esteban Ocon,10,29,7712,2016-08-28,427,MEX,FRA,IND,0,0,77437.0,77338.0,100.0,6.0
2017,2017-10-29,1990-01-26,Force India,Autódromo Hermanos Rodríguez,Race circuit,Sergio Pérez,10,29,10138,2011-03-27,2408,MEX,MEX,IND,1,0,77807.0,77338.0,470.0,10.0
2017,2017-10-29,1985-01-07,Mercedes,Autódromo Hermanos Rodríguez,Race circuit,Lewis Hamilton,10,29,11983,2007-03-18,3878,MEX,GBR,DEU,0,0,76934.0,77338.0,-404.0,3.0
2017,2017-10-29,1994-09-01,Renault,Autódromo Hermanos Rodríguez,Race circuit,Carlos Sainz,10,29,8459,2015-03-15,959,MEX,ESP,FRA,0,0,77753.0,77338.0,416.0,9.0
2017,2017-10-29,1987-08-19,Renault,Autódromo Hermanos Rodríguez,Race circuit,Nico Hülkenberg,10,29,11029,2010-03-14,2786,MEX,DEU,FRA,0,0,77466.0,77338.0,128.0,8.0
2017,2017-10-29,1989-07-01,Red Bull,Autódromo Hermanos Rodríguez,Race circuit,Daniel Ricciardo,10,29,10347,2011-07-10,2303,MEX,AUS,AUT,0,0,77447.0,77338.0,110.0,7.0
2017,2017-11-12,1987-07-03,Ferrari,Autódromo José Carlos Pace,Race circuit,Sebastian Vettel,11,12,11090,2007-06-17,3801,BRA,DEU,ITA,0,0,68360.0,69462.0,-1102.0,2.0
2017,2017-11-12,1989-08-28,Mercedes,Autódromo José Carlos Pace,Race circuit,Valtteri Bottas,11,12,10303,2013-03-17,1701,BRA,FIN,DEU,0,0,68322.0,69462.0,-1140.0,1.0
2017,2017-11-12,1979-10-17,Ferrari,Autódromo José Carlos Pace,Race circuit,Kimi Räikkönen,11,12,13906,2001-03-04,6097,BRA,FIN,ITA,0,0,68538.0,69462.0,-924.0,3.0
2017,2017-11-12,1997-09-30,Red Bull,Autódromo José Carlos Pace,Race circuit,Max Verstappen,11,12,7348,2015-03-15,973,BRA,NLD,AUT,0,0,68925.0,69462.0,-536.0,4.0
2017,2017-11-12,1989-07-01,Red Bull,Autódromo José Carlos Pace,Race circuit,Daniel Ricciardo,11,12,10361,2011-07-10,2317,BRA,AUS,AUT,0,0,69330.0,69462.0,-132.0,5.0
2017,2017-11-12,1981-04-25,Williams,Autódromo José Carlos Pace,Race circuit,Felipe Massa,11,12,13350,2002-03-03,5733,BRA,BRA,GBR,1,0,69612.0,69462.0,150.0,8.0
2017,2017-11-12,1981-07-29,McLaren,Autódromo José Carlos Pace,Race circuit,Fernando Alonso,11,12,13255,2001-03-04,6097,BRA,ESP,GBR,0,0,69593.0,69462.0,132.0,6.0
2017,2017-11-12,1990-01-26,Force India,Autódromo José Carlos Pace,Race circuit,Sergio Pérez,11,12,10152,2011-03-27,2422,BRA,MEX,IND,0,0,69598.0,69462.0,136.0,7.0
2017,2017-11-12,1987-08-19,Renault,Autódromo José Carlos Pace,Race circuit,Nico Hülkenberg,11,12,11043,2010-03-14,2800,BRA,DEU,FRA,0,0,69703.0,69462.0,242.0,9.0
2017,2017-11-12,1994-09-01,Renault,Autódromo José Carlos Pace,Race circuit,Carlos Sainz,11,12,8473,2015-03-15,973,BRA,ESP,FRA,0,0,69768.0,69462.0,306.0,10.0
2017,2017-11-26,1989-08-28,Mercedes,Yas Marina Circuit,Race circuit,Valtteri Bottas,11,26,10317,2013-03-17,1715,ARE,FIN,DEU,0,0,96231.0,97156.0,-926.0,1.0
2017,2017-11-26,1985-01-07,Mercedes,Yas Marina Circuit,Race circuit,Lewis Hamilton,11,26,12011,2007-03-18,3906,ARE,GBR,DEU,0,0,96403.0,97156.0,-754.0,2.0
2017,2017-11-26,1987-07-03,Ferrari,Yas Marina Circuit,Race circuit,Sebastian Vettel,11,26,11104,2007-06-17,3815,ARE,DEU,ITA,0,0,96777.0,97156.0,-380.0,3.0
2017,2017-11-26,1979-10-17,Ferrari,Yas Marina Circuit,Race circuit,Kimi Räikkönen,11,26,13920,2001-03-04,6111,ARE,FIN,ITA,0,0,96985.0,97156.0,-172.0,5.0
2017,2017-11-26,1997-09-30,Red Bull,Yas Marina Circuit,Race circuit,Max Verstappen,11,26,7362,2015-03-15,987,ARE,NLD,AUT,0,0,97328.0,97156.0,172.0,6.0
2017,2017-11-26,1987-08-19,Renault,Yas Marina Circuit,Race circuit,Nico Hülkenberg,11,26,11057,2010-03-14,2814,ARE,DEU,FRA,0,0,98138.0,97156.0,982.0,7.0
2017,2017-11-26,1990-01-26,Force India,Yas Marina Circuit,Race circuit,Sergio Pérez,11,26,10166,2011-03-27,2436,ARE,MEX,IND,0,0,98359.0,97156.0,1202.0,8.0
2017,2017-11-26,1996-09-17,Force India,Yas Marina Circuit,Race circuit,Esteban Ocon,11,26,7740,2016-08-28,455,ARE,FRA,IND,0,0,98392.0,97156.0,1236.0,9.0
2017,2017-11-26,1981-04-25,Williams,Yas Marina Circuit,Race circuit,Felipe Massa,11,26,13364,2002-03-03,5747,ARE,BRA,GBR,0,0,98550.0,97156.0,1394.0,10.0
2017,2017-11-26,1989-07-01,Red Bull,Yas Marina Circuit,Race circuit,Daniel Ricciardo,11,26,10375,2011-07-10,2331,ARE,AUS,AUT,0,0,96959.0,97156.0,-198.0,4.0
2018,2018-03-25,1987-07-03,Ferrari,Albert Park Grand Prix Circuit,Street circuit,Sebastian Vettel,3,25,11223,2007-06-17,3934,AUS,DEU,ITA,0,0,81838.0,82152.0,-314.0,3.0
2018,2018-03-25,1985-01-07,Mercedes,Albert Park Grand Prix Circuit,Street circuit,Lewis Hamilton,3,25,12130,2007-03-18,4025,AUS,GBR,DEU,0,0,81164.0,82152.0,-988.0,1.0
2018,2018-03-25,1979-10-17,Ferrari,Albert Park Grand Prix Circuit,Street circuit,Kimi Räikkönen,3,25,14039,2001-03-04,6230,AUS,FIN,ITA,0,0,81828.0,82152.0,-324.0,2.0
2018,2018-03-25,1989-07-01,Red Bull,Albert Park Grand Prix Circuit,Street circuit,Daniel Ricciardo,3,25,10494,2011-07-10,2450,AUS,AUS,AUT,1,0,82152.0,82152.0,0.0,5.0
2018,2018-03-25,1997-09-30,Red Bull,Albert Park Grand Prix Circuit,Street circuit,Max Verstappen,3,25,7481,2015-03-15,1106,AUS,NLD,AUT,0,0,81879.0,82152.0,-273.0,4.0
2018,2018-03-25,1987-08-19,Renault,Albert Park Grand Prix Circuit,Street circuit,Nico Hülkenberg,3,25,11176,2010-03-14,2933,AUS,DEU,FRA,0,0,83532.0,82152.0,1380.0,9.0
2018,2018-03-25,1994-09-01,Renault,Albert Park Grand Prix Circuit,Street circuit,Carlos Sainz,3,25,8606,2015-03-15,1106,AUS,ESP,FRA,0,0,83061.0,82152.0,909.0,6.0
2018,2018-03-25,1986-04-17,Haas F1 Team,Albert Park Grand Prix Circuit,Street circuit,Romain Grosjean,3,25,11665,2009-08-23,3136,AUS,FRA,USA,0,0,83339.0,82152.0,1187.0,8.0
2018,2018-03-25,1992-10-05,Haas F1 Team,Albert Park Grand Prix Circuit,Street circuit,Kevin Magnussen,3,25,9302,2014-03-16,1470,AUS,DNK,USA,0,0,83187.0,82152.0,1035.0,7.0
2018,2018-04-08,1987-07-03,Ferrari,Bahrain International Circuit,Race circuit,Sebastian Vettel,4,8,11237,2007-06-17,3948,BHR,DEU,ITA,0,0,87958.0,88792.0,-834.0,1.0
2018,2018-04-08,1989-08-28,Mercedes,Bahrain International Circuit,Race circuit,Valtteri Bottas,4,8,10450,2013-03-17,1848,BHR,FIN,DEU,0,0,88124.0,88792.0,-668.0,3.0
2018,2018-04-08,1985-01-07,Mercedes,Bahrain International Circuit,Race circuit,Lewis Hamilton,4,8,12144,2007-03-18,4039,BHR,GBR,DEU,0,0,88220.0,88792.0,-572.0,4.0
2018,2018-04-08,1996-02-07,Toro Rosso,Bahrain International Circuit,Race circuit,Pierre Gasly,4,8,8096,2017-10-01,189,BHR,FRA,ITA,0,0,89329.0,88792.0,536.0,7.0
2018,2018-04-08,1992-10-05,Haas F1 Team,Bahrain International Circuit,Race circuit,Kevin Magnussen,4,8,9316,2014-03-16,1484,BHR,DNK,USA,0,0,89358.0,88792.0,566.0,8.0
2018,2018-04-08,1987-08-19,Renault,Bahrain International Circuit,Race circuit,Nico Hülkenberg,4,8,11190,2010-03-14,2947,BHR,DEU,FRA,0,0,89187.0,88792.0,394.0,6.0
2018,2018-04-08,1996-09-17,Force India,Bahrain International Circuit,Race circuit,Esteban Ocon,4,8,7873,2016-08-28,588,BHR,FRA,IND,0,0,89874.0,88792.0,1082.0,10.0
2018,2018-04-08,1994-09-01,Renault,Bahrain International Circuit,Race circuit,Carlos Sainz,4,8,8620,2015-03-15,1120,BHR,ESP,FRA,0,0,89802.0,88792.0,1010.0,9.0
2018,2018-04-08,1979-10-17,Ferrari,Bahrain International Circuit,Race circuit,Kimi Räikkönen,4,8,14053,2001-03-04,6244,BHR,FIN,ITA,0,0,88101.0,88792.0,-692.0,2.0
2018,2018-04-08,1989-07-01,Red Bull,Bahrain International Circuit,Race circuit,Daniel Ricciardo,4,8,10508,2011-07-10,2464,BHR,AUS,AUT,0,0,88398.0,88792.0,-394.0,5.0
2018,2018-04-15,1989-07-01,Red Bull,Shanghai International Circuit,Race circuit,Daniel Ricciardo,4,15,10515,2011-07-10,2471,CHN,AUS,AUT,0,0,91948.0,91872.0,76.0,6.0
2018,2018-04-15,1989-08-28,Mercedes,Shanghai International Circuit,Race circuit,Valtteri Bottas,4,15,10457,2013-03-17,1855,CHN,FIN,DEU,0,0,91625.0,91872.0,-247.0,3.0
2018,2018-04-15,1979-10-17,Ferrari,Shanghai International Circuit,Race circuit,Kimi Räikkönen,4,15,14060,2001-03-04,6251,CHN,FIN,ITA,0,0,91182.0,91872.0,-690.0,2.0
2018,2018-04-15,1985-01-07,Mercedes,Shanghai International Circuit,Race circuit,Lewis Hamilton,4,15,12151,2007-03-18,4046,CHN,GBR,DEU,0,0,91675.0,91872.0,-197.0,4.0
2018,2018-04-15,1997-09-30,Red Bull,Shanghai International Circuit,Race circuit,Max Verstappen,4,15,7502,2015-03-15,1127,CHN,NLD,AUT,0,0,91796.0,91872.0,-76.0,5.0
2018,2018-04-15,1987-08-19,Renault,Shanghai International Circuit,Race circuit,Nico Hülkenberg,4,15,11197,2010-03-14,2954,CHN,DEU,FRA,0,0,92494.0,91872.0,622.0,7.0
2018,2018-04-15,1987-07-03,Ferrari,Shanghai International Circuit,Race circuit,Sebastian Vettel,4,15,11244,2007-06-17,3955,CHN,DEU,ITA,0,0,91095.0,91872.0,-777.0,1.0
2018,2018-04-15,1994-09-01,Renault,Shanghai International Circuit,Race circuit,Carlos Sainz,4,15,8627,2015-03-15,1127,CHN,ESP,FRA,0,0,92819.0,91872.0,947.0,10.0
2018,2018-04-15,1990-01-26,Force India,Shanghai International Circuit,Race circuit,Sergio Pérez,4,15,10306,2011-03-27,2576,CHN,MEX,IND,0,0,92758.0,91872.0,886.0,9.0
2018,2018-04-15,1986-04-17,Haas F1 Team,Shanghai International Circuit,Race circuit,Romain Grosjean,4,15,11686,2009-08-23,3157,CHN,FRA,USA,0,0,92524.0,91872.0,652.0,8.0
2018,2018-04-29,1985-01-07,Mercedes,Baku City Circuit,Street circuit,Lewis Hamilton,4,29,12165,2007-03-18,4060,AZE,GBR,DEU,0,0,101677.0,102242.0,-565.0,2.0
2018,2018-04-29,1979-10-17,Ferrari,Baku City Circuit,Street circuit,Kimi Räikkönen,4,29,14074,2001-03-04,6265,AZE,FIN,ITA,0,0,102490.0,102242.0,248.0,6.0
2018,2018-04-29,1990-01-26,Force India,Baku City Circuit,Street circuit,Sergio Pérez,4,29,10320,2011-03-27,2590,AZE,MEX,IND,0,0,102547.0,102242.0,305.0,8.0
2018,2018-04-29,1987-07-03,Ferrari,Baku City Circuit,Street circuit,Sebastian Vettel,4,29,11258,2007-06-17,3969,AZE,DEU,ITA,0,0,101498.0,102242.0,-744.0,1.0
2018,2018-04-29,1994-09-01,Renault,Baku City Circuit,Street circuit,Carlos Sainz,4,29,8641,2015-03-15,1141,AZE,ESP,FRA,0,0,103351.0,102242.0,1109.0,10.0
2018,2018-04-29,1989-08-28,Mercedes,Baku City Circuit,Street circuit,Valtteri Bottas,4,29,10471,2013-03-17,1869,AZE,FIN,DEU,0,0,101837.0,102242.0,-405.0,3.0
2018,2018-04-29,1997-09-30,Red Bull,Baku City Circuit,Street circuit,Max Verstappen,4,29,7516,2015-03-15,1141,AZE,NLD,AUT,0,0,101994.0,102242.0,-248.0,5.0
2018,2018-04-29,1989-07-01,Red Bull,Baku City Circuit,Street circuit,Daniel Ricciardo,4,29,10529,2011-07-10,2485,AZE,AUS,AUT,0,0,101911.0,102242.0,-331.0,4.0
2018,2018-04-29,1987-08-19,Renault,Baku City Circuit,Street circuit,Nico Hülkenberg,4,29,11211,2010-03-14,2968,AZE,DEU,FRA,0,0,103066.0,102242.0,824.0,9.0
2018,2018-04-29,1996-09-17,Force India,Baku City Circuit,Street circuit,Esteban Ocon,4,29,7894,2016-08-28,609,AZE,FRA,IND,0,0,102523.0,102242.0,281.0,7.0
2018,2018-05-13,1985-01-07,Mercedes,Circuit de Barcelona-Catalunya,Race circuit,Lewis Hamilton,5,13,12179,2007-03-18,4074,ESP,GBR,DEU,0,0,76173.0,76817.0,-644.0,1.0
2018,2018-05-13,1989-08-28,Mercedes,Circuit de Barcelona-Catalunya,Race circuit,Valtteri Bottas,5,13,10485,2013-03-17,1883,ESP,FIN,DEU,0,0,76213.0,76817.0,-604.0,2.0
2018,2018-05-13,1997-09-30,Red Bull,Circuit de Barcelona-Catalunya,Race circuit,Max Verstappen,5,13,7530,2015-03-15,1155,ESP,NLD,AUT,0,0,76816.0,76817.0,-1.0,5.0
2018,2018-05-13,1987-07-03,Ferrari,Circuit de Barcelona-Catalunya,Race circuit,Sebastian Vettel,5,13,11272,2007-06-17,3983,ESP,DEU,ITA,0,0,76305.0,76817.0,-512.0,3.0
2018,2018-05-13,1989-07-01,Red Bull,Circuit de Barcelona-Catalunya,Race circuit,Daniel Ricciardo,5,13,10543,2011-07-10,2499,ESP,AUS,AUT,0,0,76818.0,76817.0,1.0,6.0
2018,2018-05-13,1992-10-05,Haas F1 Team,Circuit de Barcelona-Catalunya,Race circuit,Kevin Magnussen,5,13,9351,2014-03-16,1519,ESP,DNK,USA,0,0,77618.0,76817.0,801.0,7.0
2018,2018-05-13,1994-09-01,Renault,Circuit de Barcelona-Catalunya,Race circuit,Carlos Sainz,5,13,8655,2015-03-15,1155,ESP,ESP,FRA,1,0,77790.0,76817.0,973.0,10.0
2018,2018-05-13,1981-07-29,McLaren,Circuit de Barcelona-Catalunya,Race circuit,Fernando Alonso,5,13,13437,2001-03-04,6279,ESP,ESP,GBR,1,0,77721.0,76817.0,904.0,9.0
2018,2018-05-13,1979-10-17,Ferrari,Circuit de Barcelona-Catalunya,Race circuit,Kimi Räikkönen,5,13,14088,2001-03-04,6279,ESP,FIN,ITA,0,0,76612.0,76817.0,-205.0,4.0
2018,2018-05-13,1986-04-17,Haas F1 Team,Circuit de Barcelona-Catalunya,Race circuit,Romain Grosjean,5,13,11714,2009-08-23,3185,ESP,FRA,USA,0,0,77699.0,76817.0,882.0,8.0
2018,2018-05-27,1989-07-01,Red Bull,Circuit de Monaco,Street circuit,Daniel Ricciardo,5,27,10557,2011-07-10,2513,MCO,AUS,AUT,0,0,70810.0,71751.0,-941.0,1.0
2018,2018-05-27,1987-07-03,Ferrari,Circuit de Monaco,Street circuit,Sebastian Vettel,5,27,11286,2007-06-17,3997,MCO,DEU,ITA,0,0,71039.0,71751.0,-712.0,2.0
2018,2018-05-27,1985-01-07,Mercedes,Circuit de Monaco,Street circuit,Lewis Hamilton,5,27,12193,2007-03-18,4088,MCO,GBR,DEU,0,0,71232.0,71751.0,-519.0,3.0
2018,2018-05-27,1979-10-17,Ferrari,Circuit de Monaco,Street circuit,Kimi Räikkönen,5,27,14102,2001-03-04,6293,MCO,FIN,ITA,0,0,71266.0,71751.0,-485.0,4.0
2018,2018-05-27,1989-08-28,Mercedes,Circuit de Monaco,Street circuit,Valtteri Bottas,5,27,10499,2013-03-17,1897,MCO,FIN,DEU,0,0,71441.0,71751.0,-310.0,5.0
2018,2018-05-27,1996-09-17,Force India,Circuit de Monaco,Street circuit,Esteban Ocon,5,27,7922,2016-08-28,637,MCO,FRA,IND,0,0,72061.0,71751.0,310.0,6.0
2018,2018-05-27,1996-02-07,Toro Rosso,Circuit de Monaco,Street circuit,Pierre Gasly,5,27,8145,2017-10-01,238,MCO,FRA,ITA,0,0,72221.0,71751.0,470.0,10.0
2018,2018-05-27,1994-09-01,Renault,Circuit de Monaco,Street circuit,Carlos Sainz,5,27,8669,2015-03-15,1169,MCO,ESP,FRA,0,0,72130.0,71751.0,379.0,8.0
2018,2018-05-27,1990-01-26,Force India,Circuit de Monaco,Street circuit,Sergio Pérez,5,27,10348,2011-03-27,2618,MCO,MEX,IND,0,0,72154.0,71751.0,403.0,9.0
2018,2018-05-27,1981-07-29,McLaren,Circuit de Monaco,Street circuit,Fernando Alonso,5,27,13451,2001-03-04,6293,MCO,ESP,GBR,0,0,72110.0,71751.0,359.0,7.0
2018,2018-06-10,1987-07-03,Ferrari,Circuit Gilles Villeneuve,Street circuit,Sebastian Vettel,6,10,11300,2007-06-17,4011,CAN,DEU,ITA,0,0,70764.0,71106.0,-342.0,1.0
2018,2018-06-10,1989-08-28,Mercedes,Circuit Gilles Villeneuve,Street circuit,Valtteri Bottas,6,10,10513,2013-03-17,1911,CAN,FIN,DEU,0,0,70857.0,71106.0,-248.0,2.0
2018,2018-06-10,1997-09-30,Red Bull,Circuit Gilles Villeneuve,Street circuit,Max Verstappen,6,10,7558,2015-03-15,1183,CAN,NLD,AUT,0,0,70937.0,71106.0,-168.0,3.0
2018,2018-06-10,1989-07-01,Red Bull,Circuit Gilles Villeneuve,Street circuit,Daniel Ricciardo,6,10,10571,2011-07-10,2527,CAN,AUS,AUT,0,0,71116.0,71106.0,10.0,6.0
2018,2018-06-10,1985-01-07,Mercedes,Circuit Gilles Villeneuve,Street circuit,Lewis Hamilton,6,10,12207,2007-03-18,4102,CAN,GBR,DEU,0,0,70996.0,71106.0,-110.0,4.0
2018,2018-06-10,1979-10-17,Ferrari,Circuit Gilles Villeneuve,Street circuit,Kimi Räikkönen,6,10,14116,2001-03-04,6307,CAN,FIN,ITA,0,0,71095.0,71106.0,-10.0,5.0
2018,2018-06-10,1987-08-19,Renault,Circuit Gilles Villeneuve,Street circuit,Nico Hülkenberg,6,10,11253,2010-03-14,3010,CAN,DEU,FRA,0,0,71916.0,71106.0,810.0,7.0
2018,2018-06-10,1994-09-01,Renault,Circuit Gilles Villeneuve,Street circuit,Carlos Sainz,6,10,8683,2015-03-15,1183,CAN,ESP,FRA,0,0,72097.0,71106.0,992.0,9.0
2018,2018-06-10,1996-09-17,Force India,Circuit Gilles Villeneuve,Street circuit,Esteban Ocon,6,10,7936,2016-08-28,651,CAN,FRA,IND,0,0,72084.0,71106.0,978.0,8.0
2018,2018-06-10,1990-01-26,Force India,Circuit Gilles Villeneuve,Street circuit,Sergio Pérez,6,10,10362,2011-03-27,2632,CAN,MEX,IND,0,0,72395.0,71106.0,1290.0,10.0
2018,2018-06-24,1985-01-07,Mercedes,Circuit Paul Ricard,Race circuit,Lewis Hamilton,6,24,12221,2007-03-18,4116,FRA,GBR,DEU,0,0,90029.0,90772.0,-743.0,1.0
2018,2018-06-24,1997-09-30,Red Bull,Circuit Paul Ricard,Race circuit,Max Verstappen,6,24,7572,2015-03-15,1197,FRA,NLD,AUT,0,0,90705.0,90772.0,-67.0,4.0
2018,2018-06-24,1979-10-17,Ferrari,Circuit Paul Ricard,Race circuit,Kimi Räikkönen,6,24,14130,2001-03-04,6321,FRA,FIN,ITA,0,0,90772.0,90772.0,0.0,5.0
2018,2018-06-24,1989-07-01,Red Bull,Circuit Paul Ricard,Race circuit,Daniel Ricciardo,6,24,10585,2011-07-10,2541,FRA,AUS,AUT,0,0,90895.0,90772.0,123.0,6.0
2018,2018-06-24,1987-07-03,Ferrari,Circuit Paul Ricard,Race circuit,Sebastian Vettel,6,24,11314,2007-06-17,4025,FRA,DEU,ITA,0,0,90400.0,90772.0,-372.0,3.0
2018,2018-06-24,1992-10-05,Haas F1 Team,Circuit Paul Ricard,Race circuit,Kevin Magnussen,6,24,9393,2014-03-16,1561,FRA,DNK,USA,0,0,91510.0,90772.0,738.0,7.0
2018,2018-06-24,1989-08-28,Mercedes,Circuit Paul Ricard,Race circuit,Valtteri Bottas,6,24,10527,2013-03-17,1925,FRA,FIN,DEU,0,0,90147.0,90772.0,-625.0,2.0
2018,2018-06-24,1994-09-01,Renault,Circuit Paul Ricard,Race circuit,Carlos Sainz,6,24,8697,2015-03-15,1197,FRA,ESP,FRA,0,1,92016.0,90772.0,1244.0,8.0
2018,2018-06-24,1997-10-16,Sauber,Circuit Paul Ricard,Race circuit,Charles Leclerc,6,24,7556,2018-03-25,91,FRA,MCO,CHE,0,0,92055.0,90772.0,1283.0,9.0
2018,2018-07-01,1997-09-30,Red Bull,Red Bull Ring,Race circuit,Max Verstappen,7,1,7579,2015-03-15,1204,AUT,NLD,AUT,0,1,63840.0,63866.0,-26.0,5.0
2018,2018-07-01,1979-10-17,Ferrari,Red Bull Ring,Race circuit,Kimi Räikkönen,7,1,14137,2001-03-04,6328,AUT,FIN,ITA,0,0,63660.0,63866.0,-206.0,4.0
2018,2018-07-01,1987-07-03,Ferrari,Red Bull Ring,Race circuit,Sebastian Vettel,7,1,11321,2007-06-17,4032,AUT,DEU,ITA,0,0,63464.0,63866.0,-402.0,3.0
2018,2018-07-01,1986-04-17,Haas F1 Team,Red Bull Ring,Race circuit,Romain Grosjean,7,1,11763,2009-08-23,3234,AUT,FRA,USA,0,0,63892.0,63866.0,26.0,6.0
2018,2018-07-01,1992-10-05,Haas F1 Team,Red Bull Ring,Race circuit,Kevin Magnussen,7,1,9400,2014-03-16,1568,AUT,DNK,USA,0,0,64051.0,63866.0,185.0,8.0
2018,2018-07-01,1994-09-01,Renault,Red Bull Ring,Race circuit,Carlos Sainz,7,1,8704,2015-03-15,1204,AUT,ESP,FRA,0,0,64561.0,63866.0,695.0,9.0
2018,2018-07-01,1985-01-07,Mercedes,Red Bull Ring,Race circuit,Lewis Hamilton,7,1,12228,2007-03-18,4123,AUT,GBR,DEU,0,0,63149.0,63866.0,-717.0,2.0
2018,2018-07-01,1989-07-01,Red Bull,Red Bull Ring,Race circuit,Daniel Ricciardo,7,1,10592,2011-07-10,2548,AUT,AUS,AUT,0,1,63996.0,63866.0,130.0,7.0
2018,2018-07-01,1989-08-28,Mercedes,Red Bull Ring,Race circuit,Valtteri Bottas,7,1,10534,2013-03-17,1932,AUT,FIN,DEU,0,0,63130.0,63866.0,-736.0,1.0
2018,2018-07-01,1987-08-19,Renault,Red Bull Ring,Race circuit,Nico Hülkenberg,7,1,11274,2010-03-14,3031,AUT,DEU,FRA,0,0,64676.0,63866.0,810.0,10.0
2018,2018-07-08,1987-07-03,Ferrari,Silverstone Circuit,Race circuit,Sebastian Vettel,7,8,11328,2007-06-17,4039,GBR,DEU,ITA,0,0,85936.0,86850.0,-914.0,2.0
2018,2018-07-08,1985-01-07,Mercedes,Silverstone Circuit,Race circuit,Lewis Hamilton,7,8,12235,2007-03-18,4130,GBR,GBR,DEU,1,0,85892.0,86850.0,-958.0,1.0
2018,2018-07-08,1979-10-17,Ferrari,Silverstone Circuit,Race circuit,Kimi Räikkönen,7,8,14144,2001-03-04,6335,GBR,FIN,ITA,0,0,85990.0,86850.0,-860.0,3.0
2018,2018-07-08,1989-08-28,Mercedes,Silverstone Circuit,Race circuit,Valtteri Bottas,7,8,10541,2013-03-17,1939,GBR,FIN,DEU,0,0,86217.0,86850.0,-634.0,4.0
2018,2018-07-08,1989-07-01,Red Bull,Silverstone Circuit,Race circuit,Daniel Ricciardo,7,8,10599,2011-07-10,2555,GBR,AUS,AUT,0,0,87099.0,86850.0,248.0,6.0
2018,2018-07-08,1996-09-17,Force India,Silverstone Circuit,Race circuit,Esteban Ocon,7,8,7964,2016-08-28,679,GBR,FRA,IND,0,0,87843.0,86850.0,992.0,10.0
2018,2018-07-08,1992-10-05,Haas F1 Team,Silverstone Circuit,Race circuit,Kevin Magnussen,7,8,9407,2014-03-16,1575,GBR,DNK,USA,0,0,87244.0,86850.0,394.0,7.0
2018,2018-07-08,1997-09-30,Red Bull,Silverstone Circuit,Race circuit,Max Verstappen,7,8,7586,2015-03-15,1211,GBR,NLD,AUT,0,0,86602.0,86850.0,-248.0,5.0
2018,2018-07-08,1986-04-17,Haas F1 Team,Silverstone Circuit,Race circuit,Romain Grosjean,7,8,11770,2009-08-23,3241,GBR,FRA,USA,0,0,87455.0,86850.0,604.0,8.0
2018,2018-07-08,1997-10-16,Sauber,Silverstone Circuit,Race circuit,Charles Leclerc,7,8,7570,2018-03-25,105,GBR,MCO,CHE,0,0,87790.0,86850.0,940.0,9.0
2018,2018-07-22,1989-08-28,Mercedes,Hockenheimring,Race circuit,Valtteri Bottas,7,22,10555,2013-03-17,1953,DEU,FIN,DEU,0,1,71416.0,72372.0,-956.0,2.0
2018,2018-07-22,1979-10-17,Ferrari,Hockenheimring,Race circuit,Kimi Räikkönen,7,22,14158,2001-03-04,6349,DEU,FIN,ITA,0,0,71547.0,72372.0,-825.0,3.0
2018,2018-07-22,1997-09-30,Red Bull,Hockenheimring,Race circuit,Max Verstappen,7,22,7600,2015-03-15,1225,DEU,NLD,AUT,0,0,71822.0,72372.0,-550.0,4.0
2018,2018-07-22,1987-08-19,Renault,Hockenheimring,Race circuit,Nico Hülkenberg,7,22,11295,2010-03-14,3052,DEU,DEU,FRA,1,0,72560.0,72372.0,188.0,7.0
2018,2018-07-22,1986-04-17,Haas F1 Team,Hockenheimring,Race circuit,Romain Grosjean,7,22,11784,2009-08-23,3255,DEU,FRA,USA,0,0,72544.0,72372.0,172.0,6.0
2018,2018-07-22,1990-01-26,Force India,Hockenheimring,Race circuit,Sergio Pérez,7,22,10404,2011-03-27,2674,DEU,MEX,IND,0,0,72774.0,72372.0,402.0,10.0
2018,2018-07-22,1992-10-05,Haas F1 Team,Hockenheimring,Race circuit,Kevin Magnussen,7,22,9421,2014-03-16,1589,DEU,DNK,USA,0,0,72200.0,72372.0,-172.0,5.0
2018,2018-07-22,1994-09-01,Renault,Hockenheimring,Race circuit,Carlos Sainz,7,22,8725,2015-03-15,1225,DEU,ESP,FRA,0,0,72692.0,72372.0,320.0,8.0
2018,2018-07-22,1997-10-16,Sauber,Hockenheimring,Race circuit,Charles Leclerc,7,22,7584,2018-03-25,119,DEU,MCO,CHE,0,0,72717.0,72372.0,345.0,9.0
2018,2018-07-22,1987-07-03,Ferrari,Hockenheimring,Race circuit,Sebastian Vettel,7,22,11342,2007-06-17,4053,DEU,DEU,ITA,1,0,71212.0,72372.0,-1160.0,1.0
2018,2018-07-29,1985-01-07,Mercedes,Hungaroring,Race circuit,Lewis Hamilton,7,29,12256,2007-03-18,4151,HUN,GBR,DEU,0,0,77419.0,77678.0,-258.0,4.0
2018,2018-07-29,1987-07-03,Ferrari,Hungaroring,Race circuit,Sebastian Vettel,7,29,11349,2007-06-17,4060,HUN,DEU,ITA,0,0,76666.0,77678.0,-1012.0,1.0
2018,2018-07-29,1979-10-17,Ferrari,Hungaroring,Race circuit,Kimi Räikkönen,7,29,14165,2001-03-04,6356,HUN,FIN,ITA,0,0,77526.0,77678.0,-152.0,5.0
2018,2018-07-29,1989-08-28,Mercedes,Hungaroring,Race circuit,Valtteri Bottas,7,29,10562,2013-03-17,1960,HUN,FIN,DEU,0,0,77123.0,77678.0,-554.0,3.0
2018,2018-07-29,1996-02-07,Toro Rosso,Hungaroring,Race circuit,Pierre Gasly,7,29,8208,2017-10-01,301,HUN,FRA,ITA,0,0,78577.0,77678.0,900.0,10.0
2018,2018-07-29,1992-10-05,Haas F1 Team,Hungaroring,Race circuit,Kevin Magnussen,7,29,9428,2014-03-16,1596,HUN,DNK,USA,0,0,78314.0,77678.0,636.0,8.0
2018,2018-07-29,1994-09-01,Renault,Hungaroring,Race circuit,Carlos Sainz,7,29,8732,2015-03-15,1232,HUN,ESP,FRA,0,0,77829.0,77678.0,152.0,6.0
2018,2018-07-29,1986-04-17,Haas F1 Team,Hungaroring,Race circuit,Romain Grosjean,7,29,11791,2009-08-23,3262,HUN,FRA,USA,0,0,77901.0,77678.0,224.0,7.0
2018,2018-07-29,1989-11-10,Toro Rosso,Hungaroring,Race circuit,Brendon Hartley,7,29,10488,2017-10-22,280,HUN,NZL,ITA,0,0,78429.0,77678.0,752.0,9.0
2018,2018-07-29,1997-09-30,Red Bull,Hungaroring,Race circuit,Max Verstappen,7,29,7607,2015-03-15,1232,HUN,NLD,AUT,0,0,76940.0,77678.0,-738.0,2.0
2018,2018-08-26,1987-07-03,Ferrari,Circuit de Spa-Francorchamps,Race circuit,Sebastian Vettel,8,26,11377,2007-06-17,4088,BEL,DEU,ITA,0,0,101501.0,103014.0,-1513.0,1.0
2018,2018-08-26,1985-01-07,Mercedes,Circuit de Spa-Francorchamps,Race circuit,Lewis Hamilton,8,26,12284,2007-03-18,4179,BEL,GBR,DEU,0,0,101553.0,103014.0,-1461.0,3.0
2018,2018-08-26,1997-09-30,Red Bull,Circuit de Spa-Francorchamps,Race circuit,Max Verstappen,8,26,7635,2015-03-15,1260,BEL,NLD,AUT,0,0,102554.0,103014.0,-460.0,4.0
2018,2018-08-26,1990-01-26,Force India,Circuit de Spa-Francorchamps,Race circuit,Sergio Pérez,8,26,10439,2011-03-27,2709,BEL,MEX,IND,0,0,103014.0,103014.0,0.0,5.0
2018,2018-08-26,1996-09-17,Force India,Circuit de Spa-Francorchamps,Race circuit,Esteban Ocon,8,26,8013,2016-08-28,728,BEL,FRA,IND,0,0,103302.0,103014.0,288.0,8.0
2018,2018-08-26,1986-04-17,Haas F1 Team,Circuit de Spa-Francorchamps,Race circuit,Romain Grosjean,8,26,11819,2009-08-23,3290,BEL,FRA,USA,0,0,103042.0,103014.0,28.0,6.0
2018,2018-08-26,1992-10-05,Haas F1 Team,Circuit de Spa-Francorchamps,Race circuit,Kevin Magnussen,8,26,9456,2014-03-16,1624,BEL,DNK,USA,0,0,103320.0,103014.0,306.0,9.0
2018,2018-08-26,1989-07-01,Red Bull,Circuit de Spa-Francorchamps,Race circuit,Daniel Ricciardo,8,26,10648,2011-07-10,2604,BEL,AUS,AUT,0,0,103126.0,103014.0,112.0,7.0
2018,2018-08-26,1979-10-17,Ferrari,Circuit de Spa-Francorchamps,Race circuit,Kimi Räikkönen,8,26,14193,2001-03-04,6384,BEL,FIN,ITA,0,0,101533.0,103014.0,-1481.0,2.0
2018,2018-09-02,1985-01-07,Mercedes,Autodromo Nazionale di Monza,Race circuit,Lewis Hamilton,9,2,12291,2007-03-18,4186,ITA,GBR,DEU,0,0,79294.0,80634.0,-1340.0,3.0
2018,2018-09-02,1979-10-17,Ferrari,Autodromo Nazionale di Monza,Race circuit,Kimi Räikkönen,9,2,14200,2001-03-04,6391,ITA,FIN,ITA,0,1,79119.0,80634.0,-1516.0,1.0
2018,2018-09-02,1989-08-28,Mercedes,Autodromo Nazionale di Monza,Race circuit,Valtteri Bottas,9,2,10597,2013-03-17,1995,ITA,FIN,DEU,0,0,79656.0,80634.0,-978.0,4.0
2018,2018-09-02,1987-07-03,Ferrari,Autodromo Nazionale di Monza,Race circuit,Sebastian Vettel,9,2,11384,2007-06-17,4095,ITA,DEU,ITA,0,1,79280.0,80634.0,-1354.0,2.0
2018,2018-09-02,1997-09-30,Red Bull,Autodromo Nazionale di Monza,Race circuit,Max Verstappen,9,2,7642,2015-03-15,1267,ITA,NLD,AUT,0,0,80333.0,80634.0,-302.0,5.0
2018,2018-09-02,1996-09-17,Force India,Autodromo Nazionale di Monza,Race circuit,Esteban Ocon,9,2,8020,2016-08-28,735,ITA,FRA,IND,0,0,81099.0,80634.0,464.0,8.0
2018,2018-09-02,1994-09-01,Renault,Autodromo Nazionale di Monza,Race circuit,Carlos Sainz,9,2,8767,2015-03-15,1267,ITA,ESP,FRA,0,0,81041.0,80634.0,406.0,7.0
2018,2018-09-02,1998-10-29,Williams,Autodromo Nazionale di Monza,Race circuit,Lance Stroll,9,2,7248,2017-03-26,525,ITA,CAN,GBR,0,0,81494.0,80634.0,860.0,10.0
2018,2018-09-02,1996-02-07,Toro Rosso,Autodromo Nazionale di Monza,Race circuit,Pierre Gasly,9,2,8243,2017-10-01,336,ITA,FRA,ITA,0,1,81350.0,80634.0,716.0,9.0
2018,2018-09-02,1986-04-17,Haas F1 Team,Autodromo Nazionale di Monza,Race circuit,Romain Grosjean,9,2,11826,2009-08-23,3297,ITA,FRA,USA,0,0,80936.0,80634.0,302.0,6.0
2018,2018-09-16,1985-01-07,Mercedes,Marina Bay Street Circuit,Street circuit,Lewis Hamilton,9,16,12305,2007-03-18,4200,SGP,GBR,DEU,0,0,96015.0,96895.0,-880.0,1.0
2018,2018-09-16,1997-09-30,Red Bull,Marina Bay Street Circuit,Street circuit,Max Verstappen,9,16,7656,2015-03-15,1281,SGP,NLD,AUT,0,0,96334.0,96895.0,-561.0,2.0
2018,2018-09-16,1987-07-03,Ferrari,Marina Bay Street Circuit,Street circuit,Sebastian Vettel,9,16,11398,2007-06-17,4109,SGP,DEU,ITA,0,0,96628.0,96895.0,-267.0,3.0
2018,2018-09-16,1989-08-28,Mercedes,Marina Bay Street Circuit,Street circuit,Valtteri Bottas,9,16,10611,2013-03-17,2009,SGP,FIN,DEU,0,0,96702.0,96895.0,-193.0,4.0
2018,2018-09-16,1979-10-17,Ferrari,Marina Bay Street Circuit,Street circuit,Kimi Räikkönen,9,16,14214,2001-03-04,6405,SGP,FIN,ITA,0,0,96794.0,96895.0,-101.0,5.0
2018,2018-09-16,1989-07-01,Red Bull,Marina Bay Street Circuit,Street circuit,Daniel Ricciardo,9,16,10669,2011-07-10,2625,SGP,AUS,AUT,0,0,96996.0,96895.0,101.0,6.0
2018,2018-09-16,1987-08-19,Renault,Marina Bay Street Circuit,Street circuit,Nico Hülkenberg,9,16,11351,2010-03-14,3108,SGP,DEU,FRA,0,0,98450.0,96895.0,1555.0,10.0
2018,2018-09-16,1986-04-17,Haas F1 Team,Marina Bay Street Circuit,Street circuit,Romain Grosjean,9,16,11840,2009-08-23,3311,SGP,FRA,USA,0,0,98320.0,96895.0,1425.0,8.0
2018,2018-09-16,1990-01-26,Force India,Marina Bay Street Circuit,Street circuit,Sergio Pérez,9,16,10460,2011-03-27,2730,SGP,MEX,IND,0,0,97985.0,96895.0,1090.0,7.0
2018,2018-09-16,1996-09-17,Force India,Marina Bay Street Circuit,Street circuit,Esteban Ocon,9,16,8034,2016-08-28,749,SGP,FRA,IND,0,0,98365.0,96895.0,1470.0,9.0
2018,2018-09-30,1985-01-07,Mercedes,Sochi Autodrom,Race circuit,Lewis Hamilton,9,30,12319,2007-03-18,4214,RUS,GBR,DEU,0,0,91532.0,93297.0,-1765.0,2.0
2018,2018-09-30,1989-08-28,Mercedes,Sochi Autodrom,Race circuit,Valtteri Bottas,9,30,10625,2013-03-17,2023,RUS,FIN,DEU,0,0,91387.0,93297.0,-1910.0,1.0
2018,2018-09-30,1987-07-03,Ferrari,Sochi Autodrom,Race circuit,Sebastian Vettel,9,30,11412,2007-06-17,4123,RUS,DEU,ITA,0,0,91943.0,93297.0,-1354.0,3.0
2018,2018-09-30,1979-10-17,Ferrari,Sochi Autodrom,Race circuit,Kimi Räikkönen,9,30,14228,2001-03-04,6419,RUS,FIN,ITA,0,0,92237.0,93297.0,-1060.0,4.0
2018,2018-09-30,1997-10-16,Sauber,Sochi Autodrom,Race circuit,Charles Leclerc,9,30,7654,2018-03-25,189,RUS,MCO,CHE,0,0,93419.0,93297.0,122.0,7.0
2018,2018-09-30,1992-10-05,Haas F1 Team,Sochi Autodrom,Race circuit,Kevin Magnussen,9,30,9491,2014-03-16,1659,RUS,DNK,USA,0,0,93181.0,93297.0,-116.0,5.0
2018,2018-09-30,1996-09-17,Force India,Sochi Autodrom,Race circuit,Esteban Ocon,9,30,8048,2016-08-28,763,RUS,FRA,IND,0,0,93413.0,93297.0,116.0,6.0
2018,2018-09-30,1990-01-26,Force India,Sochi Autodrom,Race circuit,Sergio Pérez,9,30,10474,2011-03-27,2744,RUS,MEX,IND,0,0,93563.0,93297.0,266.0,9.0
2018,2018-09-30,1986-04-17,Haas F1 Team,Sochi Autodrom,Race circuit,Romain Grosjean,9,30,11854,2009-08-23,3325,RUS,FRA,USA,0,0,93517.0,93297.0,220.0,8.0
2018,2018-09-30,1990-09-02,Sauber,Sochi Autodrom,Race circuit,Marcus Ericsson,9,30,10255,2014-03-16,1659,RUS,SWE,CHE,0,0,93995.0,93297.0,698.0,10.0
2018,2018-10-07,1985-01-07,Mercedes,Suzuka Circuit,Race circuit,Lewis Hamilton,10,7,12326,2007-03-18,4221,JPN,GBR,DEU,0,0,87760.0,89194.0,-1434.0,1.0
2018,2018-10-07,1989-08-28,Mercedes,Suzuka Circuit,Race circuit,Valtteri Bottas,10,7,10632,2013-03-17,2030,JPN,FIN,DEU,0,0,87987.0,89194.0,-1206.0,2.0
2018,2018-10-07,1997-09-30,Red Bull,Suzuka Circuit,Race circuit,Max Verstappen,10,7,7677,2015-03-15,1302,JPN,NLD,AUT,0,0,88849.0,89194.0,-344.0,5.0
2018,2018-10-07,1979-10-17,Ferrari,Suzuka Circuit,Race circuit,Kimi Räikkönen,10,7,14235,2001-03-04,6426,JPN,FIN,ITA,0,0,88595.0,89194.0,-598.0,4.0
2018,2018-10-07,1987-07-03,Ferrari,Suzuka Circuit,Race circuit,Sebastian Vettel,10,7,11419,2007-06-17,4130,JPN,DEU,ITA,0,0,88279.0,89194.0,-914.0,3.0
2018,2018-10-07,1990-01-26,Force India,Suzuka Circuit,Race circuit,Sergio Pérez,10,7,10481,2011-03-27,2751,JPN,MEX,IND,0,0,89567.0,89194.0,374.0,7.0
2018,2018-10-07,1986-04-17,Haas F1 Team,Suzuka Circuit,Race circuit,Romain Grosjean,10,7,11861,2009-08-23,3332,JPN,FRA,USA,0,0,89678.0,89194.0,484.0,8.0
2018,2018-10-07,1996-09-17,Force India,Suzuka Circuit,Race circuit,Esteban Ocon,10,7,8055,2016-08-28,770,JPN,FRA,IND,0,0,89538.0,89194.0,344.0,6.0
2018,2018-10-07,1996-02-07,Toro Rosso,Suzuka Circuit,Race circuit,Pierre Gasly,10,7,8278,2017-10-01,371,JPN,FRA,ITA,0,0,89810.0,89194.0,616.0,9.0
2018,2018-10-07,1989-11-10,Toro Rosso,Suzuka Circuit,Race circuit,Brendon Hartley,10,7,10558,2017-10-22,350,JPN,NZL,ITA,0,0,89848.0,89194.0,654.0,10.0
2018,2018-10-21,1979-10-17,Ferrari,Circuit of the Americas,Race circuit,Kimi Räikkönen,10,21,14249,2001-03-04,6440,USA,FIN,ITA,0,0,92307.0,93820.0,-1512.0,3.0
2018,2018-10-21,1985-01-07,Mercedes,Circuit of the Americas,Race circuit,Lewis Hamilton,10,21,12340,2007-03-18,4235,USA,GBR,DEU,0,0,92237.0,93820.0,-1582.0,1.0
2018,2018-10-21,1987-07-03,Ferrari,Circuit of the Americas,Race circuit,Sebastian Vettel,10,21,11433,2007-06-17,4144,USA,DEU,ITA,0,0,92298.0,93820.0,-1522.0,2.0
2018,2018-10-21,1989-08-28,Mercedes,Circuit of the Americas,Race circuit,Valtteri Bottas,10,21,10646,2013-03-17,2044,USA,FIN,DEU,0,0,92616.0,93820.0,-1204.0,4.0
2018,2018-10-21,1987-08-19,Renault,Circuit of the Americas,Race circuit,Nico Hülkenberg,10,21,11386,2010-03-14,3143,USA,DEU,FRA,0,0,94215.0,93820.0,396.0,7.0
2018,2018-10-21,1990-01-26,Force India,Circuit of the Americas,Race circuit,Sergio Pérez,10,21,10495,2011-03-27,2765,USA,MEX,IND,0,0,94525.0,93820.0,706.0,10.0
2018,2018-10-21,1997-10-16,Sauber,Circuit of the Americas,Race circuit,Charles Leclerc,10,21,7675,2018-03-25,210,USA,MCO,CHE,0,0,94255.0,93820.0,436.0,9.0
2018,2018-10-21,1989-07-01,Red Bull,Circuit of the Americas,Race circuit,Daniel Ricciardo,10,21,10704,2011-07-10,2660,USA,AUS,AUT,0,0,93494.0,93820.0,-326.0,5.0
2018,2018-10-21,1986-04-17,Haas F1 Team,Circuit of the Americas,Race circuit,Romain Grosjean,10,21,11875,2009-08-23,3346,USA,FRA,USA,0,1,94250.0,93820.0,430.0,8.0
2018,2018-10-21,1996-09-17,Force India,Circuit of the Americas,Race circuit,Esteban Ocon,10,21,8069,2016-08-28,784,USA,FRA,IND,0,0,94145.0,93820.0,326.0,6.0
2018,2018-10-28,1997-09-30,Red Bull,Autódromo Hermanos Rodríguez,Race circuit,Max Verstappen,10,28,7698,2015-03-15,1323,MEX,NLD,AUT,0,0,74785.0,75245.0,-460.0,2.0
2018,2018-10-28,1987-07-03,Ferrari,Autódromo Hermanos Rodríguez,Race circuit,Sebastian Vettel,10,28,11440,2007-06-17,4151,MEX,DEU,ITA,0,0,74970.0,75245.0,-275.0,4.0
2018,2018-10-28,1979-10-17,Ferrari,Autódromo Hermanos Rodríguez,Race circuit,Kimi Räikkönen,10,28,14256,2001-03-04,6447,MEX,FIN,ITA,0,0,75330.0,75245.0,85.0,6.0
2018,2018-10-28,1985-01-07,Mercedes,Autódromo Hermanos Rodríguez,Race circuit,Lewis Hamilton,10,28,12347,2007-03-18,4242,MEX,GBR,DEU,0,0,74894.0,75245.0,-351.0,3.0
2018,2018-10-28,1989-08-28,Mercedes,Autódromo Hermanos Rodríguez,Race circuit,Valtteri Bottas,10,28,10653,2013-03-17,2051,MEX,FIN,DEU,0,0,75160.0,75245.0,-85.0,5.0
2018,2018-10-28,1987-08-19,Renault,Autódromo Hermanos Rodríguez,Race circuit,Nico Hülkenberg,10,28,11393,2010-03-14,3150,MEX,DEU,FRA,0,0,75827.0,75245.0,582.0,7.0
2018,2018-10-28,1997-10-16,Sauber,Autódromo Hermanos Rodríguez,Race circuit,Charles Leclerc,10,28,7682,2018-03-25,217,MEX,MCO,CHE,0,0,76189.0,75245.0,944.0,9.0
2018,2018-10-28,1990-09-02,Sauber,Autódromo Hermanos Rodríguez,Race circuit,Marcus Ericsson,10,28,10283,2014-03-16,1687,MEX,SWE,CHE,0,0,76513.0,75245.0,1268.0,10.0
2018,2018-10-28,1989-07-01,Red Bull,Autódromo Hermanos Rodríguez,Race circuit,Daniel Ricciardo,10,28,10711,2011-07-10,2667,MEX,AUS,AUT,0,0,74759.0,75245.0,-486.0,1.0
2018,2018-10-28,1994-09-01,Renault,Autódromo Hermanos Rodríguez,Race circuit,Carlos Sainz,10,28,8823,2015-03-15,1323,MEX,ESP,FRA,0,0,76084.0,75245.0,839.0,8.0
2018,2018-11-11,1985-01-07,Mercedes,Autódromo José Carlos Pace,Race circuit,Lewis Hamilton,11,11,12361,2007-03-18,4256,BRA,GBR,DEU,0,0,67281.0,67779.0,-498.0,1.0
2018,2018-11-11,1997-09-30,Red Bull,Autódromo José Carlos Pace,Race circuit,Max Verstappen,11,11,7712,2015-03-15,1337,BRA,NLD,AUT,0,0,67778.0,67779.0,-1.0,5.0
2018,2018-11-11,1979-10-17,Ferrari,Autódromo José Carlos Pace,Race circuit,Kimi Räikkönen,11,11,14270,2001-03-04,6461,BRA,FIN,ITA,0,0,67456.0,67779.0,-323.0,4.0
2018,2018-11-11,1989-07-01,Red Bull,Autódromo José Carlos Pace,Race circuit,Daniel Ricciardo,11,11,10725,2011-07-10,2681,BRA,AUS,AUT,0,0,67780.0,67779.0,1.0,6.0
2018,2018-11-11,1989-08-28,Mercedes,Autódromo José Carlos Pace,Race circuit,Valtteri Bottas,11,11,10667,2013-03-17,2065,BRA,FIN,DEU,0,0,67441.0,67779.0,-338.0,3.0
2018,2018-11-11,1987-07-03,Ferrari,Autódromo José Carlos Pace,Race circuit,Sebastian Vettel,11,11,11454,2007-06-17,4165,BRA,DEU,ITA,0,0,67374.0,67779.0,-405.0,2.0
2018,2018-11-11,1997-10-16,Sauber,Autódromo José Carlos Pace,Race circuit,Charles Leclerc,11,11,7696,2018-03-25,231,BRA,MCO,CHE,0,0,68335.0,67779.0,556.0,9.0
2018,2018-11-11,1986-04-17,Haas F1 Team,Autódromo José Carlos Pace,Race circuit,Romain Grosjean,11,11,11896,2009-08-23,3367,BRA,FRA,USA,0,0,68239.0,67779.0,460.0,7.0
2018,2018-11-11,1996-02-07,Toro Rosso,Autódromo José Carlos Pace,Race circuit,Pierre Gasly,11,11,8313,2017-10-01,406,BRA,FRA,ITA,0,0,68616.0,67779.0,837.0,10.0
2018,2018-11-11,1990-09-02,Sauber,Autódromo José Carlos Pace,Race circuit,Marcus Ericsson,11,11,10297,2014-03-16,1701,BRA,SWE,CHE,0,0,68296.0,67779.0,517.0,8.0
2018,2018-11-25,1985-01-07,Mercedes,Yas Marina Circuit,Race circuit,Lewis Hamilton,11,25,12375,2007-03-18,4270,ARE,GBR,DEU,0,0,94794.0,95495.0,-701.0,1.0
2018,2018-11-25,1987-07-03,Ferrari,Yas Marina Circuit,Race circuit,Sebastian Vettel,11,25,11468,2007-06-17,4179,ARE,DEU,ITA,0,0,95125.0,95495.0,-370.0,3.0
2018,2018-11-25,1997-09-30,Red Bull,Yas Marina Circuit,Race circuit,Max Verstappen,11,25,7726,2015-03-15,1351,ARE,NLD,AUT,0,0,95589.0,95495.0,94.0,6.0
2018,2018-11-25,1989-07-01,Red Bull,Yas Marina Circuit,Race circuit,Daniel Ricciardo,11,25,10739,2011-07-10,2695,ARE,AUS,AUT,0,0,95401.0,95495.0,-94.0,5.0
2018,2018-11-25,1989-08-28,Mercedes,Yas Marina Circuit,Race circuit,Valtteri Bottas,11,25,10681,2013-03-17,2079,ARE,FIN,DEU,0,0,94956.0,95495.0,-539.0,2.0
2018,2018-11-25,1997-10-16,Sauber,Yas Marina Circuit,Race circuit,Charles Leclerc,11,25,7710,2018-03-25,245,ARE,MCO,CHE,0,0,96237.0,95495.0,742.0,8.0
2018,2018-11-25,1986-04-17,Haas F1 Team,Yas Marina Circuit,Race circuit,Romain Grosjean,11,25,11910,2009-08-23,3381,ARE,FRA,USA,0,0,96192.0,95495.0,697.0,7.0
2018,2018-11-25,1996-09-17,Force India,Yas Marina Circuit,Race circuit,Esteban Ocon,11,25,8104,2016-08-28,819,ARE,FRA,IND,0,0,96540.0,95495.0,1045.0,9.0
2018,2018-11-25,1979-10-17,Ferrari,Yas Marina Circuit,Race circuit,Kimi Räikkönen,11,25,14284,2001-03-04,6475,ARE,FIN,ITA,0,0,95365.0,95495.0,-130.0,4.0
2018,2018-11-25,1987-08-19,Renault,Yas Marina Circuit,Race circuit,Nico Hülkenberg,11,25,11421,2010-03-14,3178,ARE,DEU,FRA,0,0,96542.0,95495.0,1047.0,10.0
2019,2019-03-17,1989-08-28,Mercedes,Albert Park Grand Prix Circuit,Street circuit,Valtteri Bottas,3,17,10793,2013-03-17,2191,AUS,FIN,DEU,0,0,80598.0,81634.0,-1036.0,2.0
2019,2019-03-17,1985-01-07,Mercedes,Albert Park Grand Prix Circuit,Street circuit,Lewis Hamilton,3,17,12487,2007-03-18,4382,AUS,GBR,DEU,0,0,80486.0,81634.0,-1148.0,1.0
2019,2019-03-17,1997-09-30,Red Bull,Albert Park Grand Prix Circuit,Street circuit,Max Verstappen,3,17,7838,2015-03-15,1463,AUS,NLD,AUT,0,0,81320.0,81634.0,-314.0,4.0
2019,2019-03-17,1987-07-03,Ferrari,Albert Park Grand Prix Circuit,Street circuit,Sebastian Vettel,3,17,11580,2007-06-17,4291,AUS,DEU,ITA,0,0,81190.0,81634.0,-444.0,3.0
2019,2019-03-17,1997-10-16,Ferrari,Albert Park Grand Prix Circuit,Street circuit,Charles Leclerc,3,17,7822,2018-03-25,357,AUS,MCO,ITA,0,0,81442.0,81634.0,-192.0,5.0
2019,2019-03-17,1992-10-05,Haas F1 Team,Albert Park Grand Prix Circuit,Street circuit,Kevin Magnussen,3,17,9659,2014-03-16,1827,AUS,DNK,USA,0,0,82099.0,81634.0,465.0,7.0
2019,2019-03-17,1979-10-17,Alfa Romeo,Albert Park Grand Prix Circuit,Street circuit,Kimi Räikkönen,3,17,14396,2001-03-04,6587,AUS,FIN,CHE,0,0,82314.0,81634.0,680.0,9.0
2019,2019-03-17,1999-11-13,McLaren,Albert Park Grand Prix Circuit,Street circuit,Lando Norris,3,17,7064,2019-03-17,0,AUS,GBR,GBR,0,0,82304.0,81634.0,670.0,8.0
2019,2019-03-17,1990-01-26,Racing Point,Albert Park Grand Prix Circuit,Street circuit,Sergio Pérez,3,17,10642,2011-03-27,2912,AUS,MEX,GBR,0,0,82532.0,81634.0,898.0,10.0
2019,2019-03-17,1986-04-17,Haas F1 Team,Albert Park Grand Prix Circuit,Street circuit,Romain Grosjean,3,17,12022,2009-08-23,3493,AUS,FRA,USA,0,0,81826.0,81634.0,192.0,6.0
2019,2019-03-31,1985-01-07,Mercedes,Bahrain International Circuit,Race circuit,Lewis Hamilton,3,31,12501,2007-03-18,4396,BHR,GBR,DEU,0,0,88190.0,88754.0,-564.0,3.0
2019,2019-03-31,1989-08-28,Mercedes,Bahrain International Circuit,Race circuit,Valtteri Bottas,3,31,10807,2013-03-17,2205,BHR,FIN,DEU,0,0,88256.0,88754.0,-498.0,4.0
2019,2019-03-31,1997-10-16,Ferrari,Bahrain International Circuit,Race circuit,Charles Leclerc,3,31,7836,2018-03-25,371,BHR,MCO,ITA,0,0,87866.0,88754.0,-888.0,1.0
2019,2019-03-31,1997-09-30,Red Bull,Bahrain International Circuit,Race circuit,Max Verstappen,3,31,7852,2015-03-15,1477,BHR,NLD,AUT,0,0,88752.0,88754.0,-2.0,5.0
2019,2019-03-31,1987-07-03,Ferrari,Bahrain International Circuit,Race circuit,Sebastian Vettel,3,31,11594,2007-06-17,4305,BHR,DEU,ITA,0,0,88160.0,88754.0,-594.0,2.0
2019,2019-03-31,1999-11-13,McLaren,Bahrain International Circuit,Race circuit,Lando Norris,3,31,7078,2019-03-17,14,BHR,GBR,GBR,0,0,89043.0,88754.0,288.0,10.0
2019,2019-03-31,1979-10-17,Alfa Romeo,Bahrain International Circuit,Race circuit,Kimi Räikkönen,3,31,14410,2001-03-04,6601,BHR,FIN,CHE,0,0,89022.0,88754.0,268.0,9.0
2019,2019-03-31,1992-10-05,Haas F1 Team,Bahrain International Circuit,Race circuit,Kevin Magnussen,3,31,9673,2014-03-16,1841,BHR,DNK,USA,0,0,88757.0,88754.0,2.0,6.0
2019,2019-03-31,1994-09-01,McLaren,Bahrain International Circuit,Race circuit,Carlos Sainz,3,31,8977,2015-03-15,1477,BHR,ESP,GBR,0,0,88813.0,88754.0,58.0,7.0
2019,2019-03-31,1986-04-17,Haas F1 Team,Bahrain International Circuit,Race circuit,Romain Grosjean,3,31,12036,2009-08-23,3507,BHR,FRA,USA,0,0,89015.0,88754.0,260.0,8.0
2019,2019-04-14,1985-01-07,Mercedes,Shanghai International Circuit,Race circuit,Lewis Hamilton,4,14,12515,2007-03-18,4410,CHN,GBR,DEU,0,0,91570.0,91977.0,-407.0,2.0
2019,2019-04-14,1989-08-28,Mercedes,Shanghai International Circuit,Race circuit,Valtteri Bottas,4,14,10821,2013-03-17,2219,CHN,FIN,DEU,0,0,91547.0,91977.0,-430.0,1.0
2019,2019-04-14,1987-07-03,Ferrari,Shanghai International Circuit,Race circuit,Sebastian Vettel,4,14,11608,2007-06-17,4319,CHN,DEU,ITA,0,0,91848.0,91977.0,-129.0,3.0
2019,2019-04-14,1997-09-30,Red Bull,Shanghai International Circuit,Race circuit,Max Verstappen,4,14,7866,2015-03-15,1491,CHN,NLD,AUT,0,0,92089.0,91977.0,112.0,5.0
2019,2019-04-14,1997-10-16,Ferrari,Shanghai International Circuit,Race circuit,Charles Leclerc,4,14,7850,2018-03-25,385,CHN,MCO,ITA,0,0,91865.0,91977.0,-112.0,4.0
2019,2019-04-14,1996-02-07,Red Bull,Shanghai International Circuit,Race circuit,Pierre Gasly,4,14,8467,2017-10-01,560,CHN,FRA,AUT,0,0,92930.0,91977.0,953.0,6.0
2019,2019-04-14,1989-07-01,Renault,Shanghai International Circuit,Race circuit,Daniel Ricciardo,4,14,10879,2011-07-10,2835,CHN,AUS,FRA,0,0,92958.0,91977.0,981.0,7.0
2019,2019-04-14,1987-08-19,Renault,Shanghai International Circuit,Race circuit,Nico Hülkenberg,4,14,11561,2010-03-14,3318,CHN,DEU,FRA,0,0,92962.0,91977.0,985.0,8.0
2019,2019-04-28,1989-08-28,Mercedes,Baku City Circuit,Street circuit,Valtteri Bottas,4,28,10835,2013-03-17,2233,AZE,FIN,DEU,0,0,100495.0,101331.0,-836.0,1.0
2019,2019-04-28,1985-01-07,Mercedes,Baku City Circuit,Street circuit,Lewis Hamilton,4,28,12529,2007-03-18,4424,AZE,GBR,DEU,0,0,100554.0,101331.0,-777.0,2.0
2019,2019-04-28,1987-07-03,Ferrari,Baku City Circuit,Street circuit,Sebastian Vettel,4,28,11622,2007-06-17,4333,AZE,DEU,ITA,0,0,100797.0,101331.0,-534.0,3.0
2019,2019-04-28,1997-09-30,Red Bull,Baku City Circuit,Street circuit,Max Verstappen,4,28,7880,2015-03-15,1505,AZE,NLD,AUT,0,0,101069.0,101331.0,-262.0,4.0
2019,2019-04-28,1990-01-26,Racing Point,Baku City Circuit,Street circuit,Sergio Pérez,4,28,10684,2011-03-27,2954,AZE,MEX,GBR,0,0,101593.0,101331.0,262.0,5.0
2019,2019-04-28,1999-11-13,McLaren,Baku City Circuit,Street circuit,Lando Norris,4,28,7106,2019-03-17,42,AZE,GBR,GBR,0,0,101886.0,101331.0,555.0,7.0
2019,2019-04-28,1993-12-14,Alfa Romeo,Baku City Circuit,Street circuit,Antonio Giovinazzi,4,28,9266,2017-03-26,763,AZE,ITA,CHE,0,0,102140.0,101331.0,809.0,8.0
2019,2019-04-28,1994-04-26,Toro Rosso,Baku City Circuit,Street circuit,Daniil Kvyat,4,28,9133,2014-03-16,1869,AZE,RUS,ITA,0,0,101681.0,101331.0,350.0,6.0
2019,2019-05-12,1985-01-07,Mercedes,Circuit de Barcelona-Catalunya,Race circuit,Lewis Hamilton,5,12,12543,2007-03-18,4438,ESP,GBR,DEU,0,0,76038.0,76648.0,-610.0,2.0
2019,2019-05-12,1989-08-28,Mercedes,Circuit de Barcelona-Catalunya,Race circuit,Valtteri Bottas,5,12,10849,2013-03-17,2247,ESP,FIN,DEU,0,0,75406.0,76648.0,-1242.0,1.0
2019,2019-05-12,1997-09-30,Red Bull,Circuit de Barcelona-Catalunya,Race circuit,Max Verstappen,5,12,7894,2015-03-15,1519,ESP,NLD,AUT,0,0,76357.0,76648.0,-291.0,4.0
2019,2019-05-12,1987-07-03,Ferrari,Circuit de Barcelona-Catalunya,Race circuit,Sebastian Vettel,5,12,11636,2007-06-17,4347,ESP,DEU,ITA,0,0,76272.0,76648.0,-376.0,3.0
2019,2019-05-12,1997-10-16,Ferrari,Circuit de Barcelona-Catalunya,Race circuit,Charles Leclerc,5,12,7878,2018-03-25,413,ESP,MCO,ITA,0,0,76588.0,76648.0,-60.0,5.0
2019,2019-05-12,1996-02-07,Red Bull,Circuit de Barcelona-Catalunya,Race circuit,Pierre Gasly,5,12,8495,2017-10-01,588,ESP,FRA,AUT,0,0,76708.0,76648.0,60.0,6.0
2019,2019-05-12,1992-10-05,Haas F1 Team,Circuit de Barcelona-Catalunya,Race circuit,Kevin Magnussen,5,12,9715,2014-03-16,1883,ESP,DNK,USA,0,0,76922.0,76648.0,274.0,8.0
2019,2019-05-12,1994-04-26,Toro Rosso,Circuit de Barcelona-Catalunya,Race circuit,Daniil Kvyat,5,12,9147,2014-03-16,1883,ESP,RUS,ITA,0,0,77243.0,76648.0,595.0,9.0
2019,2019-05-12,1986-04-17,Haas F1 Team,Circuit de Barcelona-Catalunya,Race circuit,Romain Grosjean,5,12,12078,2009-08-23,3549,ESP,FRA,USA,0,0,76911.0,76648.0,263.0,7.0
2019,2019-05-12,1989-07-01,Renault,Circuit de Barcelona-Catalunya,Race circuit,Daniel Ricciardo,5,12,10907,2011-07-10,2863,ESP,AUS,FRA,0,0,77299.0,76648.0,651.0,10.0
2019,2019-05-26,1985-01-07,Mercedes,Circuit de Monaco,Street circuit,Lewis Hamilton,5,26,12557,2007-03-18,4452,MCO,GBR,DEU,0,0,70166.0,71075.0,-909.0,1.0
2019,2019-05-26,1987-07-03,Ferrari,Circuit de Monaco,Street circuit,Sebastian Vettel,5,26,11650,2007-06-17,4361,MCO,DEU,ITA,0,0,70947.0,71075.0,-128.0,4.0
2019,2019-05-26,1989-08-28,Mercedes,Circuit de Monaco,Street circuit,Valtteri Bottas,5,26,10863,2013-03-17,2261,MCO,FIN,DEU,0,0,70252.0,71075.0,-823.0,2.0
2019,2019-05-26,1997-09-30,Red Bull,Circuit de Monaco,Street circuit,Max Verstappen,5,26,7908,2015-03-15,1533,MCO,NLD,AUT,0,0,70618.0,71075.0,-457.0,3.0
2019,2019-05-26,1996-02-07,Red Bull,Circuit de Monaco,Street circuit,Pierre Gasly,5,26,8509,2017-10-01,602,MCO,FRA,AUT,0,0,71041.0,71075.0,-34.0,5.0
2019,2019-05-26,1994-09-01,McLaren,Circuit de Monaco,Street circuit,Carlos Sainz,5,26,9033,2015-03-15,1533,MCO,ESP,GBR,0,0,71417.0,71075.0,342.0,9.0
2019,2019-05-26,1994-04-26,Toro Rosso,Circuit de Monaco,Street circuit,Daniil Kvyat,5,26,9161,2014-03-16,1897,MCO,RUS,ITA,0,0,71271.0,71075.0,196.0,8.0
2019,2019-05-26,1996-03-23,Toro Rosso,Circuit de Monaco,Street circuit,Alexander Albon,5,26,8464,2019-03-17,70,MCO,THA,ITA,0,0,71429.0,71075.0,354.0,10.0
2019,2019-05-26,1989-07-01,Renault,Circuit de Monaco,Street circuit,Daniel Ricciardo,5,26,10921,2011-07-10,2877,MCO,AUS,FRA,0,0,71218.0,71075.0,143.0,7.0
2019,2019-05-26,1992-10-05,Haas F1 Team,Circuit de Monaco,Street circuit,Kevin Magnussen,5,26,9729,2014-03-16,1897,MCO,DNK,USA,0,0,71109.0,71075.0,34.0,6.0
2019,2019-06-09,1985-01-07,Mercedes,Circuit Gilles Villeneuve,Street circuit,Lewis Hamilton,6,9,12571,2007-03-18,4466,CAN,GBR,DEU,0,0,70446.0,71079.0,-633.0,2.0
2019,2019-06-09,1987-07-03,Ferrari,Circuit Gilles Villeneuve,Street circuit,Sebastian Vettel,6,9,11664,2007-06-17,4375,CAN,DEU,ITA,0,0,70240.0,71079.0,-839.0,1.0
2019,2019-06-09,1997-10-16,Ferrari,Circuit Gilles Villeneuve,Street circuit,Charles Leclerc,6,9,7906,2018-03-25,441,CAN,MCO,ITA,0,0,70920.0,71079.0,-159.0,3.0
2019,2019-06-09,1989-08-28,Mercedes,Circuit Gilles Villeneuve,Street circuit,Valtteri Bottas,6,9,10877,2013-03-17,2275,CAN,FIN,DEU,0,0,71095.0,71079.0,16.0,6.0
2019,2019-06-09,1989-07-01,Renault,Circuit Gilles Villeneuve,Street circuit,Daniel Ricciardo,6,9,10935,2011-07-10,2891,CAN,AUS,FRA,0,0,71071.0,71079.0,-8.0,4.0
2019,2019-06-09,1987-08-19,Renault,Circuit Gilles Villeneuve,Street circuit,Nico Hülkenberg,6,9,11617,2010-03-14,3374,CAN,DEU,FRA,0,0,71324.0,71079.0,245.0,7.0
2019,2019-06-09,1996-02-07,Red Bull,Circuit Gilles Villeneuve,Street circuit,Pierre Gasly,6,9,8523,2017-10-01,616,CAN,FRA,AUT,0,0,71079.0,71079.0,0.0,5.0
2019,2019-06-09,1994-09-01,McLaren,Circuit Gilles Villeneuve,Street circuit,Carlos Sainz,6,9,9047,2015-03-15,1547,CAN,ESP,GBR,0,0,71572.0,71079.0,493.0,8.0
2019,2019-06-09,1999-11-13,McLaren,Circuit Gilles Villeneuve,Street circuit,Lando Norris,6,9,7148,2019-03-17,84,CAN,GBR,GBR,0,0,71735.0,71079.0,656.0,9.0
2019,2019-06-23,1985-01-07,Mercedes,Circuit Paul Ricard,Race circuit,Lewis Hamilton,6,23,12585,2007-03-18,4480,FRA,GBR,DEU,0,0,88319.0,89462.0,-1143.0,1.0
2019,2019-06-23,1989-08-28,Mercedes,Circuit Paul Ricard,Race circuit,Valtteri Bottas,6,23,10891,2013-03-17,2289,FRA,FIN,DEU,0,0,88605.0,89462.0,-857.0,2.0
2019,2019-06-23,1997-10-16,Ferrari,Circuit Paul Ricard,Race circuit,Charles Leclerc,6,23,7920,2018-03-25,455,FRA,MCO,ITA,0,0,88965.0,89462.0,-497.0,3.0
2019,2019-06-23,1997-09-30,Red Bull,Circuit Paul Ricard,Race circuit,Max Verstappen,6,23,7936,2015-03-15,1561,FRA,NLD,AUT,0,0,89409.0,89462.0,-53.0,4.0
2019,2019-06-23,1987-07-03,Ferrari,Circuit Paul Ricard,Race circuit,Sebastian Vettel,6,23,11678,2007-06-17,4389,FRA,DEU,ITA,0,0,89506.0,89462.0,44.0,6.0
2019,2019-06-23,1994-09-01,McLaren,Circuit Paul Ricard,Race circuit,Carlos Sainz,6,23,9061,2015-03-15,1561,FRA,ESP,GBR,0,0,89522.0,89462.0,60.0,7.0
2019,2019-06-23,1999-11-13,McLaren,Circuit Paul Ricard,Race circuit,Lando Norris,6,23,7162,2019-03-17,98,FRA,GBR,GBR,0,0,89418.0,89462.0,-44.0,5.0
2019,2019-06-23,1996-02-07,Red Bull,Circuit Paul Ricard,Race circuit,Pierre Gasly,6,23,8537,2017-10-01,630,FRA,FRA,AUT,1,0,90184.0,89462.0,722.0,9.0
2019,2019-06-23,1989-07-01,Renault,Circuit Paul Ricard,Race circuit,Daniel Ricciardo,6,23,10949,2011-07-10,2905,FRA,AUS,FRA,0,1,89918.0,89462.0,456.0,8.0
2019,2019-06-23,1993-12-14,Alfa Romeo,Circuit Paul Ricard,Race circuit,Antonio Giovinazzi,6,23,9322,2017-03-26,819,FRA,ITA,CHE,0,0,90408.0,89462.0,946.0,10.0
2019,2019-06-30,1997-09-30,Red Bull,Red Bull Ring,Race circuit,Max Verstappen,6,30,7943,2015-03-15,1568,AUT,NLD,AUT,0,1,63439.0,63988.0,-549.0,3.0
2019,2019-06-30,1997-10-16,Ferrari,Red Bull Ring,Race circuit,Charles Leclerc,6,30,7927,2018-03-25,462,AUT,MCO,ITA,0,0,63003.0,63988.0,-985.0,1.0
2019,2019-06-30,1989-08-28,Mercedes,Red Bull Ring,Race circuit,Valtteri Bottas,6,30,10898,2013-03-17,2296,AUT,FIN,DEU,0,0,63537.0,63988.0,-451.0,4.0
2019,2019-06-30,1985-01-07,Mercedes,Red Bull Ring,Race circuit,Lewis Hamilton,6,30,12592,2007-03-18,4487,AUT,GBR,DEU,0,0,63262.0,63988.0,-726.0,2.0
2019,2019-06-30,1999-11-13,McLaren,Red Bull Ring,Race circuit,Lando Norris,6,30,7169,2019-03-17,105,AUT,GBR,GBR,0,0,64099.0,63988.0,111.0,8.0
2019,2019-06-30,1996-02-07,Red Bull,Red Bull Ring,Race circuit,Pierre Gasly,6,30,8544,2017-10-01,637,AUT,FRA,AUT,0,1,63988.0,63988.0,0.0,5.0
2019,2019-06-30,1979-10-17,Alfa Romeo,Red Bull Ring,Race circuit,Kimi Räikkönen,6,30,14501,2001-03-04,6692,AUT,FIN,CHE,0,0,64056.0,63988.0,68.0,6.0
2019,2019-06-30,1993-12-14,Alfa Romeo,Red Bull Ring,Race circuit,Antonio Giovinazzi,6,30,9329,2017-03-26,826,AUT,ITA,CHE,0,0,64179.0,63988.0,191.0,9.0
2019,2019-06-30,1992-10-05,Haas F1 Team,Red Bull Ring,Race circuit,Kevin Magnussen,6,30,9764,2014-03-16,1932,AUT,DNK,USA,0,0,64072.0,63988.0,84.0,7.0
2019,2019-07-14,1985-01-07,Mercedes,Silverstone Circuit,Race circuit,Lewis Hamilton,7,14,12606,2007-03-18,4501,GBR,GBR,DEU,1,0,85099.0,85688.0,-590.0,2.0
2019,2019-07-14,1989-08-28,Mercedes,Silverstone Circuit,Race circuit,Valtteri Bottas,7,14,10912,2013-03-17,2310,GBR,FIN,DEU,0,0,85093.0,85688.0,-596.0,1.0
2019,2019-07-14,1997-10-16,Ferrari,Silverstone Circuit,Race circuit,Charles Leclerc,7,14,7941,2018-03-25,476,GBR,MCO,ITA,0,0,85172.0,85688.0,-516.0,3.0
2019,2019-07-14,1996-02-07,Red Bull,Silverstone Circuit,Race circuit,Pierre Gasly,7,14,8558,2017-10-01,651,GBR,FRA,AUT,0,0,85590.0,85688.0,-98.0,5.0
2019,2019-07-14,1997-09-30,Red Bull,Silverstone Circuit,Race circuit,Max Verstappen,7,14,7957,2015-03-15,1582,GBR,NLD,AUT,0,0,85276.0,85688.0,-412.0,4.0
2019,2019-07-14,1989-07-01,Renault,Silverstone Circuit,Race circuit,Daniel Ricciardo,7,14,10970,2011-07-10,2926,GBR,AUS,FRA,0,0,86182.0,85688.0,494.0,8.0
2019,2019-07-14,1987-08-19,Renault,Silverstone Circuit,Race circuit,Nico Hülkenberg,7,14,11652,2010-03-14,3409,GBR,DEU,FRA,0,0,86386.0,85688.0,698.0,10.0
2019,2019-07-14,1999-11-13,McLaren,Silverstone Circuit,Race circuit,Lando Norris,7,14,7183,2019-03-17,119,GBR,GBR,GBR,1,1,86079.0,85688.0,390.0,7.0
2019,2019-07-14,1996-03-23,Toro Rosso,Silverstone Circuit,Race circuit,Alexander Albon,7,14,8513,2019-03-17,119,GBR,THA,ITA,0,0,86345.0,85688.0,656.0,9.0
2019,2019-07-14,1987-07-03,Ferrari,Silverstone Circuit,Race circuit,Sebastian Vettel,7,14,11699,2007-06-17,4410,GBR,DEU,ITA,0,0,85787.0,85688.0,98.0,6.0
2019,2019-07-28,1997-09-30,Red Bull,Hockenheimring,Race circuit,Max Verstappen,7,28,7971,2015-03-15,1596,DEU,NLD,AUT,0,0,72113.0,72519.0,-406.0,2.0
2019,2019-07-28,1994-09-01,McLaren,Hockenheimring,Race circuit,Carlos Sainz,7,28,9096,2015-03-15,1596,DEU,ESP,GBR,0,0,72632.0,72519.0,113.0,6.0
2019,2019-07-28,1986-04-17,Haas F1 Team,Hockenheimring,Race circuit,Romain Grosjean,7,28,12155,2009-08-23,3626,DEU,FRA,USA,0,0,72769.0,72519.0,250.0,8.0
2019,2019-07-28,1985-01-07,Mercedes,Hockenheimring,Race circuit,Lewis Hamilton,7,28,12620,2007-03-18,4515,DEU,GBR,DEU,0,1,71767.0,72519.0,-752.0,1.0
2019,2019-07-28,1979-10-17,Alfa Romeo,Hockenheimring,Race circuit,Kimi Räikkönen,7,28,14529,2001-03-04,6720,DEU,FIN,CHE,0,0,72519.0,72519.0,0.0,5.0
2019,2019-07-28,1996-02-07,Red Bull,Hockenheimring,Race circuit,Pierre Gasly,7,28,8572,2017-10-01,665,DEU,FRA,AUT,0,0,72385.0,72519.0,-134.0,4.0
2019,2019-07-28,1989-08-28,Mercedes,Hockenheimring,Race circuit,Valtteri Bottas,7,28,10926,2013-03-17,2324,DEU,FIN,DEU,0,1,72129.0,72519.0,-390.0,3.0
2019,2019-07-28,1987-08-19,Renault,Hockenheimring,Race circuit,Nico Hülkenberg,7,28,11666,2010-03-14,3423,DEU,DEU,FRA,1,0,72766.0,72519.0,247.0,7.0
2019,2019-07-28,1990-01-26,Racing Point,Hockenheimring,Race circuit,Sergio Pérez,7,28,10775,2011-03-27,3045,DEU,MEX,GBR,0,0,72776.0,72519.0,257.0,9.0
2019,2019-08-04,1985-01-07,Mercedes,Hungaroring,Race circuit,Lewis Hamilton,8,4,12627,2007-03-18,4522,HUN,GBR,DEU,0,0,74769.0,75260.0,-492.0,3.0
2019,2019-08-04,1997-09-30,Red Bull,Hungaroring,Race circuit,Max Verstappen,8,4,7978,2015-03-15,1603,HUN,NLD,AUT,0,0,74572.0,75260.0,-688.0,1.0
2019,2019-08-04,1987-07-03,Ferrari,Hungaroring,Race circuit,Sebastian Vettel,8,4,11720,2007-06-17,4431,HUN,DEU,ITA,0,0,75071.0,75260.0,-190.0,5.0
2019,2019-08-04,1997-10-16,Ferrari,Hungaroring,Race circuit,Charles Leclerc,8,4,7962,2018-03-25,497,HUN,MCO,ITA,0,0,75043.0,75260.0,-218.0,4.0
2019,2019-08-04,1994-09-01,McLaren,Hungaroring,Race circuit,Carlos Sainz,8,4,9103,2015-03-15,1603,HUN,ESP,GBR,0,0,75852.0,75260.0,592.0,8.0
2019,2019-08-04,1996-02-07,Red Bull,Hungaroring,Race circuit,Pierre Gasly,8,4,8579,2017-10-01,672,HUN,FRA,AUT,0,0,75450.0,75260.0,190.0,6.0
2019,2019-08-04,1979-10-17,Alfa Romeo,Hungaroring,Race circuit,Kimi Räikkönen,8,4,14536,2001-03-04,6727,HUN,FIN,CHE,0,0,76041.0,75260.0,780.0,10.0
2019,2019-08-04,1989-08-28,Mercedes,Hungaroring,Race circuit,Valtteri Bottas,8,4,10933,2013-03-17,2331,HUN,FIN,DEU,0,0,74590.0,75260.0,-670.0,2.0
2019,2019-08-04,1999-11-13,McLaren,Hungaroring,Race circuit,Lando Norris,8,4,7204,2019-03-17,140,HUN,GBR,GBR,0,0,75800.0,75260.0,540.0,7.0
2019,2019-08-04,1986-04-17,Haas F1 Team,Hungaroring,Race circuit,Romain Grosjean,8,4,12162,2009-08-23,3633,HUN,FRA,USA,0,0,76013.0,75260.0,752.0,9.0
2019,2019-09-01,1997-10-16,Ferrari,Circuit de Spa-Francorchamps,Race circuit,Charles Leclerc,9,1,7990,2018-03-25,525,BEL,MCO,ITA,0,0,102519.0,103896.0,-1378.0,1.0
2019,2019-09-01,1985-01-07,Mercedes,Circuit de Spa-Francorchamps,Race circuit,Lewis Hamilton,9,1,12655,2007-03-18,4550,BEL,GBR,DEU,0,0,103282.0,103896.0,-614.0,3.0
2019,2019-09-01,1989-08-28,Mercedes,Circuit de Spa-Francorchamps,Race circuit,Valtteri Bottas,9,1,10961,2013-03-17,2359,BEL,FIN,DEU,0,0,103415.0,103896.0,-482.0,4.0
2019,2019-09-01,1987-07-03,Ferrari,Circuit de Spa-Francorchamps,Race circuit,Sebastian Vettel,9,1,11748,2007-06-17,4459,BEL,DEU,ITA,0,0,103037.0,103896.0,-860.0,2.0
2019,2019-09-01,1990-01-26,Racing Point,Circuit de Spa-Francorchamps,Race circuit,Sergio Pérez,9,1,10810,2011-03-27,3080,BEL,MEX,GBR,0,0,104706.0,103896.0,810.0,9.0
2019,2019-09-01,1987-08-19,Renault,Circuit de Spa-Francorchamps,Race circuit,Nico Hülkenberg,9,1,11701,2010-03-14,3458,BEL,DEU,FRA,0,0,104542.0,103896.0,646.0,8.0
2019,2019-09-01,1992-10-05,Haas F1 Team,Circuit de Spa-Francorchamps,Race circuit,Kevin Magnussen,9,1,9827,2014-03-16,1995,BEL,DNK,USA,0,0,104738.0,103896.0,842.0,10.0
2019,2019-09-01,1989-07-01,Renault,Circuit de Spa-Francorchamps,Race circuit,Daniel Ricciardo,9,1,11019,2011-07-10,2975,BEL,AUS,FRA,0,0,104103.0,103896.0,206.0,6.0
2019,2019-09-01,1979-10-17,Alfa Romeo,Circuit de Spa-Francorchamps,Race circuit,Kimi Räikkönen,9,1,14564,2001-03-04,6755,BEL,FIN,CHE,0,0,104140.0,103896.0,244.0,7.0
2019,2019-09-01,1997-09-30,Red Bull,Circuit de Spa-Francorchamps,Race circuit,Max Verstappen,9,1,8006,2015-03-15,1631,BEL,NLD,AUT,0,0,103690.0,103896.0,-206.0,5.0
2019,2019-09-08,1997-10-16,Ferrari,Autodromo Nazionale di Monza,Race circuit,Charles Leclerc,9,8,7997,2018-03-25,532,ITA,MCO,ITA,0,1,79307.0,79457.0,-150.0,1.0
2019,2019-09-08,1989-08-28,Mercedes,Autodromo Nazionale di Monza,Race circuit,Valtteri Bottas,9,8,10968,2013-03-17,2366,ITA,FIN,DEU,0,0,79354.0,79457.0,-103.0,3.0
2019,2019-09-08,1985-01-07,Mercedes,Autodromo Nazionale di Monza,Race circuit,Lewis Hamilton,9,8,12662,2007-03-18,4557,ITA,GBR,DEU,0,0,79346.0,79457.0,-111.0,2.0
2019,2019-09-08,1989-07-01,Renault,Autodromo Nazionale di Monza,Race circuit,Daniel Ricciardo,9,8,11026,2011-07-10,2982,ITA,AUS,FRA,0,0,79833.0,79457.0,376.0,5.0
2019,2019-09-08,1987-08-19,Renault,Autodromo Nazionale di Monza,Race circuit,Nico Hülkenberg,9,8,11708,2010-03-14,3465,ITA,DEU,FRA,0,0,80049.0,79457.0,592.0,6.0
2019,2019-09-08,1987-07-03,Ferrari,Autodromo Nazionale di Monza,Race circuit,Sebastian Vettel,9,8,11755,2007-06-17,4466,ITA,DEU,ITA,0,1,79457.0,79457.0,0.0,4.0
2019,2019-09-08,1994-09-01,McLaren,Autodromo Nazionale di Monza,Race circuit,Carlos Sainz,9,8,9138,2015-03-15,1638,ITA,ESP,GBR,0,0,80202.0,79457.0,745.0,7.0
2019,2019-09-22,1987-07-03,Ferrari,Marina Bay Street Circuit,Street circuit,Sebastian Vettel,9,22,11769,2007-06-17,4480,SGP,DEU,ITA,0,0,96437.0,97142.0,-705.0,3.0
2019,2019-09-22,1997-10-16,Ferrari,Marina Bay Street Circuit,Street circuit,Charles Leclerc,9,22,8011,2018-03-25,546,SGP,MCO,ITA,0,0,96217.0,97142.0,-925.0,1.0
2019,2019-09-22,1997-09-30,Red Bull,Marina Bay Street Circuit,Street circuit,Max Verstappen,9,22,8027,2015-03-15,1652,SGP,NLD,AUT,0,0,96813.0,97142.0,-329.0,4.0
2019,2019-09-22,1985-01-07,Mercedes,Marina Bay Street Circuit,Street circuit,Lewis Hamilton,9,22,12676,2007-03-18,4571,SGP,GBR,DEU,0,0,96408.0,97142.0,-734.0,2.0
2019,2019-09-22,1989-08-28,Mercedes,Marina Bay Street Circuit,Street circuit,Valtteri Bottas,9,22,10982,2013-03-17,2380,SGP,FIN,DEU,0,0,97142.0,97142.0,0.0,5.0
2019,2019-09-22,1996-03-23,Red Bull,Marina Bay Street Circuit,Street circuit,Alexander Albon,9,22,8583,2019-03-17,189,SGP,THA,AUT,0,0,97411.0,97142.0,269.0,6.0
2019,2019-09-22,1999-11-13,McLaren,Marina Bay Street Circuit,Street circuit,Lando Norris,9,22,7253,2019-03-17,189,SGP,GBR,GBR,0,0,97572.0,97142.0,430.0,7.0
2019,2019-09-22,1987-08-19,Renault,Marina Bay Street Circuit,Street circuit,Nico Hülkenberg,9,22,11722,2010-03-14,3479,SGP,DEU,FRA,0,0,98264.0,97142.0,1122.0,9.0
2019,2019-09-22,1994-09-01,McLaren,Marina Bay Street Circuit,Street circuit,Carlos Sainz,9,22,9152,2015-03-15,1652,SGP,ESP,GBR,0,0,97818.0,97142.0,676.0,8.0
2019,2019-09-29,1985-01-07,Mercedes,Sochi Autodrom,Race circuit,Lewis Hamilton,9,29,12683,2007-03-18,4578,RUS,GBR,DEU,0,0,92030.0,92927.0,-897.0,2.0
2019,2019-09-29,1989-08-28,Mercedes,Sochi Autodrom,Race circuit,Valtteri Bottas,9,29,10989,2013-03-17,2387,RUS,FIN,DEU,0,0,92632.0,92927.0,-295.0,5.0
2019,2019-09-29,1997-10-16,Ferrari,Sochi Autodrom,Race circuit,Charles Leclerc,9,29,8018,2018-03-25,553,RUS,MCO,ITA,0,0,91628.0,92927.0,-1299.0,1.0
2019,2019-09-29,1997-09-30,Red Bull,Sochi Autodrom,Race circuit,Max Verstappen,9,29,8034,2015-03-15,1659,RUS,NLD,AUT,0,0,92310.0,92927.0,-617.0,4.0
2019,2019-09-29,1994-09-01,McLaren,Sochi Autodrom,Race circuit,Carlos Sainz,9,29,9159,2015-03-15,1659,RUS,ESP,GBR,0,0,93222.0,92927.0,295.0,6.0
2019,2019-09-29,1999-11-13,McLaren,Sochi Autodrom,Race circuit,Lando Norris,9,29,7260,2019-03-17,196,RUS,GBR,GBR,0,0,93301.0,92927.0,374.0,8.0
2019,2019-09-29,1987-08-19,Renault,Sochi Autodrom,Race circuit,Nico Hülkenberg,9,29,11729,2010-03-14,3486,RUS,DEU,FRA,0,0,93289.0,92927.0,362.0,7.0
2019,2019-09-29,1987-07-03,Ferrari,Sochi Autodrom,Race circuit,Sebastian Vettel,9,29,11776,2007-06-17,4487,RUS,DEU,ITA,0,0,92053.0,92927.0,-874.0,3.0
2019,2019-09-29,1989-07-01,Renault,Sochi Autodrom,Race circuit,Daniel Ricciardo,9,29,11047,2011-07-10,3003,RUS,AUS,FRA,0,0,93661.0,92927.0,734.0,10.0
2019,2019-09-29,1986-04-17,Haas F1 Team,Sochi Autodrom,Race circuit,Romain Grosjean,9,29,12218,2009-08-23,3689,RUS,FRA,USA,0,0,93517.0,92927.0,590.0,9.0
2019,2019-10-13,1989-08-28,Mercedes,Suzuka Circuit,Race circuit,Valtteri Bottas,10,13,11003,2013-03-17,2401,JPN,FIN,DEU,0,0,87293.0,87851.0,-558.0,3.0
2019,2019-10-13,1987-07-03,Ferrari,Suzuka Circuit,Race circuit,Sebastian Vettel,10,13,11790,2007-06-17,4501,JPN,DEU,ITA,0,0,87064.0,87851.0,-787.0,1.0
2019,2019-10-13,1985-01-07,Mercedes,Suzuka Circuit,Race circuit,Lewis Hamilton,10,13,12697,2007-03-18,4592,JPN,GBR,DEU,0,0,87302.0,87851.0,-549.0,4.0
2019,2019-10-13,1996-03-23,Red Bull,Suzuka Circuit,Race circuit,Alexander Albon,10,13,8604,2019-03-17,210,JPN,THA,AUT,0,0,87851.0,87851.0,0.0,5.0
2019,2019-10-13,1994-09-01,McLaren,Suzuka Circuit,Race circuit,Carlos Sainz,10,13,9173,2015-03-15,1673,JPN,ESP,GBR,0,0,88304.0,87851.0,453.0,7.0
2019,2019-10-13,1997-10-16,Ferrari,Suzuka Circuit,Race circuit,Charles Leclerc,10,13,8032,2018-03-25,567,JPN,MCO,ITA,0,0,87253.0,87851.0,-598.0,2.0
2019,2019-10-13,1996-02-07,Toro Rosso,Suzuka Circuit,Race circuit,Pierre Gasly,10,13,8649,2017-10-01,742,JPN,FRA,ITA,0,0,88779.0,87851.0,928.0,9.0
2019,2019-10-13,1999-11-13,McLaren,Suzuka Circuit,Race circuit,Lando Norris,10,13,7274,2019-03-17,210,JPN,GBR,GBR,0,0,88464.0,87851.0,613.0,8.0
2019,2019-10-13,1986-04-17,Haas F1 Team,Suzuka Circuit,Race circuit,Romain Grosjean,10,13,12232,2009-08-23,3703,JPN,FRA,USA,0,0,89144.0,87851.0,1293.0,10.0
2019,2019-10-13,1997-09-30,Red Bull,Suzuka Circuit,Race circuit,Max Verstappen,10,13,8048,2015-03-15,1673,JPN,NLD,AUT,0,0,87851.0,87851.0,0.0,5.0
2019,2019-10-27,1985-01-07,Mercedes,Autódromo Hermanos Rodríguez,Race circuit,Lewis Hamilton,10,27,12711,2007-03-18,4606,MEX,GBR,DEU,0,0,75262.0,75337.0,-75.0,4.0
2019,2019-10-27,1987-07-03,Ferrari,Autódromo Hermanos Rodríguez,Race circuit,Sebastian Vettel,10,27,11804,2007-06-17,4515,MEX,DEU,ITA,0,0,75170.0,75337.0,-167.0,3.0
2019,2019-10-27,1989-08-28,Mercedes,Autódromo Hermanos Rodríguez,Race circuit,Valtteri Bottas,10,27,11017,2013-03-17,2415,MEX,FIN,DEU,0,0,75338.0,75337.0,1.0,6.0
2019,2019-10-27,1997-10-16,Ferrari,Autódromo Hermanos Rodríguez,Race circuit,Charles Leclerc,10,27,8046,2018-03-25,581,MEX,MCO,ITA,0,0,75024.0,75337.0,-313.0,2.0
2019,2019-10-27,1996-03-23,Red Bull,Autódromo Hermanos Rodríguez,Race circuit,Alexander Albon,10,27,8618,2019-03-17,224,MEX,THA,AUT,0,0,75336.0,75337.0,-1.0,5.0
2019,2019-10-27,1997-09-30,Red Bull,Autódromo Hermanos Rodríguez,Race circuit,Max Verstappen,10,27,8062,2015-03-15,1687,MEX,NLD,AUT,0,0,74758.0,75337.0,-579.0,1.0
2019,2019-10-27,1996-02-07,Toro Rosso,Autódromo Hermanos Rodríguez,Race circuit,Pierre Gasly,10,27,8663,2017-10-01,756,MEX,FRA,ITA,0,0,76586.0,75337.0,1249.0,10.0
2019,2019-10-27,1994-04-26,Toro Rosso,Autódromo Hermanos Rodríguez,Race circuit,Daniil Kvyat,10,27,9315,2014-03-16,2051,MEX,RUS,ITA,0,0,76469.0,75337.0,1132.0,9.0
2019,2019-10-27,1994-09-01,McLaren,Autódromo Hermanos Rodríguez,Race circuit,Carlos Sainz,10,27,9187,2015-03-15,1687,MEX,ESP,GBR,0,0,76014.0,75337.0,677.0,7.0
2019,2019-10-27,1999-11-13,McLaren,Autódromo Hermanos Rodríguez,Race circuit,Lando Norris,10,27,7288,2019-03-17,224,MEX,GBR,GBR,0,0,76322.0,75337.0,985.0,8.0
2019,2019-11-03,1989-08-28,Mercedes,Circuit of the Americas,Race circuit,Valtteri Bottas,11,3,11024,2013-03-17,2422,USA,FIN,DEU,0,0,92029.0,92434.0,-406.0,1.0
2019,2019-11-03,1985-01-07,Mercedes,Circuit of the Americas,Race circuit,Lewis Hamilton,11,3,12718,2007-03-18,4613,USA,GBR,DEU,0,0,92321.0,92434.0,-114.0,5.0
2019,2019-11-03,1997-09-30,Red Bull,Circuit of the Americas,Race circuit,Max Verstappen,11,3,8069,2015-03-15,1694,USA,NLD,AUT,0,0,92096.0,92434.0,-338.0,3.0
2019,2019-11-03,1997-10-16,Ferrari,Circuit of the Americas,Race circuit,Charles Leclerc,11,3,8053,2018-03-25,588,USA,MCO,ITA,0,0,92137.0,92434.0,-298.0,4.0
2019,2019-11-03,1996-03-23,Red Bull,Circuit of the Americas,Race circuit,Alexander Albon,11,3,8625,2019-03-17,231,USA,THA,AUT,0,0,92548.0,92434.0,114.0,6.0
2019,2019-11-03,1989-07-01,Renault,Circuit of the Americas,Race circuit,Daniel Ricciardo,11,3,11082,2011-07-10,3038,USA,AUS,FRA,0,0,93488.0,92434.0,1054.0,9.0
2019,2019-11-03,1999-11-13,McLaren,Circuit of the Americas,Race circuit,Lando Norris,11,3,7295,2019-03-17,231,USA,GBR,GBR,0,0,93175.0,92434.0,740.0,8.0
2019,2019-11-03,1994-09-01,McLaren,Circuit of the Americas,Race circuit,Carlos Sainz,11,3,9194,2015-03-15,1694,USA,ESP,GBR,0,0,92847.0,92434.0,412.0,7.0
2019,2019-11-03,1996-02-07,Toro Rosso,Circuit of the Americas,Race circuit,Pierre Gasly,11,3,8670,2017-10-01,763,USA,FRA,ITA,0,0,93556.0,92434.0,1122.0,10.0
2019,2019-11-03,1987-07-03,Ferrari,Circuit of the Americas,Race circuit,Sebastian Vettel,11,3,11811,2007-06-17,4522,USA,DEU,ITA,0,0,92041.0,92434.0,-394.0,2.0
2019,2019-11-17,1997-09-30,Red Bull,Autódromo José Carlos Pace,Race circuit,Max Verstappen,11,17,8083,2015-03-15,1708,BRA,NLD,AUT,0,0,67503.0,67904.0,-402.0,1.0
2019,2019-11-17,1996-02-07,Toro Rosso,Autódromo José Carlos Pace,Race circuit,Pierre Gasly,11,17,8684,2017-10-01,777,BRA,FRA,ITA,0,0,68770.0,67904.0,866.0,8.0
2019,2019-11-17,1979-10-17,Alfa Romeo,Autódromo José Carlos Pace,Race circuit,Kimi Räikkönen,11,17,14641,2001-03-04,6832,BRA,FIN,CHE,0,0,68858.0,67904.0,954.0,10.0
2019,2019-11-17,1985-01-07,Mercedes,Autódromo José Carlos Pace,Race circuit,Lewis Hamilton,11,17,12732,2007-03-18,4627,BRA,GBR,DEU,0,0,67699.0,67904.0,-206.0,3.0
2019,2019-11-17,1992-10-05,Haas F1 Team,Autódromo José Carlos Pace,Race circuit,Kevin Magnussen,11,17,9904,2014-03-16,2072,BRA,DNK,USA,0,0,68803.0,67904.0,898.0,9.0
2019,2019-11-17,1986-04-17,Haas F1 Team,Autódromo José Carlos Pace,Race circuit,Romain Grosjean,11,17,12267,2009-08-23,3738,BRA,FRA,USA,0,0,68705.0,67904.0,800.0,7.0
2019,2019-11-17,1996-03-23,Red Bull,Autódromo José Carlos Pace,Race circuit,Alexander Albon,11,17,8639,2019-03-17,245,BRA,THA,AUT,0,0,67935.0,67904.0,30.0,6.0
2019,2019-11-17,1987-07-03,Ferrari,Autódromo José Carlos Pace,Race circuit,Sebastian Vettel,11,17,11825,2007-06-17,4536,BRA,DEU,ITA,0,0,67631.0,67904.0,-274.0,2.0
2019,2019-11-17,1997-10-16,Ferrari,Autódromo José Carlos Pace,Race circuit,Charles Leclerc,11,17,8067,2018-03-25,602,BRA,MCO,ITA,0,0,67728.0,67904.0,-176.0,4.0
2019,2019-11-17,1989-08-28,Mercedes,Autódromo José Carlos Pace,Race circuit,Valtteri Bottas,11,17,11038,2013-03-17,2436,BRA,FIN,DEU,0,0,67874.0,67904.0,-30.0,5.0
2019,2019-12-01,1985-01-07,Mercedes,Yas Marina Circuit,Race circuit,Lewis Hamilton,12,1,12746,2007-03-18,4641,ARE,GBR,DEU,0,0,94779.0,95510.0,-732.0,1.0
2019,2019-12-01,1997-09-30,Red Bull,Yas Marina Circuit,Race circuit,Max Verstappen,12,1,8097,2015-03-15,1722,ARE,NLD,AUT,0,0,95139.0,95510.0,-372.0,3.0
2019,2019-12-01,1997-10-16,Ferrari,Yas Marina Circuit,Race circuit,Charles Leclerc,12,1,8081,2018-03-25,616,ARE,MCO,ITA,0,0,95219.0,95510.0,-292.0,4.0
2019,2019-12-01,1989-08-28,Mercedes,Yas Marina Circuit,Race circuit,Valtteri Bottas,12,1,11052,2013-03-17,2450,ARE,FIN,DEU,0,0,94973.0,95510.0,-538.0,2.0
2019,2019-12-01,1987-07-03,Ferrari,Yas Marina Circuit,Race circuit,Sebastian Vettel,12,1,11839,2007-06-17,4550,ARE,DEU,ITA,0,0,95339.0,95510.0,-172.0,5.0
2019,2019-12-01,1996-03-23,Red Bull,Yas Marina Circuit,Race circuit,Alexander Albon,12,1,8653,2019-03-17,259,ARE,THA,AUT,0,0,95682.0,95510.0,172.0,6.0
2019,2019-12-01,1999-11-13,McLaren,Yas Marina Circuit,Race circuit,Lando Norris,12,1,7323,2019-03-17,259,ARE,GBR,GBR,0,0,96436.0,95510.0,926.0,8.0
2019,2019-12-01,1994-09-01,McLaren,Yas Marina Circuit,Race circuit,Carlos Sainz,12,1,9222,2015-03-15,1722,ARE,ESP,GBR,0,0,96308.0,95510.0,798.0,7.0
2019,2019-12-01,1989-07-01,Renault,Yas Marina Circuit,Race circuit,Daniel Ricciardo,12,1,11110,2011-07-10,3066,ARE,AUS,FRA,0,0,96456.0,95510.0,946.0,9.0
2019,2019-12-01,1987-08-19,Renault,Yas Marina Circuit,Race circuit,Nico Hülkenberg,12,1,11792,2010-03-14,3549,ARE,DEU,FRA,0,0,96710.0,95510.0,1200.0,10.0
2020,2020-07-05,1989-08-28,Mercedes,Red Bull Ring,Race circuit,Valtteri Bottas,7,5,11269,2013-03-17,2667,AUT,FIN,DEU,0,0,62939.0,63803.0,-864.0,1.0
2020,2020-07-05,1997-10-16,Ferrari,Red Bull Ring,Race circuit,Charles Leclerc,7,5,8298,2018-03-25,833,AUT,MCO,ITA,0,0,63923.0,63803.0,120.0,7.0
2020,2020-07-05,1999-11-13,McLaren,Red Bull Ring,Race circuit,Lando Norris,7,5,7540,2019-03-17,476,AUT,GBR,GBR,0,0,63626.0,63803.0,-177.0,4.0
2020,2020-07-05,1985-01-07,Mercedes,Red Bull Ring,Race circuit,Lewis Hamilton,7,5,12963,2007-03-18,4858,AUT,GBR,DEU,0,0,62951.0,63803.0,-852.0,2.0
2020,2020-07-05,1994-09-01,McLaren,Red Bull Ring,Race circuit,Carlos Sainz,7,5,9439,2015-03-15,1939,AUT,ESP,GBR,0,0,63971.0,63803.0,168.0,9.0
2020,2020-07-05,1990-01-26,Racing Point,Red Bull Ring,Race circuit,Sergio Pérez,7,5,11118,2011-03-27,3388,AUT,MEX,GBR,0,0,63860.0,63803.0,57.0,6.0
2020,2020-07-05,1996-03-23,Red Bull,Red Bull Ring,Race circuit,Alexander Albon,7,5,8870,2019-03-17,476,AUT,THA,AUT,0,1,63746.0,63803.0,-57.0,5.0
2020,2020-07-05,1998-10-29,Racing Point,Red Bull Ring,Race circuit,Lance Stroll,7,5,7920,2017-03-26,1197,AUT,CAN,GBR,0,0,63955.0,63803.0,152.0,8.0
2020,2020-07-05,1989-07-01,Renault,Red Bull Ring,Race circuit,Daniel Ricciardo,7,5,11327,2011-07-10,3283,AUT,AUS,FRA,0,0,64023.0,63803.0,220.0,10.0
2020,2020-07-05,1997-09-30,Red Bull,Red Bull Ring,Race circuit,Max Verstappen,7,5,8314,2015-03-15,1939,AUT,NLD,AUT,0,1,63477.0,63803.0,-326.0,3.0
2020,2020-07-12,1985-01-07,Mercedes,Red Bull Ring,Race circuit,Lewis Hamilton,7,12,12970,2007-03-18,4865,AUT,GBR,DEU,0,0,77825.0,78700.0,-876.0,1.0
2020,2020-07-12,1989-08-28,Mercedes,Red Bull Ring,Race circuit,Valtteri Bottas,7,12,11276,2013-03-17,2674,AUT,FIN,DEU,0,0,78657.0,78700.0,-44.0,5.0
2020,2020-07-12,1997-09-30,Red Bull,Red Bull Ring,Race circuit,Max Verstappen,7,12,8321,2015-03-15,1946,AUT,NLD,AUT,0,1,77938.0,78700.0,-762.0,2.0
2020,2020-07-12,1996-03-23,Red Bull,Red Bull Ring,Race circuit,Alexander Albon,7,12,8877,2019-03-17,483,AUT,THA,AUT,0,1,79014.0,78700.0,314.0,8.0
2020,2020-07-12,1999-11-13,McLaren,Red Bull Ring,Race circuit,Lando Norris,7,12,7547,2019-03-17,483,AUT,GBR,GBR,0,0,78448.0,78700.0,-252.0,3.0
2020,2020-07-12,1989-07-01,Renault,Red Bull Ring,Race circuit,Daniel Ricciardo,7,12,11334,2011-07-10,3290,AUT,AUS,FRA,0,0,79229.0,78700.0,528.0,9.0
2020,2020-07-12,1994-09-01,McLaren,Red Bull Ring,Race circuit,Carlos Sainz,7,12,9446,2015-03-15,1946,AUT,ESP,GBR,0,0,78590.0,78700.0,-110.0,4.0
2020,2020-07-12,1996-02-07,AlphaTauri,Red Bull Ring,Race circuit,Pierre Gasly,7,12,8922,2017-10-01,1015,AUT,FRA,ITA,0,0,78744.0,78700.0,44.0,6.0
2020,2020-07-12,1996-09-17,Renault,Red Bull Ring,Race circuit,Esteban Ocon,7,12,8699,2016-08-28,1414,AUT,FRA,FRA,0,0,78764.0,78700.0,64.0,7.0
2020,2020-07-12,1987-07-03,Ferrari,Red Bull Ring,Race circuit,Sebastian Vettel,7,12,12063,2007-06-17,4774,AUT,DEU,ITA,0,0,79545.0,78700.0,844.0,10.0
2020,2020-07-19,1985-01-07,Mercedes,Hungaroring,Race circuit,Lewis Hamilton,7,19,12977,2007-03-18,4872,HUN,GBR,DEU,0,0,73447.0,74774.0,-1327.0,1.0
2020,2020-07-19,1997-09-30,Red Bull,Hungaroring,Race circuit,Max Verstappen,7,19,8328,2015-03-15,1953,HUN,NLD,AUT,0,0,74849.0,74774.0,75.0,7.0
2020,2020-07-19,1989-08-28,Mercedes,Hungaroring,Race circuit,Valtteri Bottas,7,19,11283,2013-03-17,2681,HUN,FIN,DEU,0,0,73554.0,74774.0,-1220.0,2.0
2020,2020-07-19,1998-10-29,Racing Point,Hungaroring,Race circuit,Lance Stroll,7,19,7934,2017-03-26,1211,HUN,CAN,GBR,0,0,74377.0,74774.0,-397.0,3.0
2020,2020-07-19,1987-07-03,Ferrari,Hungaroring,Race circuit,Sebastian Vettel,7,19,12070,2007-06-17,4781,HUN,DEU,ITA,0,0,74774.0,74774.0,0.0,5.0
2020,2020-07-19,1990-01-26,Racing Point,Hungaroring,Race circuit,Sergio Pérez,7,19,11132,2011-03-27,3402,HUN,MEX,GBR,0,0,74545.0,74774.0,-229.0,4.0
2020,2020-07-19,1994-09-01,McLaren,Hungaroring,Race circuit,Carlos Sainz,7,19,9453,2015-03-15,1953,HUN,ESP,GBR,0,0,75027.0,74774.0,253.0,9.0
2020,2020-07-19,1997-10-16,Ferrari,Hungaroring,Race circuit,Charles Leclerc,7,19,8312,2018-03-25,847,HUN,MCO,ITA,0,0,74817.0,74774.0,43.0,6.0
2020,2020-07-19,1999-11-13,McLaren,Hungaroring,Race circuit,Lando Norris,7,19,7554,2019-03-17,490,HUN,GBR,GBR,0,0,74966.0,74774.0,192.0,8.0
2020,2020-08-02,1985-01-07,Mercedes,Silverstone Circuit,Race circuit,Lewis Hamilton,8,2,12991,2007-03-18,4886,GBR,GBR,DEU,1,0,84303.0,85810.0,-1508.0,1.0
2020,2020-08-02,1997-09-30,Red Bull,Silverstone Circuit,Race circuit,Max Verstappen,8,2,8342,2015-03-15,1967,GBR,NLD,AUT,0,0,85325.0,85810.0,-486.0,3.0
2020,2020-08-02,1997-10-16,Ferrari,Silverstone Circuit,Race circuit,Charles Leclerc,8,2,8326,2018-03-25,861,GBR,MCO,ITA,0,0,85427.0,85810.0,-384.0,4.0
2020,2020-08-02,1989-07-01,Renault,Silverstone Circuit,Race circuit,Daniel Ricciardo,8,2,11355,2011-07-10,3311,GBR,AUS,FRA,0,0,86009.0,85810.0,198.0,8.0
2020,2020-08-02,1999-11-13,McLaren,Silverstone Circuit,Race circuit,Lando Norris,8,2,7568,2019-03-17,504,GBR,GBR,GBR,1,1,85782.0,85810.0,-28.0,5.0
2020,2020-08-02,1996-09-17,Renault,Silverstone Circuit,Race circuit,Esteban Ocon,8,2,8720,2016-08-28,1435,GBR,FRA,FRA,0,0,86209.0,85810.0,398.0,9.0
2020,2020-08-02,1998-10-29,Racing Point,Silverstone Circuit,Race circuit,Lance Stroll,8,2,7948,2017-03-26,1225,GBR,CAN,GBR,0,1,85839.0,85810.0,28.0,6.0
2020,2020-08-02,1987-07-03,Ferrari,Silverstone Circuit,Race circuit,Sebastian Vettel,8,2,12084,2007-06-17,4795,GBR,DEU,ITA,0,0,86339.0,85810.0,528.0,10.0
2020,2020-08-02,1989-08-28,Mercedes,Silverstone Circuit,Race circuit,Valtteri Bottas,8,2,11297,2013-03-17,2695,GBR,FIN,DEU,0,0,84616.0,85810.0,-1194.0,2.0
2020,2020-08-02,1994-09-01,McLaren,Silverstone Circuit,Race circuit,Carlos Sainz,8,2,9467,2015-03-15,1967,GBR,ESP,GBR,0,1,85965.0,85810.0,154.0,7.0
2020,2020-08-09,1997-09-30,Red Bull,Silverstone Circuit,Race circuit,Max Verstappen,8,9,8349,2015-03-15,1974,GBR,NLD,AUT,0,0,86176.0,86362.0,-186.0,4.0
2020,2020-08-09,1985-01-07,Mercedes,Silverstone Circuit,Race circuit,Lewis Hamilton,8,9,12998,2007-03-18,4893,GBR,GBR,DEU,1,0,85217.0,86362.0,-1146.0,2.0
2020,2020-08-09,1989-08-28,Mercedes,Silverstone Circuit,Race circuit,Valtteri Bottas,8,9,11304,2013-03-17,2702,GBR,FIN,DEU,0,0,85154.0,86362.0,-1208.0,1.0
2020,2020-08-09,1997-10-16,Ferrari,Silverstone Circuit,Race circuit,Charles Leclerc,8,9,8333,2018-03-25,868,GBR,MCO,ITA,0,0,86614.0,86362.0,252.0,8.0
2020,2020-08-09,1996-03-23,Red Bull,Silverstone Circuit,Race circuit,Alexander Albon,8,9,8905,2019-03-17,511,GBR,THA,AUT,0,0,86642.0,86362.0,280.0,9.0
2020,2020-08-09,1998-10-29,Racing Point,Silverstone Circuit,Race circuit,Lance Stroll,8,9,7955,2017-03-26,1232,GBR,CAN,GBR,0,1,86428.0,86362.0,66.0,6.0
2020,2020-08-09,1987-08-19,Racing Point,Silverstone Circuit,Race circuit,Nico Hülkenberg,8,9,12044,2010-03-14,3801,GBR,DEU,GBR,0,1,86082.0,86362.0,-280.0,3.0
2020,2020-08-09,1999-11-13,McLaren,Silverstone Circuit,Race circuit,Lando Norris,8,9,7575,2019-03-17,511,GBR,GBR,GBR,1,1,86778.0,86362.0,416.0,10.0
2020,2020-08-09,1996-02-07,AlphaTauri,Silverstone Circuit,Race circuit,Pierre Gasly,8,9,8950,2017-10-01,1043,GBR,FRA,ITA,0,0,86523.0,86362.0,160.0,7.0
2020,2020-08-09,1989-07-01,Renault,Silverstone Circuit,Race circuit,Daniel Ricciardo,8,9,11362,2011-07-10,3318,GBR,AUS,FRA,0,0,86297.0,86362.0,-66.0,5.0
2020,2020-08-16,1985-01-07,Mercedes,Circuit de Barcelona-Catalunya,Race circuit,Lewis Hamilton,8,16,13005,2007-03-18,4900,ESP,GBR,DEU,0,0,75584.0,76694.0,-1110.0,1.0
2020,2020-08-16,1997-09-30,Red Bull,Circuit de Barcelona-Catalunya,Race circuit,Max Verstappen,8,16,8356,2015-03-15,1981,ESP,NLD,AUT,0,0,76292.0,76694.0,-402.0,3.0
2020,2020-08-16,1989-08-28,Mercedes,Circuit de Barcelona-Catalunya,Race circuit,Valtteri Bottas,8,16,11311,2013-03-17,2709,ESP,FIN,DEU,0,0,75643.0,76694.0,-1052.0,2.0
2020,2020-08-16,1998-10-29,Racing Point,Circuit de Barcelona-Catalunya,Race circuit,Lance Stroll,8,16,7962,2017-03-26,1239,ESP,CAN,GBR,0,0,76589.0,76694.0,-106.0,5.0
2020,2020-08-16,1990-01-26,Racing Point,Circuit de Barcelona-Catalunya,Race circuit,Sergio Pérez,8,16,11160,2011-03-27,3430,ESP,MEX,GBR,0,0,76482.0,76694.0,-212.0,4.0
2020,2020-08-16,1994-09-01,McLaren,Circuit de Barcelona-Catalunya,Race circuit,Carlos Sainz,8,16,9481,2015-03-15,1981,ESP,ESP,GBR,1,0,76876.0,76694.0,182.0,7.0
2020,2020-08-16,1996-03-23,Red Bull,Circuit de Barcelona-Catalunya,Race circuit,Alexander Albon,8,16,8912,2019-03-17,518,ESP,THA,AUT,0,0,77029.0,76694.0,334.0,9.0
2020,2020-08-16,1996-02-07,AlphaTauri,Circuit de Barcelona-Catalunya,Race circuit,Pierre Gasly,8,16,8957,2017-10-01,1050,ESP,FRA,ITA,0,0,76800.0,76694.0,106.0,6.0
2020,2020-08-16,1999-11-13,McLaren,Circuit de Barcelona-Catalunya,Race circuit,Lando Norris,8,16,7582,2019-03-17,518,ESP,GBR,GBR,0,0,77084.0,76694.0,390.0,10.0
2020,2020-08-16,1997-10-16,Ferrari,Circuit de Barcelona-Catalunya,Race circuit,Charles Leclerc,8,16,8340,2018-03-25,875,ESP,MCO,ITA,0,0,76953.0,76694.0,258.0,8.0
2020,2020-08-30,1985-01-07,Mercedes,Circuit de Spa-Francorchamps,Race circuit,Lewis Hamilton,8,30,13019,2007-03-18,4914,BEL,GBR,DEU,0,0,101252.0,102294.0,-1042.0,1.0
2020,2020-08-30,1989-08-28,Mercedes,Circuit de Spa-Francorchamps,Race circuit,Valtteri Bottas,8,30,11325,2013-03-17,2723,BEL,FIN,DEU,0,0,101763.0,102294.0,-532.0,2.0
2020,2020-08-30,1997-09-30,Red Bull,Circuit de Spa-Francorchamps,Race circuit,Max Verstappen,8,30,8370,2015-03-15,1995,BEL,NLD,AUT,0,0,101778.0,102294.0,-516.0,3.0
2020,2020-08-30,1989-07-01,Renault,Circuit de Spa-Francorchamps,Race circuit,Daniel Ricciardo,8,30,11383,2011-07-10,3339,BEL,AUS,FRA,0,0,102061.0,102294.0,-234.0,4.0
2020,2020-08-30,1996-09-17,Renault,Circuit de Spa-Francorchamps,Race circuit,Esteban Ocon,8,30,8748,2016-08-28,1463,BEL,FRA,FRA,0,0,102396.0,102294.0,102.0,6.0
2020,2020-08-30,1996-03-23,Red Bull,Circuit de Spa-Francorchamps,Race circuit,Alexander Albon,8,30,8926,2019-03-17,532,BEL,THA,AUT,0,0,102193.0,102294.0,-102.0,5.0
2020,2020-08-30,1999-11-13,McLaren,Circuit de Spa-Francorchamps,Race circuit,Lando Norris,8,30,7596,2019-03-17,532,BEL,GBR,GBR,0,0,102657.0,102294.0,362.0,10.0
2020,2020-08-30,1998-10-29,Racing Point,Circuit de Spa-Francorchamps,Race circuit,Lance Stroll,8,30,7976,2017-03-26,1253,BEL,CAN,GBR,0,0,102491.0,102294.0,196.0,8.0
2020,2020-08-30,1990-01-26,Racing Point,Circuit de Spa-Francorchamps,Race circuit,Sergio Pérez,8,30,11174,2011-03-27,3444,BEL,MEX,GBR,0,0,102532.0,102294.0,238.0,9.0
2020,2020-08-30,1994-09-01,McLaren,Circuit de Spa-Francorchamps,Race circuit,Carlos Sainz,8,30,9495,2015-03-15,1995,BEL,ESP,GBR,0,0,102438.0,102294.0,144.0,7.0
2020,2020-09-06,1996-02-07,AlphaTauri,Autodromo Nazionale di Monza,Race circuit,Pierre Gasly,9,6,8978,2017-10-01,1071,ITA,FRA,ITA,0,1,79909.0,79800.0,109.0,8.0
2020,2020-09-06,1994-09-01,McLaren,Autodromo Nazionale di Monza,Race circuit,Carlos Sainz,9,6,9502,2015-03-15,2002,ITA,ESP,GBR,0,0,79695.0,79800.0,-105.0,3.0
2020,2020-09-06,1998-10-29,Racing Point,Autodromo Nazionale di Monza,Race circuit,Lance Stroll,9,6,7983,2017-03-26,1260,ITA,CAN,GBR,0,0,79924.0,79800.0,124.0,9.0
2020,2020-09-06,1999-11-13,McLaren,Autodromo Nazionale di Monza,Race circuit,Lando Norris,9,6,7603,2019-03-17,539,ITA,GBR,GBR,0,0,79820.0,79800.0,20.0,6.0
2020,2020-09-06,1989-08-28,Mercedes,Autodromo Nazionale di Monza,Race circuit,Valtteri Bottas,9,6,11332,2013-03-17,2730,ITA,FIN,DEU,0,0,78952.0,79800.0,-848.0,2.0
2020,2020-09-06,1989-07-01,Renault,Autodromo Nazionale di Monza,Race circuit,Daniel Ricciardo,9,6,11390,2011-07-10,3346,ITA,AUS,FRA,0,0,79864.0,79800.0,64.0,7.0
2020,2020-09-06,1985-01-07,Mercedes,Autodromo Nazionale di Monza,Race circuit,Lewis Hamilton,9,6,13026,2007-03-18,4921,ITA,GBR,DEU,0,0,78887.0,79800.0,-913.0,1.0
2020,2020-09-06,1990-01-26,Racing Point,Autodromo Nazionale di Monza,Race circuit,Sergio Pérez,9,6,11181,2011-03-27,3451,ITA,MEX,GBR,0,0,79718.0,79800.0,-82.0,4.0
2020,2020-09-06,1996-03-23,Red Bull,Autodromo Nazionale di Monza,Race circuit,Alexander Albon,9,6,8933,2019-03-17,539,ITA,THA,AUT,0,0,80064.0,79800.0,264.0,10.0
2020,2020-09-06,1997-09-30,Red Bull,Autodromo Nazionale di Monza,Race circuit,Max Verstappen,9,6,8377,2015-03-15,2002,ITA,NLD,AUT,0,0,79780.0,79800.0,-20.0,5.0
2020,2020-09-13,1985-01-07,Mercedes,Autodromo Internazionale del Mugello,Race circuit,Lewis Hamilton,9,13,13033,2007-03-18,4928,ITA,GBR,DEU,0,0,75144.0,76243.0,-1099.0,1.0
2020,2020-09-13,1989-08-28,Mercedes,Autodromo Internazionale del Mugello,Race circuit,Valtteri Bottas,9,13,11339,2013-03-17,2737,ITA,FIN,DEU,0,0,75203.0,76243.0,-1040.0,2.0
2020,2020-09-13,1996-03-23,Red Bull,Autodromo Internazionale del Mugello,Race circuit,Alexander Albon,9,13,8940,2019-03-17,546,ITA,THA,AUT,0,0,75914.0,76243.0,-329.0,4.0
2020,2020-09-13,1989-07-01,Renault,Autodromo Internazionale del Mugello,Race circuit,Daniel Ricciardo,9,13,11397,2011-07-10,3353,ITA,AUS,FRA,0,0,76243.0,76243.0,0.0,5.0
2020,2020-09-13,1990-01-26,Racing Point,Autodromo Internazionale del Mugello,Race circuit,Sergio Pérez,9,13,11188,2011-03-27,3458,ITA,MEX,GBR,0,0,76311.0,76243.0,68.0,8.0
2020,2020-09-13,1997-10-16,Ferrari,Autodromo Internazionale del Mugello,Race circuit,Charles Leclerc,9,13,8368,2018-03-25,903,ITA,MCO,ITA,0,1,76270.0,76243.0,27.0,6.0
2020,2020-09-13,1998-10-29,Racing Point,Autodromo Internazionale del Mugello,Race circuit,Lance Stroll,9,13,7990,2017-03-26,1267,ITA,CAN,GBR,0,0,76271.0,76243.0,28.0,7.0
2020,2020-09-13,1994-09-01,McLaren,Autodromo Internazionale del Mugello,Race circuit,Carlos Sainz,9,13,9509,2015-03-15,2009,ITA,ESP,GBR,0,0,76522.0,76243.0,279.0,9.0
2020,2020-09-13,1997-09-30,Red Bull,Autodromo Internazionale del Mugello,Race circuit,Max Verstappen,9,13,8384,2015-03-15,2009,ITA,NLD,AUT,0,0,75471.0,76243.0,-772.0,3.0
2020,2020-09-27,1989-08-28,Mercedes,Sochi Autodrom,Race circuit,Valtteri Bottas,9,27,11353,2013-03-17,2751,RUS,FIN,DEU,0,0,91956.0,92434.0,-478.0,3.0
2020,2020-09-27,1997-09-30,Red Bull,Sochi Autodrom,Race circuit,Max Verstappen,9,27,8398,2015-03-15,2023,RUS,NLD,AUT,0,0,91867.0,92434.0,-566.0,2.0
2020,2020-09-27,1985-01-07,Mercedes,Sochi Autodrom,Race circuit,Lewis Hamilton,9,27,13047,2007-03-18,4942,RUS,GBR,DEU,0,0,91304.0,92434.0,-1130.0,1.0
2020,2020-09-27,1990-01-26,Racing Point,Sochi Autodrom,Race circuit,Sergio Pérez,9,27,11202,2011-03-27,3472,RUS,MEX,GBR,0,0,92317.0,92434.0,-116.0,5.0
2020,2020-09-27,1989-07-01,Renault,Sochi Autodrom,Race circuit,Daniel Ricciardo,9,27,11411,2011-07-10,3367,RUS,AUS,FRA,0,0,92218.0,92434.0,-216.0,4.0
2020,2020-09-27,1996-09-17,Renault,Sochi Autodrom,Race circuit,Esteban Ocon,9,27,8776,2016-08-28,1491,RUS,FRA,FRA,0,0,92624.0,92434.0,190.0,7.0
2020,2020-09-27,1996-02-07,AlphaTauri,Sochi Autodrom,Race circuit,Pierre Gasly,9,27,8999,2017-10-01,1092,RUS,FRA,ITA,0,0,93000.0,92434.0,566.0,9.0
2020,2020-09-27,1996-03-23,Red Bull,Sochi Autodrom,Race circuit,Alexander Albon,9,27,8954,2019-03-17,560,RUS,THA,AUT,0,0,93008.0,92434.0,574.0,10.0
2020,2020-09-27,1999-11-13,McLaren,Sochi Autodrom,Race circuit,Lando Norris,9,27,7624,2019-03-17,560,RUS,GBR,GBR,0,0,92847.0,92434.0,414.0,8.0
2020,2020-09-27,1994-09-01,McLaren,Sochi Autodrom,Race circuit,Carlos Sainz,9,27,9523,2015-03-15,2023,RUS,ESP,GBR,0,0,92550.0,92434.0,116.0,6.0
2020,2020-10-11,1985-01-07,Mercedes,Nürburgring,Race circuit,Lewis Hamilton,10,11,13061,2007-03-18,4956,DEU,GBR,DEU,0,1,85390.0,86072.0,-682.0,2.0
2020,2020-10-11,1997-09-30,Red Bull,Nürburgring,Race circuit,Max Verstappen,10,11,8412,2015-03-15,2037,DEU,NLD,AUT,0,0,85467.0,86072.0,-604.0,3.0
2020,2020-10-11,1989-07-01,Renault,Nürburgring,Race circuit,Daniel Ricciardo,10,11,11425,2011-07-10,3381,DEU,AUS,FRA,0,0,86096.0,86072.0,24.0,6.0
2020,2020-10-11,1990-01-26,Racing Point,Nürburgring,Race circuit,Sergio Pérez,10,11,11216,2011-03-27,3486,DEU,MEX,GBR,0,0,86330.0,86072.0,258.0,9.0
2020,2020-10-11,1994-09-01,McLaren,Nürburgring,Race circuit,Carlos Sainz,10,11,9537,2015-03-15,2037,DEU,ESP,GBR,0,0,86361.0,86072.0,290.0,10.0
2020,2020-10-11,1997-10-16,Ferrari,Nürburgring,Race circuit,Charles Leclerc,10,11,8396,2018-03-25,931,DEU,MCO,ITA,0,0,86035.0,86072.0,-36.0,4.0
2020,2020-10-11,1999-11-13,McLaren,Nürburgring,Race circuit,Lando Norris,10,11,7638,2019-03-17,574,DEU,GBR,GBR,0,0,86316.0,86072.0,244.0,8.0
2020,2020-10-11,1996-03-23,Red Bull,Nürburgring,Race circuit,Alexander Albon,10,11,8968,2019-03-17,574,DEU,THA,AUT,0,0,86047.0,86072.0,-24.0,5.0
2020,2020-10-11,1996-09-17,Renault,Nürburgring,Race circuit,Esteban Ocon,10,11,8790,2016-08-28,1505,DEU,FRA,FRA,0,0,86242.0,86072.0,170.0,7.0
2020,2020-10-11,1989-08-28,Mercedes,Nürburgring,Race circuit,Valtteri Bottas,10,11,11367,2013-03-17,2765,DEU,FIN,DEU,0,1,85269.0,86072.0,-802.0,1.0
2020,2020-10-25,1985-01-07,Mercedes,Autódromo Internacional do Algarve,Race circuit,Lewis Hamilton,10,25,13075,2007-03-18,4970,PRT,GBR,DEU,0,0,76652.0,77129.0,-477.0,2.0
2020,2020-10-25,1989-08-28,Mercedes,Autódromo Internacional do Algarve,Race circuit,Valtteri Bottas,10,25,11381,2013-03-17,2779,PRT,FIN,DEU,0,0,76466.0,77129.0,-663.0,1.0
2020,2020-10-25,1997-09-30,Red Bull,Autódromo Internacional do Algarve,Race circuit,Max Verstappen,10,25,8426,2015-03-15,2051,PRT,NLD,AUT,0,0,76879.0,77129.0,-250.0,3.0
2020,2020-10-25,1997-10-16,Ferrari,Autódromo Internacional do Algarve,Race circuit,Charles Leclerc,10,25,8410,2018-03-25,945,PRT,MCO,ITA,0,0,77090.0,77129.0,-39.0,4.0
2020,2020-10-25,1996-02-07,AlphaTauri,Autódromo Internacional do Algarve,Race circuit,Pierre Gasly,10,25,9027,2017-10-01,1120,PRT,FRA,ITA,0,0,77209.0,77129.0,80.0,7.0
2020,2020-10-25,1994-09-01,McLaren,Autódromo Internacional do Algarve,Race circuit,Carlos Sainz,10,25,9551,2015-03-15,2051,PRT,ESP,GBR,0,0,77183.0,77129.0,54.0,6.0
2020,2020-10-25,1990-01-26,Racing Point,Autódromo Internacional do Algarve,Race circuit,Sergio Pérez,10,25,11230,2011-03-27,3500,PRT,MEX,GBR,0,0,77129.0,77129.0,0.0,5.0
2020,2020-10-25,1996-03-23,Red Bull,Autódromo Internacional do Algarve,Race circuit,Alexander Albon,10,25,8982,2019-03-17,588,PRT,THA,AUT,0,0,77411.0,77129.0,282.0,9.0
2020,2020-10-25,1999-11-13,McLaren,Autódromo Internacional do Algarve,Race circuit,Lando Norris,10,25,7652,2019-03-17,588,PRT,GBR,GBR,0,0,77321.0,77129.0,192.0,8.0
2020,2020-11-01,1985-01-07,Mercedes,Autodromo Enzo e Dino Ferrari,Race circuit,Lewis Hamilton,11,1,13082,2007-03-18,4977,ITA,GBR,DEU,0,0,73706.0,74546.0,-840.0,2.0
2020,2020-11-01,1989-08-28,Mercedes,Autodromo Enzo e Dino Ferrari,Race circuit,Valtteri Bottas,11,1,11388,2013-03-17,2786,ITA,FIN,DEU,0,0,73609.0,74546.0,-937.0,1.0
2020,2020-11-01,1989-07-01,Renault,Autodromo Enzo e Dino Ferrari,Race circuit,Daniel Ricciardo,11,1,11446,2011-07-10,3402,ITA,AUS,FRA,0,0,74520.0,74546.0,-26.0,5.0
2020,2020-11-01,1994-04-26,AlphaTauri,Autodromo Enzo e Dino Ferrari,Race circuit,Daniil Kvyat,11,1,9686,2014-03-16,2422,ITA,RUS,ITA,0,1,74696.0,74546.0,150.0,8.0
2020,2020-11-01,1997-10-16,Ferrari,Autodromo Enzo e Dino Ferrari,Race circuit,Charles Leclerc,11,1,8417,2018-03-25,952,ITA,MCO,ITA,0,1,74616.0,74546.0,70.0,7.0
2020,2020-11-01,1994-09-01,McLaren,Autodromo Enzo e Dino Ferrari,Race circuit,Carlos Sainz,11,1,9558,2015-03-15,2058,ITA,ESP,GBR,0,0,74911.0,74546.0,365.0,10.0
2020,2020-11-01,1999-11-13,McLaren,Autodromo Enzo e Dino Ferrari,Race circuit,Lando Norris,11,1,7659,2019-03-17,595,ITA,GBR,GBR,0,0,74814.0,74546.0,268.0,9.0
2020,2020-11-01,1996-03-23,Red Bull,Autodromo Enzo e Dino Ferrari,Race circuit,Alexander Albon,11,1,8989,2019-03-17,595,ITA,THA,AUT,0,0,74572.0,74546.0,26.0,6.0
2020,2020-11-01,1997-09-30,Red Bull,Autodromo Enzo e Dino Ferrari,Race circuit,Max Verstappen,11,1,8433,2015-03-15,2058,ITA,NLD,AUT,0,0,74176.0,74546.0,-370.0,3.0
2020,2020-11-01,1996-02-07,AlphaTauri,Autodromo Enzo e Dino Ferrari,Race circuit,Pierre Gasly,11,1,9034,2017-10-01,1127,ITA,FRA,ITA,0,1,74502.0,74546.0,-44.0,4.0
2020,2020-11-15,1985-01-07,Mercedes,Istanbul Park,Race circuit,Lewis Hamilton,11,15,13096,2007-03-18,4991,TUR,GBR,DEU,0,0,112560.0,112078.0,482.0,6.0
2020,2020-11-15,1990-01-26,Racing Point,Istanbul Park,Race circuit,Sergio Pérez,11,15,11251,2011-03-27,3521,TUR,MEX,GBR,0,0,109321.0,112078.0,-2756.0,3.0
2020,2020-11-15,1997-09-30,Red Bull,Istanbul Park,Race circuit,Max Verstappen,11,15,8447,2015-03-15,2072,TUR,NLD,AUT,0,0,108055.0,112078.0,-4022.0,2.0
2020,2020-11-15,1996-03-23,Red Bull,Istanbul Park,Race circuit,Alexander Albon,11,15,9003,2019-03-17,609,TUR,THA,AUT,0,0,110448.0,112078.0,-1630.0,4.0
2020,2020-11-15,1998-10-29,Racing Point,Istanbul Park,Race circuit,Lance Stroll,11,15,8053,2017-03-26,1330,TUR,CAN,GBR,0,0,107765.0,112078.0,-4312.0,1.0
2020,2020-11-15,1989-07-01,Renault,Istanbul Park,Race circuit,Daniel Ricciardo,11,15,11460,2011-07-10,3416,TUR,AUS,FRA,0,0,111595.0,112078.0,-482.0,5.0
2020,2020-11-15,1996-09-17,Renault,Istanbul Park,Race circuit,Esteban Ocon,11,15,8825,2016-08-28,1540,TUR,FRA,FRA,0,0,112622.0,112078.0,544.0,7.0
2020,2020-11-15,1989-08-28,Mercedes,Istanbul Park,Race circuit,Valtteri Bottas,11,15,11402,2013-03-17,2800,TUR,FIN,DEU,0,0,113258.0,112078.0,1180.0,9.0
2020,2020-11-15,1979-10-17,Alfa Romeo,Istanbul Park,Race circuit,Kimi Räikkönen,11,15,15005,2001-03-04,7196,TUR,FIN,CHE,0,0,112745.0,112078.0,668.0,8.0
2020,2020-11-15,1993-12-14,Alfa Romeo,Istanbul Park,Race circuit,Antonio Giovinazzi,11,15,9833,2017-03-26,1330,TUR,ITA,CHE,0,0,113431.0,112078.0,1354.0,10.0
2020,2020-11-29,1985-01-07,Mercedes,Bahrain International Circuit,Race circuit,Lewis Hamilton,11,29,13110,2007-03-18,5005,BHR,GBR,DEU,0,0,87264.0,88370.0,-1106.0,1.0
2020,2020-11-29,1997-09-30,Red Bull,Bahrain International Circuit,Race circuit,Max Verstappen,11,29,8461,2015-03-15,2086,BHR,NLD,AUT,0,0,87678.0,88370.0,-692.0,3.0
2020,2020-11-29,1996-03-23,Red Bull,Bahrain International Circuit,Race circuit,Alexander Albon,11,29,9017,2019-03-17,623,BHR,THA,AUT,0,0,88274.0,88370.0,-96.0,4.0
2020,2020-11-29,1999-11-13,McLaren,Bahrain International Circuit,Race circuit,Lando Norris,11,29,7687,2019-03-17,623,BHR,GBR,GBR,0,0,88542.0,88370.0,172.0,9.0
2020,2020-11-29,1996-02-07,AlphaTauri,Bahrain International Circuit,Race circuit,Pierre Gasly,11,29,9062,2017-10-01,1155,BHR,FRA,ITA,0,0,88448.0,88370.0,78.0,8.0
2020,2020-11-29,1989-07-01,Renault,Bahrain International Circuit,Race circuit,Daniel Ricciardo,11,29,11474,2011-07-10,3430,BHR,AUS,FRA,0,0,88417.0,88370.0,48.0,6.0
2020,2020-11-29,1989-08-28,Mercedes,Bahrain International Circuit,Race circuit,Valtteri Bottas,11,29,11416,2013-03-17,2814,BHR,FIN,DEU,0,0,87553.0,88370.0,-816.0,2.0
2020,2020-11-29,1996-09-17,Renault,Bahrain International Circuit,Race circuit,Esteban Ocon,11,29,8839,2016-08-28,1554,BHR,FRA,FRA,0,0,88419.0,88370.0,50.0,7.0
2020,2020-11-29,1994-04-26,AlphaTauri,Bahrain International Circuit,Race circuit,Daniil Kvyat,11,29,9714,2014-03-16,2450,BHR,RUS,ITA,0,0,88618.0,88370.0,248.0,10.0
2020,2020-11-29,1990-01-26,Racing Point,Bahrain International Circuit,Race circuit,Sergio Pérez,11,29,11265,2011-03-27,3535,BHR,MEX,GBR,0,0,88322.0,88370.0,-48.0,5.0
2020,2020-12-06,1990-01-26,Racing Point,Bahrain International Circuit,Race circuit,Sergio Pérez,12,6,11272,2011-03-27,3542,BHR,MEX,GBR,0,0,53787.0,53802.0,-16.0,5.0
2020,2020-12-06,1998-10-29,Racing Point,Bahrain International Circuit,Race circuit,Lance Stroll,12,6,8074,2017-03-26,1351,BHR,CAN,GBR,0,0,53840.0,53802.0,38.0,7.0
2020,2020-12-06,1994-09-01,McLaren,Bahrain International Circuit,Race circuit,Carlos Sainz,12,6,9593,2015-03-15,2093,BHR,ESP,GBR,0,0,53818.0,53802.0,16.0,6.0
2020,2020-12-06,1989-07-01,Renault,Bahrain International Circuit,Race circuit,Daniel Ricciardo,12,6,11481,2011-07-10,3437,BHR,AUS,FRA,0,0,53871.0,53802.0,68.0,9.0
2020,2020-12-06,1994-04-26,AlphaTauri,Bahrain International Circuit,Race circuit,Daniil Kvyat,12,6,9721,2014-03-16,2457,BHR,RUS,ITA,0,0,53856.0,53802.0,54.0,8.0
2020,2020-12-06,1989-08-28,Mercedes,Bahrain International Circuit,Race circuit,Valtteri Bottas,12,6,11423,2013-03-17,2821,BHR,FIN,DEU,0,0,53377.0,53802.0,-426.0,1.0
2020,2020-12-06,1998-02-15,Mercedes,Bahrain International Circuit,Race circuit,George Russell,12,6,8330,2019-03-17,630,BHR,GBR,DEU,0,0,53403.0,53802.0,-400.0,2.0
2020,2020-12-06,1996-02-07,AlphaTauri,Bahrain International Circuit,Race circuit,Pierre Gasly,12,6,9069,2017-10-01,1162,BHR,FRA,ITA,0,0,53941.0,53802.0,138.0,10.0
2020,2020-12-06,1997-09-30,Red Bull,Bahrain International Circuit,Race circuit,Max Verstappen,12,6,8468,2015-03-15,2093,BHR,NLD,AUT,0,0,53433.0,53802.0,-370.0,3.0
2020,2020-12-06,1997-10-16,Ferrari,Bahrain International Circuit,Race circuit,Charles Leclerc,12,6,8452,2018-03-25,987,BHR,MCO,ITA,0,0,53613.0,53802.0,-190.0,4.0
2020,2020-12-13,1997-09-30,Red Bull,Yas Marina Circuit,Race circuit,Max Verstappen,12,13,8475,2015-03-15,2100,ARE,NLD,AUT,0,0,95246.0,95693.0,-447.0,1.0
2020,2020-12-13,1989-08-28,Mercedes,Yas Marina Circuit,Race circuit,Valtteri Bottas,12,13,11430,2013-03-17,2828,ARE,FIN,DEU,0,0,95271.0,95693.0,-422.0,2.0
2020,2020-12-13,1985-01-07,Mercedes,Yas Marina Circuit,Race circuit,Lewis Hamilton,12,13,13124,2007-03-18,5019,ARE,GBR,DEU,0,0,95332.0,95693.0,-361.0,3.0
2020,2020-12-13,1996-03-23,Red Bull,Yas Marina Circuit,Race circuit,Alexander Albon,12,13,9031,2019-03-17,637,ARE,THA,AUT,0,0,95571.0,95693.0,-122.0,5.0
2020,2020-12-13,1999-11-13,McLaren,Yas Marina Circuit,Race circuit,Lando Norris,12,13,7701,2019-03-17,637,ARE,GBR,GBR,0,0,95497.0,95693.0,-196.0,4.0
2020,2020-12-13,1994-09-01,McLaren,Yas Marina Circuit,Race circuit,Carlos Sainz,12,13,9600,2015-03-15,2100,ARE,ESP,GBR,0,0,95815.0,95693.0,122.0,6.0
2020,2020-12-13,1996-02-07,AlphaTauri,Yas Marina Circuit,Race circuit,Pierre Gasly,12,13,9076,2017-10-01,1169,ARE,FRA,ITA,0,0,96242.0,95693.0,549.0,10.0
2020,2020-12-13,1998-10-29,Racing Point,Yas Marina Circuit,Race circuit,Lance Stroll,12,13,8081,2017-03-26,1358,ARE,CAN,GBR,0,0,96046.0,95693.0,353.0,9.0
2020,2020-12-13,1994-04-26,AlphaTauri,Yas Marina Circuit,Race circuit,Daniil Kvyat,12,13,9728,2014-03-16,2464,ARE,RUS,ITA,0,0,95963.0,95693.0,270.0,8.0
2020,2020-12-13,1997-10-16,Ferrari,Yas Marina Circuit,Race circuit,Charles Leclerc,12,13,8459,2018-03-25,994,ARE,MCO,ITA,0,0,95881.0,95693.0,188.0,7.0
2021,2021-03-28,1985-01-07,Mercedes,Bahrain International Circuit,Race circuit,Lewis Hamilton,3,28,13229,2007-03-18,5124,BHR,GBR,DEU,0,0,89385.0,89868.0,-483.0,2.0
2021,2021-03-28,1997-09-30,Red Bull,Bahrain International Circuit,Race circuit,Max Verstappen,3,28,8580,2015-03-15,2205,BHR,NLD,AUT,0,0,88997.0,89868.0,-871.0,1.0
2021,2021-03-28,1989-08-28,Mercedes,Bahrain International Circuit,Race circuit,Valtteri Bottas,3,28,11535,2013-03-17,2933,BHR,FIN,DEU,0,0,89586.0,89868.0,-282.0,3.0
2021,2021-03-28,1999-11-13,McLaren,Bahrain International Circuit,Race circuit,Lando Norris,3,28,7806,2019-03-17,742,BHR,GBR,GBR,0,0,89974.0,89868.0,106.0,7.0
2021,2021-03-28,1997-10-16,Ferrari,Bahrain International Circuit,Race circuit,Charles Leclerc,3,28,8564,2018-03-25,1099,BHR,MCO,ITA,0,0,89678.0,89868.0,-190.0,4.0
2021,2021-03-28,1989-07-01,McLaren,Bahrain International Circuit,Race circuit,Daniel Ricciardo,3,28,11593,2011-07-10,3549,BHR,AUS,GBR,0,0,89927.0,89868.0,59.0,6.0
2021,2021-03-28,1994-09-01,Ferrari,Bahrain International Circuit,Race circuit,Carlos Sainz,3,28,9705,2015-03-15,2205,BHR,ESP,ITA,0,0,90009.0,89868.0,141.0,8.0
2021,2021-03-28,1998-10-29,Aston Martin,Bahrain International Circuit,Race circuit,Lance Stroll,3,28,8186,2017-03-26,1463,BHR,CAN,GBR,0,0,90601.0,89868.0,733.0,10.0
2021,2021-03-28,1996-02-07,AlphaTauri,Bahrain International Circuit,Race circuit,Pierre Gasly,3,28,9181,2017-10-01,1274,BHR,FRA,ITA,0,0,89809.0,89868.0,-59.0,5.0
2021,2021-03-28,1981-07-29,Alpine F1 Team,Bahrain International Circuit,Race circuit,Fernando Alonso,3,28,14487,2001-03-04,7329,BHR,ESP,FRA,0,0,90249.0,89868.0,381.0,9.0
2021,2021-04-18,1997-09-30,Red Bull,Autodromo Enzo e Dino Ferrari,Race circuit,Max Verstappen,4,18,8601,2015-03-15,2226,ITA,NLD,AUT,0,0,74498.0,74718.0,-220.0,3.0
2021,2021-04-18,1985-01-07,Mercedes,Autodromo Enzo e Dino Ferrari,Race circuit,Lewis Hamilton,4,18,13250,2007-03-18,5145,ITA,GBR,DEU,0,0,74411.0,74718.0,-307.0,1.0
2021,2021-04-18,1999-11-13,McLaren,Autodromo Enzo e Dino Ferrari,Race circuit,Lando Norris,4,18,7827,2019-03-17,763,ITA,GBR,GBR,0,0,74718.0,74718.0,0.0,5.0
2021,2021-04-18,1997-10-16,Ferrari,Autodromo Enzo e Dino Ferrari,Race circuit,Charles Leclerc,4,18,8585,2018-03-25,1120,ITA,MCO,ITA,0,1,74740.0,74718.0,22.0,6.0
2021,2021-04-18,1989-07-01,McLaren,Autodromo Enzo e Dino Ferrari,Race circuit,Daniel Ricciardo,4,18,11614,2011-07-10,3570,ITA,AUS,GBR,0,0,74826.0,74718.0,108.0,8.0
2021,2021-04-18,1996-02-07,AlphaTauri,Autodromo Enzo e Dino Ferrari,Race circuit,Pierre Gasly,4,18,9202,2017-10-01,1295,ITA,FRA,ITA,0,1,74790.0,74718.0,72.0,7.0
2021,2021-04-18,1996-09-17,Alpine F1 Team,Autodromo Enzo e Dino Ferrari,Race circuit,Esteban Ocon,4,18,8979,2016-08-28,1694,ITA,FRA,FRA,0,0,75117.0,74718.0,399.0,9.0
2021,2021-04-18,1990-01-26,Red Bull,Autodromo Enzo e Dino Ferrari,Race circuit,Sergio Pérez,4,18,11405,2011-03-27,3675,ITA,MEX,AUT,0,0,74446.0,74718.0,-272.0,2.0
2021,2021-04-18,1989-08-28,Mercedes,Autodromo Enzo e Dino Ferrari,Race circuit,Valtteri Bottas,4,18,11556,2013-03-17,2954,ITA,FIN,DEU,0,0,74672.0,74718.0,-46.0,4.0
2021,2021-05-02,1985-01-07,Mercedes,Autódromo Internacional do Algarve,Race circuit,Lewis Hamilton,5,2,13264,2007-03-18,5159,PRT,GBR,DEU,0,0,77968.0,78710.0,-742.0,1.0
2021,2021-05-02,1997-09-30,Red Bull,Autódromo Internacional do Algarve,Race circuit,Max Verstappen,5,2,8615,2015-03-15,2240,PRT,NLD,AUT,0,0,78650.0,78710.0,-60.0,5.0
2021,2021-05-02,1989-08-28,Mercedes,Autódromo Internacional do Algarve,Race circuit,Valtteri Bottas,5,2,11570,2013-03-17,2968,PRT,FIN,DEU,0,0,78348.0,78710.0,-362.0,2.0
2021,2021-05-02,1990-01-26,Red Bull,Autódromo Internacional do Algarve,Race circuit,Sergio Pérez,5,2,11419,2011-03-27,3689,PRT,MEX,AUT,0,0,78845.0,78710.0,136.0,8.0
2021,2021-05-02,1999-11-13,McLaren,Autódromo Internacional do Algarve,Race circuit,Lando Norris,5,2,7841,2019-03-17,777,PRT,GBR,GBR,0,0,78481.0,78710.0,-228.0,3.0
2021,2021-05-02,1997-10-16,Ferrari,Autódromo Internacional do Algarve,Race circuit,Charles Leclerc,5,2,8599,2018-03-25,1134,PRT,MCO,ITA,0,0,78769.0,78710.0,60.0,6.0
2021,2021-05-02,1996-09-17,Alpine F1 Team,Autódromo Internacional do Algarve,Race circuit,Esteban Ocon,5,2,8993,2016-08-28,1708,PRT,FRA,FRA,0,0,78586.0,78710.0,-124.0,4.0
2021,2021-05-02,1996-02-07,AlphaTauri,Autódromo Internacional do Algarve,Race circuit,Pierre Gasly,5,2,9216,2017-10-01,1309,PRT,FRA,ITA,0,0,79052.0,78710.0,342.0,10.0
2021,2021-05-02,1994-09-01,Ferrari,Autódromo Internacional do Algarve,Race circuit,Carlos Sainz,5,2,9740,2015-03-15,2240,PRT,ESP,ITA,0,0,78813.0,78710.0,104.0,7.0
2021,2021-05-02,1987-07-03,Aston Martin,Autódromo Internacional do Algarve,Race circuit,Sebastian Vettel,5,2,12357,2007-06-17,5068,PRT,DEU,GBR,0,0,78970.0,78710.0,260.0,9.0
2021,2021-05-09,1985-01-07,Mercedes,Circuit de Barcelona-Catalunya,Race circuit,Lewis Hamilton,5,9,13271,2007-03-18,5166,ESP,GBR,DEU,0,0,76741.0,77600.0,-859.0,1.0
2021,2021-05-09,1997-09-30,Red Bull,Circuit de Barcelona-Catalunya,Race circuit,Max Verstappen,5,9,8622,2015-03-15,2247,ESP,NLD,AUT,0,0,76777.0,77600.0,-823.0,2.0
2021,2021-05-09,1989-08-28,Mercedes,Circuit de Barcelona-Catalunya,Race circuit,Valtteri Bottas,5,9,11577,2013-03-17,2975,ESP,FIN,DEU,0,0,76873.0,77600.0,-727.0,3.0
2021,2021-05-09,1997-10-16,Ferrari,Circuit de Barcelona-Catalunya,Race circuit,Charles Leclerc,5,9,8606,2018-03-25,1141,ESP,MCO,ITA,0,0,77510.0,77600.0,-90.0,4.0
2021,2021-05-09,1990-01-26,Red Bull,Circuit de Barcelona-Catalunya,Race circuit,Sergio Pérez,5,9,11426,2011-03-27,3696,ESP,MEX,AUT,0,0,77669.0,77600.0,69.0,8.0
2021,2021-05-09,1989-07-01,McLaren,Circuit de Barcelona-Catalunya,Race circuit,Daniel Ricciardo,5,9,11635,2011-07-10,3591,ESP,AUS,GBR,0,0,77622.0,77600.0,22.0,7.0
2021,2021-05-09,1994-09-01,Ferrari,Circuit de Barcelona-Catalunya,Race circuit,Carlos Sainz,5,9,9747,2015-03-15,2247,ESP,ESP,ITA,1,0,77620.0,77600.0,20.0,6.0
2021,2021-05-09,1999-11-13,McLaren,Circuit de Barcelona-Catalunya,Race circuit,Lando Norris,5,9,7848,2019-03-17,784,ESP,GBR,GBR,0,0,77696.0,77600.0,96.0,9.0
2021,2021-05-09,1996-09-17,Alpine F1 Team,Circuit de Barcelona-Catalunya,Race circuit,Esteban Ocon,5,9,9000,2016-08-28,1715,ESP,FRA,FRA,0,0,77580.0,77600.0,-20.0,5.0
2021,2021-05-09,1981-07-29,Alpine F1 Team,Circuit de Barcelona-Catalunya,Race circuit,Fernando Alonso,5,9,14529,2001-03-04,7371,ESP,ESP,FRA,1,0,77966.0,77600.0,366.0,10.0
2021,2021-05-23,1994-09-01,Ferrari,Circuit de Monaco,Street circuit,Carlos Sainz,5,23,9761,2015-03-15,2261,MCO,ESP,ITA,0,0,70611.0,70760.0,-149.0,4.0
2021,2021-05-23,1997-09-30,Red Bull,Circuit de Monaco,Street circuit,Max Verstappen,5,23,8636,2015-03-15,2261,MCO,NLD,AUT,0,0,70576.0,70760.0,-184.0,2.0
2021,2021-05-23,1999-11-13,McLaren,Circuit de Monaco,Street circuit,Lando Norris,5,23,7862,2019-03-17,798,MCO,GBR,GBR,0,0,70620.0,70760.0,-140.0,5.0
2021,2021-05-23,1990-01-26,Red Bull,Circuit de Monaco,Street circuit,Sergio Pérez,5,23,11440,2011-03-27,3710,MCO,MEX,AUT,0,0,71019.0,70760.0,259.0,7.0
2021,2021-05-23,1987-07-03,Aston Martin,Circuit de Monaco,Street circuit,Sebastian Vettel,5,23,12378,2007-06-17,5089,MCO,DEU,GBR,0,0,71309.0,70760.0,549.0,9.0
2021,2021-05-23,1996-02-07,AlphaTauri,Circuit de Monaco,Street circuit,Pierre Gasly,5,23,9237,2017-10-01,1330,MCO,FRA,ITA,0,0,70900.0,70760.0,140.0,6.0
2021,2021-05-23,1985-01-07,Mercedes,Circuit de Monaco,Street circuit,Lewis Hamilton,5,23,13285,2007-03-18,5180,MCO,GBR,DEU,0,0,71095.0,70760.0,335.0,8.0
2021,2021-05-23,1993-12-14,Alfa Romeo,Circuit de Monaco,Street circuit,Antonio Giovinazzi,5,23,10022,2017-03-26,1519,MCO,ITA,CHE,0,0,71409.0,70760.0,649.0,10.0
2021,2021-05-23,1989-08-28,Mercedes,Circuit de Monaco,Street circuit,Valtteri Bottas,5,23,11591,2013-03-17,2989,MCO,FIN,DEU,0,0,70601.0,70760.0,-159.0,3.0
2021,2021-05-23,1997-10-16,Ferrari,Circuit de Monaco,Street circuit,Charles Leclerc,5,23,8620,2018-03-25,1155,MCO,MCO,ITA,1,0,70346.0,70760.0,-414.0,1.0
2021,2021-06-06,1990-01-26,Red Bull,Baku City Circuit,Street circuit,Sergio Pérez,6,6,11454,2011-03-27,3724,AZE,MEX,AUT,0,0,101630.0,101603.0,27.0,6.0
2021,2021-06-06,1996-02-07,AlphaTauri,Baku City Circuit,Street circuit,Pierre Gasly,6,6,9251,2017-10-01,1344,AZE,FRA,ITA,0,0,101565.0,101603.0,-38.0,4.0
2021,2021-06-06,1997-10-16,Ferrari,Baku City Circuit,Street circuit,Charles Leclerc,6,6,8634,2018-03-25,1169,AZE,MCO,ITA,0,0,101218.0,101603.0,-385.0,1.0
2021,2021-06-06,1999-11-13,McLaren,Baku City Circuit,Street circuit,Lando Norris,6,6,7876,2019-03-17,812,AZE,GBR,GBR,0,0,101747.0,101603.0,144.0,8.0
2021,2021-06-06,1981-07-29,Alpine F1 Team,Baku City Circuit,Street circuit,Fernando Alonso,6,6,14557,2001-03-04,7399,AZE,ESP,FRA,0,0,102195.0,101603.0,592.0,10.0
2021,2021-06-06,2000-05-11,AlphaTauri,Baku City Circuit,Street circuit,Yuki Tsunoda,6,6,7696,2021-03-28,70,AZE,JPN,ITA,0,0,101654.0,101603.0,51.0,7.0
2021,2021-06-06,1994-09-01,Ferrari,Baku City Circuit,Street circuit,Carlos Sainz,6,6,9775,2015-03-15,2275,AZE,ESP,ITA,0,0,101576.0,101603.0,-27.0,5.0
2021,2021-06-06,1989-08-28,Mercedes,Baku City Circuit,Street circuit,Valtteri Bottas,6,6,11605,2013-03-17,3003,AZE,FIN,DEU,0,0,102106.0,101603.0,503.0,9.0
2021,2021-06-06,1985-01-07,Mercedes,Baku City Circuit,Street circuit,Lewis Hamilton,6,6,13299,2007-03-18,5194,AZE,GBR,DEU,0,0,101450.0,101603.0,-153.0,2.0
2021,2021-06-06,1997-09-30,Red Bull,Baku City Circuit,Street circuit,Max Verstappen,6,6,8650,2015-03-15,2275,AZE,NLD,AUT,0,0,101563.0,101603.0,-40.0,3.0
2021,2021-06-20,1997-09-30,Red Bull,Circuit Paul Ricard,Race circuit,Max Verstappen,6,20,8664,2015-03-15,2289,FRA,NLD,AUT,0,0,89990.0,90854.0,-864.0,1.0
2021,2021-06-20,1985-01-07,Mercedes,Circuit Paul Ricard,Race circuit,Lewis Hamilton,6,20,13313,2007-03-18,5208,FRA,GBR,DEU,0,0,90248.0,90854.0,-606.0,2.0
2021,2021-06-20,1990-01-26,Red Bull,Circuit Paul Ricard,Race circuit,Sergio Pérez,6,20,11468,2011-03-27,3738,FRA,MEX,AUT,0,0,90445.0,90854.0,-409.0,4.0
2021,2021-06-20,1989-08-28,Mercedes,Circuit Paul Ricard,Race circuit,Valtteri Bottas,6,20,11619,2013-03-17,3017,FRA,FIN,DEU,0,0,90376.0,90854.0,-478.0,3.0
2021,2021-06-20,1999-11-13,McLaren,Circuit Paul Ricard,Race circuit,Lando Norris,6,20,7890,2019-03-17,826,FRA,GBR,GBR,0,0,91252.0,90854.0,398.0,8.0
2021,2021-06-20,1989-07-01,McLaren,Circuit Paul Ricard,Race circuit,Daniel Ricciardo,6,20,11677,2011-07-10,3633,FRA,AUS,GBR,0,0,91382.0,90854.0,528.0,10.0
2021,2021-06-20,1996-02-07,AlphaTauri,Circuit Paul Ricard,Race circuit,Pierre Gasly,6,20,9265,2017-10-01,1358,FRA,FRA,ITA,1,0,90868.0,90854.0,14.0,6.0
2021,2021-06-20,1981-07-29,Alpine F1 Team,Circuit Paul Ricard,Race circuit,Fernando Alonso,6,20,14571,2001-03-04,7413,FRA,ESP,FRA,0,1,91340.0,90854.0,486.0,9.0
2021,2021-06-20,1994-09-01,Ferrari,Circuit Paul Ricard,Race circuit,Carlos Sainz,6,20,9789,2015-03-15,2289,FRA,ESP,ITA,0,0,90840.0,90854.0,-14.0,5.0
2021,2021-06-20,1997-10-16,Ferrari,Circuit Paul Ricard,Race circuit,Charles Leclerc,6,20,8648,2018-03-25,1183,FRA,MCO,ITA,0,0,90987.0,90854.0,133.0,7.0
2021,2021-06-27,1997-09-30,Red Bull,Red Bull Ring,Race circuit,Max Verstappen,6,27,8671,2015-03-15,2296,AUT,NLD,AUT,0,1,63841.0,64202.0,-361.0,1.0
2021,2021-06-27,1985-01-07,Mercedes,Red Bull Ring,Race circuit,Lewis Hamilton,6,27,13320,2007-03-18,5215,AUT,GBR,DEU,0,0,64067.0,64202.0,-135.0,3.0
2021,2021-06-27,1989-08-28,Mercedes,Red Bull Ring,Race circuit,Valtteri Bottas,6,27,11626,2013-03-17,3024,AUT,FIN,DEU,0,0,64035.0,64202.0,-167.0,2.0
2021,2021-06-27,1990-01-26,Red Bull,Red Bull Ring,Race circuit,Sergio Pérez,6,27,11475,2011-03-27,3745,AUT,MEX,AUT,0,1,64168.0,64202.0,-34.0,5.0
2021,2021-06-27,1999-11-13,McLaren,Red Bull Ring,Race circuit,Lando Norris,6,27,7897,2019-03-17,833,AUT,GBR,GBR,0,0,64120.0,64202.0,-82.0,4.0
2021,2021-06-27,1997-10-16,Ferrari,Red Bull Ring,Race circuit,Charles Leclerc,6,27,8655,2018-03-25,1190,AUT,MCO,ITA,0,0,64472.0,64202.0,270.0,7.0
2021,2021-06-27,1998-10-29,Aston Martin,Red Bull Ring,Race circuit,Lance Stroll,6,27,8277,2017-03-26,1554,AUT,CAN,GBR,0,0,64663.0,64202.0,461.0,10.0
2021,2021-06-27,1981-07-29,Alpine F1 Team,Red Bull Ring,Race circuit,Fernando Alonso,6,27,14578,2001-03-04,7420,AUT,ESP,FRA,0,0,64574.0,64202.0,372.0,9.0
2021,2021-06-27,2000-05-11,AlphaTauri,Red Bull Ring,Race circuit,Yuki Tsunoda,6,27,7717,2021-03-28,91,AUT,JPN,ITA,0,0,64514.0,64202.0,312.0,8.0
2021,2021-06-27,1996-02-07,AlphaTauri,Red Bull Ring,Race circuit,Pierre Gasly,6,27,9272,2017-10-01,1365,AUT,FRA,ITA,0,0,64236.0,64202.0,34.0,6.0
2021,2021-07-04,1997-09-30,Red Bull,Red Bull Ring,Race circuit,Max Verstappen,7,4,8678,2015-03-15,2303,AUT,NLD,AUT,0,1,63720.0,64078.0,-358.0,1.0
2021,2021-07-04,1989-08-28,Mercedes,Red Bull Ring,Race circuit,Valtteri Bottas,7,4,11633,2013-03-17,3031,AUT,FIN,DEU,0,0,64049.0,64078.0,-29.0,5.0
2021,2021-07-04,1999-11-13,McLaren,Red Bull Ring,Race circuit,Lando Norris,7,4,7904,2019-03-17,840,AUT,GBR,GBR,0,0,63768.0,64078.0,-310.0,2.0
2021,2021-07-04,1985-01-07,Mercedes,Red Bull Ring,Race circuit,Lewis Hamilton,7,4,13327,2007-03-18,5222,AUT,GBR,DEU,0,0,64014.0,64078.0,-64.0,4.0
2021,2021-07-04,1990-01-26,Red Bull,Red Bull Ring,Race circuit,Sergio Pérez,7,4,11482,2011-03-27,3752,AUT,MEX,AUT,0,1,63990.0,64078.0,-88.0,3.0
2021,2021-07-04,1996-02-07,AlphaTauri,Red Bull Ring,Race circuit,Pierre Gasly,7,4,9279,2017-10-01,1372,AUT,FRA,ITA,0,0,64107.0,64078.0,29.0,6.0
2021,2021-07-04,1998-02-15,Williams,Red Bull Ring,Race circuit,George Russell,7,4,8540,2019-03-17,840,AUT,GBR,GBR,0,0,64553.0,64078.0,475.0,10.0
2021,2021-07-04,2000-05-11,AlphaTauri,Red Bull Ring,Race circuit,Yuki Tsunoda,7,4,7724,2021-03-28,98,AUT,JPN,ITA,0,0,64273.0,64078.0,195.0,7.0
2021,2021-07-04,1998-10-29,Aston Martin,Red Bull Ring,Race circuit,Lance Stroll,7,4,8284,2017-03-26,1561,AUT,CAN,GBR,0,0,64547.0,64078.0,469.0,9.0
2021,2021-07-04,1987-07-03,Aston Martin,Red Bull Ring,Race circuit,Sebastian Vettel,7,4,12420,2007-06-17,5131,AUT,DEU,GBR,0,0,64493.0,64078.0,415.0,8.0
2021,2021-07-18,1985-01-07,Mercedes,Silverstone Circuit,Race circuit,Lewis Hamilton,7,18,13341,2007-03-18,5236,GBR,GBR,DEU,1,0,86023.0,86846.0,-823.0,1.0
2021,2021-07-18,1997-10-16,Ferrari,Silverstone Circuit,Race circuit,Charles Leclerc,7,18,8676,2018-03-25,1211,GBR,MCO,ITA,0,0,86828.0,86846.0,-18.0,4.0
2021,2021-07-18,1989-08-28,Mercedes,Silverstone Circuit,Race circuit,Valtteri Bottas,7,18,11647,2013-03-17,3045,GBR,FIN,DEU,0,0,86328.0,86846.0,-518.0,3.0
2021,2021-07-18,1999-11-13,McLaren,Silverstone Circuit,Race circuit,Lando Norris,7,18,7918,2019-03-17,854,GBR,GBR,GBR,1,1,86897.0,86846.0,51.0,7.0
2021,2021-07-18,1989-07-01,McLaren,Silverstone Circuit,Race circuit,Daniel Ricciardo,7,18,11705,2011-07-10,3661,GBR,AUS,GBR,0,1,86899.0,86846.0,53.0,8.0
2021,2021-07-18,1994-09-01,Ferrari,Silverstone Circuit,Race circuit,Carlos Sainz,7,18,9817,2015-03-15,2317,GBR,ESP,ITA,0,0,86848.0,86846.0,2.0,6.0
2021,2021-07-18,1998-02-15,Williams,Silverstone Circuit,Race circuit,George Russell,7,18,8554,2019-03-17,854,GBR,GBR,GBR,1,1,86971.0,86846.0,125.0,9.0
2021,2021-07-18,1990-01-26,Red Bull,Silverstone Circuit,Race circuit,Sergio Pérez,7,18,11496,2011-03-27,3766,GBR,MEX,AUT,0,0,86844.0,86846.0,-2.0,5.0
2021,2021-07-18,1987-07-03,Aston Martin,Silverstone Circuit,Race circuit,Sebastian Vettel,7,18,12434,2007-06-17,5145,GBR,DEU,GBR,0,1,87103.0,86846.0,257.0,10.0
2021,2021-07-18,1997-09-30,Red Bull,Silverstone Circuit,Race circuit,Max Verstappen,7,18,8692,2015-03-15,2317,GBR,NLD,AUT,0,0,86209.0,86846.0,-637.0,2.0
2021,2021-08-01,1996-09-17,Alpine F1 Team,Hungaroring,Race circuit,Esteban Ocon,8,1,9084,2016-08-28,1799,HUN,FRA,FRA,0,0,76653.0,76408.0,246.0,9.0
2021,2021-08-01,1985-01-07,Mercedes,Hungaroring,Race circuit,Lewis Hamilton,8,1,13355,2007-03-18,5250,HUN,GBR,DEU,0,0,75419.0,76408.0,-988.0,1.0
2021,2021-08-01,1981-07-29,Alpine F1 Team,Hungaroring,Race circuit,Fernando Alonso,8,1,14613,2001-03-04,7455,HUN,ESP,FRA,0,0,76541.0,76408.0,134.0,8.0
2021,2021-08-01,1996-02-07,AlphaTauri,Hungaroring,Race circuit,Pierre Gasly,8,1,9307,2017-10-01,1400,HUN,FRA,ITA,0,0,76394.0,76408.0,-14.0,5.0
2021,2021-08-01,1997-09-30,Red Bull,Hungaroring,Race circuit,Max Verstappen,8,1,8706,2015-03-15,2331,HUN,NLD,AUT,0,0,75650.0,76408.0,-758.0,2.0
2021,2021-08-01,1999-11-13,McLaren,Hungaroring,Race circuit,Lando Norris,8,1,7932,2019-03-17,868,HUN,GBR,GBR,0,0,76385.0,76408.0,-22.0,4.0
2021,2021-08-01,1989-08-28,Mercedes,Hungaroring,Race circuit,Valtteri Bottas,8,1,11661,2013-03-17,3059,HUN,FIN,DEU,0,0,75734.0,76408.0,-674.0,3.0
2021,2021-08-01,1990-01-26,Red Bull,Hungaroring,Race circuit,Sergio Pérez,8,1,11510,2011-03-27,3780,HUN,MEX,AUT,0,0,76421.0,76408.0,14.0,6.0
2021,2021-08-01,1997-10-16,Ferrari,Hungaroring,Race circuit,Charles Leclerc,8,1,8690,2018-03-25,1225,HUN,MCO,ITA,0,0,76496.0,76408.0,88.0,7.0
2021,2021-08-01,1987-07-03,Aston Martin,Hungaroring,Race circuit,Sebastian Vettel,8,1,12448,2007-06-17,5159,HUN,DEU,GBR,0,0,76750.0,76408.0,342.0,10.0
2021,2021-08-29,1997-09-30,Red Bull,Circuit de Spa-Francorchamps,Race circuit,Max Verstappen,8,29,8734,2015-03-15,2359,BEL,NLD,AUT,0,0,116559.0,116814.0,-255.0,4.0
2021,2021-08-29,1998-02-15,Williams,Circuit de Spa-Francorchamps,Race circuit,George Russell,8,29,8596,2019-03-17,896,BEL,GBR,GBR,0,0,116950.0,116814.0,136.0,7.0
2021,2021-08-29,1985-01-07,Mercedes,Circuit de Spa-Francorchamps,Race circuit,Lewis Hamilton,8,29,13383,2007-03-18,5278,BEL,GBR,DEU,0,0,116229.0,116814.0,-585.0,1.0
2021,2021-08-29,1989-07-01,McLaren,Circuit de Spa-Francorchamps,Race circuit,Daniel Ricciardo,8,29,11747,2011-07-10,3703,BEL,AUS,GBR,0,0,117127.0,116814.0,313.0,8.0
2021,2021-08-29,1987-07-03,Aston Martin,Circuit de Spa-Francorchamps,Race circuit,Sebastian Vettel,8,29,12476,2007-06-17,5187,BEL,DEU,GBR,0,0,116814.0,116814.0,0.0,5.0
2021,2021-08-29,1996-02-07,AlphaTauri,Circuit de Spa-Francorchamps,Race circuit,Pierre Gasly,8,29,9335,2017-10-01,1428,BEL,FRA,ITA,0,0,116440.0,116814.0,-374.0,3.0
2021,2021-08-29,1996-09-17,Alpine F1 Team,Circuit de Spa-Francorchamps,Race circuit,Esteban Ocon,8,29,9112,2016-08-28,1827,BEL,FRA,FRA,0,0,117354.0,116814.0,540.0,9.0
2021,2021-08-29,1989-08-28,Mercedes,Circuit de Spa-Francorchamps,Race circuit,Valtteri Bottas,8,29,11689,2013-03-17,3087,BEL,FIN,DEU,0,0,116295.0,116814.0,-519.0,2.0
2021,2021-08-29,1990-01-26,Red Bull,Circuit de Spa-Francorchamps,Race circuit,Sergio Pérez,8,29,11538,2011-03-27,3808,BEL,MEX,AUT,0,0,116886.0,116814.0,72.0,6.0
2021,2021-09-05,1997-09-30,Red Bull,Circuit Park Zandvoort,Race circuit,Max Verstappen,9,5,8741,2015-03-15,2366,NLD,NLD,AUT,1,0,68885.0,69508.0,-622.0,1.0
2021,2021-09-05,1985-01-07,Mercedes,Circuit Park Zandvoort,Race circuit,Lewis Hamilton,9,5,13390,2007-03-18,5285,NLD,GBR,DEU,0,0,68923.0,69508.0,-584.0,2.0
2021,2021-09-05,1989-08-28,Mercedes,Circuit Park Zandvoort,Race circuit,Valtteri Bottas,9,5,11696,2013-03-17,3094,NLD,FIN,DEU,0,0,69222.0,69508.0,-286.0,3.0
2021,2021-09-05,1996-02-07,AlphaTauri,Circuit Park Zandvoort,Race circuit,Pierre Gasly,9,5,9342,2017-10-01,1435,NLD,FRA,ITA,0,0,69478.0,69508.0,-30.0,5.0
2021,2021-09-05,1997-10-16,Ferrari,Circuit Park Zandvoort,Race circuit,Charles Leclerc,9,5,8725,2018-03-25,1260,NLD,MCO,ITA,0,0,69437.0,69508.0,-70.0,4.0
2021,2021-09-05,1981-07-29,Alpine F1 Team,Circuit Park Zandvoort,Race circuit,Fernando Alonso,9,5,14648,2001-03-04,7490,NLD,ESP,FRA,0,0,69956.0,69508.0,448.0,10.0
2021,2021-09-05,1994-09-01,Ferrari,Circuit Park Zandvoort,Race circuit,Carlos Sainz,9,5,9866,2015-03-15,2366,NLD,ESP,ITA,0,0,69537.0,69508.0,30.0,6.0
2021,2021-09-05,1996-09-17,Alpine F1 Team,Circuit Park Zandvoort,Race circuit,Esteban Ocon,9,5,9119,2016-08-28,1834,NLD,FRA,FRA,0,0,69919.0,69508.0,412.0,9.0
2021,2021-09-05,1989-07-01,McLaren,Circuit Park Zandvoort,Race circuit,Daniel Ricciardo,9,5,11754,2011-07-10,3710,NLD,AUS,GBR,0,0,69865.0,69508.0,358.0,8.0
2021,2021-09-05,1993-12-14,Alfa Romeo,Circuit Park Zandvoort,Race circuit,Antonio Giovinazzi,9,5,10127,2017-03-26,1624,NLD,ITA,CHE,0,0,69590.0,69508.0,82.0,7.0
2021,2021-09-12,1989-07-01,McLaren,Autodromo Nazionale di Monza,Race circuit,Daniel Ricciardo,9,12,11761,2011-07-10,3717,ITA,AUS,GBR,0,0,79995.0,80128.0,-132.0,5.0
2021,2021-09-12,1999-11-13,McLaren,Autodromo Nazionale di Monza,Race circuit,Lando Norris,9,12,7974,2019-03-17,910,ITA,GBR,GBR,0,0,79989.0,80128.0,-138.0,4.0
2021,2021-09-12,1989-08-28,Mercedes,Autodromo Nazionale di Monza,Race circuit,Valtteri Bottas,9,12,11703,2013-03-17,3101,ITA,FIN,DEU,0,0,79555.0,80128.0,-572.0,1.0
2021,2021-09-12,1997-10-16,Ferrari,Autodromo Nazionale di Monza,Race circuit,Charles Leclerc,9,12,8732,2018-03-25,1267,ITA,MCO,ITA,0,1,80510.0,80128.0,382.0,8.0
2021,2021-09-12,1990-01-26,Red Bull,Autodromo Nazionale di Monza,Race circuit,Sergio Pérez,9,12,11552,2011-03-27,3822,ITA,MEX,AUT,0,0,80611.0,80128.0,484.0,9.0
2021,2021-09-12,1994-09-01,Ferrari,Autodromo Nazionale di Monza,Race circuit,Carlos Sainz,9,12,9873,2015-03-15,2373,ITA,ESP,ITA,0,1,80462.0,80128.0,334.0,7.0
2021,2021-09-12,1993-12-14,Alfa Romeo,Autodromo Nazionale di Monza,Race circuit,Antonio Giovinazzi,9,12,10134,2017-03-26,1631,ITA,ITA,CHE,1,0,80726.0,80128.0,598.0,10.0
2021,2021-09-12,1985-01-07,Mercedes,Autodromo Nazionale di Monza,Race circuit,Lewis Hamilton,9,12,13397,2007-03-18,5292,ITA,GBR,DEU,0,0,79651.0,80128.0,-476.0,2.0
2021,2021-09-12,1997-09-30,Red Bull,Autodromo Nazionale di Monza,Race circuit,Max Verstappen,9,12,8748,2015-03-15,2373,ITA,NLD,AUT,0,0,79966.0,80128.0,-162.0,3.0
2021,2021-09-12,1996-02-07,AlphaTauri,Autodromo Nazionale di Monza,Race circuit,Pierre Gasly,9,12,9349,2017-10-01,1442,ITA,FRA,ITA,0,1,80260.0,80128.0,132.0,6.0
2021,2021-09-26,1985-01-07,Mercedes,Sochi Autodrom,Race circuit,Lewis Hamilton,9,26,13411,2007-03-18,5306,RUS,GBR,DEU,0,0,104050.0,104180.0,-130.0,4.0
2021,2021-09-26,1994-09-01,Ferrari,Sochi Autodrom,Race circuit,Carlos Sainz,9,26,9887,2015-03-15,2387,RUS,ESP,ITA,0,0,102510.0,104180.0,-1670.0,2.0
2021,2021-09-26,1989-07-01,McLaren,Sochi Autodrom,Race circuit,Daniel Ricciardo,9,26,11775,2011-07-10,3731,RUS,AUS,GBR,0,0,104156.0,104180.0,-24.0,5.0
2021,2021-09-26,1989-08-28,Mercedes,Sochi Autodrom,Race circuit,Valtteri Bottas,9,26,11717,2013-03-17,3115,RUS,FIN,DEU,0,0,104710.0,104180.0,530.0,7.0
2021,2021-09-26,1981-07-29,Alpine F1 Team,Sochi Autodrom,Race circuit,Fernando Alonso,9,26,14669,2001-03-04,7511,RUS,ESP,FRA,0,0,104204.0,104180.0,24.0,6.0
2021,2021-09-26,1999-11-13,McLaren,Sochi Autodrom,Race circuit,Lando Norris,9,26,7988,2019-03-17,924,RUS,GBR,GBR,0,0,101993.0,104180.0,-2187.0,1.0
2021,2021-09-26,1990-01-26,Red Bull,Sochi Autodrom,Race circuit,Sergio Pérez,9,26,11566,2011-03-27,3836,RUS,MEX,AUT,0,0,105337.0,104180.0,1157.0,9.0
2021,2021-09-26,1998-02-15,Williams,Sochi Autodrom,Race circuit,George Russell,9,26,8624,2019-03-17,924,RUS,GBR,GBR,0,0,102983.0,104180.0,-1197.0,3.0
2021,2021-09-26,1998-10-29,Aston Martin,Sochi Autodrom,Race circuit,Lance Stroll,9,26,8368,2017-03-26,1645,RUS,CAN,GBR,0,0,104956.0,104180.0,776.0,8.0
2021,2021-09-26,1996-09-17,Alpine F1 Team,Sochi Autodrom,Race circuit,Esteban Ocon,9,26,9140,2016-08-28,1855,RUS,FRA,FRA,0,0,105865.0,104180.0,1685.0,10.0
2021,2021-10-10,1989-08-28,Mercedes,Istanbul Park,Race circuit,Valtteri Bottas,10,10,11731,2013-03-17,3129,TUR,FIN,DEU,0,0,82998.0,83402.0,-404.0,2.0
2021,2021-10-10,1997-09-30,Red Bull,Istanbul Park,Race circuit,Max Verstappen,10,10,8776,2015-03-15,2401,TUR,NLD,AUT,0,0,83196.0,83402.0,-206.0,3.0
2021,2021-10-10,1990-01-26,Red Bull,Istanbul Park,Race circuit,Sergio Pérez,10,10,11580,2011-03-27,3850,TUR,MEX,AUT,0,0,83706.0,83402.0,304.0,7.0
2021,2021-10-10,1997-10-16,Ferrari,Istanbul Park,Race circuit,Charles Leclerc,10,10,8760,2018-03-25,1295,TUR,MCO,ITA,0,0,83265.0,83402.0,-136.0,4.0
2021,2021-10-10,1985-01-07,Mercedes,Istanbul Park,Race circuit,Lewis Hamilton,10,10,13425,2007-03-18,5320,TUR,GBR,DEU,0,0,82868.0,83402.0,-534.0,1.0
2021,2021-10-10,1996-02-07,AlphaTauri,Istanbul Park,Race circuit,Pierre Gasly,10,10,9377,2017-10-01,1470,TUR,FRA,ITA,0,0,83326.0,83402.0,-76.0,5.0
2021,2021-10-10,1999-11-13,McLaren,Istanbul Park,Race circuit,Lando Norris,10,10,8002,2019-03-17,938,TUR,GBR,GBR,0,0,83954.0,83402.0,552.0,8.0
2021,2021-10-10,1998-10-29,Aston Martin,Istanbul Park,Race circuit,Lance Stroll,10,10,8382,2017-03-26,1659,TUR,CAN,GBR,0,0,84305.0,83402.0,904.0,10.0
2021,2021-10-10,2000-05-11,AlphaTauri,Istanbul Park,Race circuit,Yuki Tsunoda,10,10,7822,2021-03-28,196,TUR,JPN,ITA,0,0,84054.0,83402.0,652.0,9.0
2021,2021-10-10,1981-07-29,Alpine F1 Team,Istanbul Park,Race circuit,Fernando Alonso,10,10,14683,2001-03-04,7525,TUR,ESP,FRA,0,0,83477.0,83402.0,76.0,6.0
2021,2021-10-24,1997-09-30,Red Bull,Circuit of the Americas,Race circuit,Max Verstappen,10,24,8790,2015-03-15,2415,USA,NLD,AUT,0,0,92910.0,93699.0,-789.0,1.0
2021,2021-10-24,1985-01-07,Mercedes,Circuit of the Americas,Race circuit,Lewis Hamilton,10,24,13439,2007-03-18,5334,USA,GBR,DEU,0,0,93119.0,93699.0,-580.0,2.0
2021,2021-10-24,1990-01-26,Red Bull,Circuit of the Americas,Race circuit,Sergio Pérez,10,24,11594,2011-03-27,3864,USA,MEX,AUT,0,0,93134.0,93699.0,-565.0,3.0
2021,2021-10-24,1997-10-16,Ferrari,Circuit of the Americas,Race circuit,Charles Leclerc,10,24,8774,2018-03-25,1309,USA,MCO,ITA,0,0,93606.0,93699.0,-93.0,5.0
2021,2021-10-24,1989-07-01,McLaren,Circuit of the Americas,Race circuit,Daniel Ricciardo,10,24,11803,2011-07-10,3759,USA,AUS,GBR,0,0,93808.0,93699.0,109.0,7.0
2021,2021-10-24,1989-08-28,Mercedes,Circuit of the Americas,Race circuit,Valtteri Bottas,10,24,11745,2013-03-17,3143,USA,FIN,DEU,0,0,93475.0,93699.0,-224.0,4.0
2021,2021-10-24,1994-09-01,Ferrari,Circuit of the Americas,Race circuit,Carlos Sainz,10,24,9915,2015-03-15,2415,USA,ESP,ITA,0,0,93792.0,93699.0,93.0,6.0
2021,2021-10-24,1999-11-13,McLaren,Circuit of the Americas,Race circuit,Lando Norris,10,24,8016,2019-03-17,952,USA,GBR,GBR,0,0,93880.0,93699.0,181.0,8.0
2021,2021-10-24,2000-05-11,AlphaTauri,Circuit of the Americas,Race circuit,Yuki Tsunoda,10,24,7836,2021-03-28,210,USA,JPN,ITA,0,0,94918.0,93699.0,1219.0,10.0
2021,2021-10-24,1996-02-07,AlphaTauri,Circuit of the Americas,Race circuit,Pierre Gasly,10,24,9391,2017-10-01,1484,USA,FRA,ITA,0,0,94118.0,93699.0,419.0,9.0
2021,2021-11-07,1997-09-30,Red Bull,Autódromo Hermanos Rodríguez,Race circuit,Max Verstappen,11,7,8804,2015-03-15,2429,MEX,NLD,AUT,0,0,76225.0,76578.0,-354.0,3.0
2021,2021-11-07,1985-01-07,Mercedes,Autódromo Hermanos Rodríguez,Race circuit,Lewis Hamilton,11,7,13453,2007-03-18,5348,MEX,GBR,DEU,0,0,76020.0,76578.0,-558.0,2.0
2021,2021-11-07,1990-01-26,Red Bull,Autódromo Hermanos Rodríguez,Race circuit,Sergio Pérez,11,7,11608,2011-03-27,3878,MEX,MEX,AUT,1,0,76342.0,76578.0,-236.0,4.0
2021,2021-11-07,1996-02-07,AlphaTauri,Autódromo Hermanos Rodríguez,Race circuit,Pierre Gasly,11,7,9405,2017-10-01,1498,MEX,FRA,ITA,0,0,76456.0,76578.0,-122.0,5.0
2021,2021-11-07,1997-10-16,Ferrari,Autódromo Hermanos Rodríguez,Race circuit,Charles Leclerc,11,7,8788,2018-03-25,1323,MEX,MCO,ITA,0,0,76748.0,76578.0,170.0,7.0
2021,2021-11-07,1994-09-01,Ferrari,Autódromo Hermanos Rodríguez,Race circuit,Carlos Sainz,11,7,9929,2015-03-15,2429,MEX,ESP,ITA,0,0,76761.0,76578.0,182.0,8.0
2021,2021-11-07,1999-11-13,McLaren,Autódromo Hermanos Rodríguez,Race circuit,Lando Norris,11,7,8030,2019-03-17,966,MEX,GBR,GBR,0,0,77473.0,76578.0,894.0,10.0
2021,2021-11-07,1989-07-01,McLaren,Autódromo Hermanos Rodríguez,Race circuit,Daniel Ricciardo,11,7,11817,2011-07-10,3773,MEX,AUS,GBR,0,0,76763.0,76578.0,184.0,9.0
2021,2021-11-07,1989-08-28,Mercedes,Autódromo Hermanos Rodríguez,Race circuit,Valtteri Bottas,11,7,11759,2013-03-17,3157,MEX,FIN,DEU,0,0,75875.0,76578.0,-704.0,1.0
2021,2021-11-07,2000-05-11,AlphaTauri,Autódromo Hermanos Rodríguez,Race circuit,Yuki Tsunoda,11,7,7850,2021-03-28,224,MEX,JPN,ITA,0,0,76701.0,76578.0,122.0,6.0
2021,2021-11-14,1985-01-07,Mercedes,Autódromo José Carlos Pace,Race circuit,Lewis Hamilton,11,14,13460,2007-03-18,5355,BRA,GBR,DEU,0,0,67934.0,68802.0,-868.0,1.0
2021,2021-11-14,1997-09-30,Red Bull,Autódromo José Carlos Pace,Race circuit,Max Verstappen,11,14,8811,2015-03-15,2436,BRA,NLD,AUT,0,0,68372.0,68802.0,-430.0,2.0
2021,2021-11-14,1989-08-28,Mercedes,Autódromo José Carlos Pace,Race circuit,Valtteri Bottas,11,14,11766,2013-03-17,3164,BRA,FIN,DEU,0,0,68426.0,68802.0,-376.0,3.0
2021,2021-11-14,1990-01-26,Red Bull,Autódromo José Carlos Pace,Race circuit,Sergio Pérez,11,14,11615,2011-03-27,3885,BRA,MEX,AUT,0,0,68483.0,68802.0,-318.0,4.0
2021,2021-11-14,1997-10-16,Ferrari,Autódromo José Carlos Pace,Race circuit,Charles Leclerc,11,14,8795,2018-03-25,1330,BRA,MCO,ITA,0,0,68859.0,68802.0,58.0,7.0
2021,2021-11-14,1994-09-01,Ferrari,Autódromo José Carlos Pace,Race circuit,Carlos Sainz,11,14,9936,2015-03-15,2436,BRA,ESP,ITA,0,0,68826.0,68802.0,24.0,6.0
2021,2021-11-14,1996-02-07,AlphaTauri,Autódromo José Carlos Pace,Race circuit,Pierre Gasly,11,14,9412,2017-10-01,1505,BRA,FRA,ITA,0,0,68777.0,68802.0,-24.0,5.0
2021,2021-11-14,1981-07-29,Alpine F1 Team,Autódromo José Carlos Pace,Race circuit,Fernando Alonso,11,14,14718,2001-03-04,7560,BRA,ESP,FRA,0,0,69113.0,68802.0,312.0,10.0
2021,2021-11-14,1999-11-13,McLaren,Autódromo José Carlos Pace,Race circuit,Lando Norris,11,14,8037,2019-03-17,973,BRA,GBR,GBR,0,0,68980.0,68802.0,178.0,8.0
2021,2021-11-14,1989-07-01,McLaren,Autódromo José Carlos Pace,Race circuit,Daniel Ricciardo,11,14,11824,2011-07-10,3780,BRA,AUS,GBR,0,0,69039.0,68802.0,238.0,9.0
2021,2021-11-21,1985-01-07,Mercedes,Losail International Circuit,Race circuit,Lewis Hamilton,11,21,13467,2007-03-18,5362,QAT,GBR,DEU,0,0,80827.0,81700.0,-874.0,1.0
2021,2021-11-21,1997-09-30,Red Bull,Losail International Circuit,Race circuit,Max Verstappen,11,21,8818,2015-03-15,2443,QAT,NLD,AUT,0,0,81282.0,81700.0,-418.0,2.0
2021,2021-11-21,1981-07-29,Alpine F1 Team,Losail International Circuit,Race circuit,Fernando Alonso,11,21,14725,2001-03-04,7567,QAT,ESP,FRA,0,0,81670.0,81700.0,-30.0,5.0
2021,2021-11-21,1996-09-17,Alpine F1 Team,Losail International Circuit,Race circuit,Esteban Ocon,11,21,9196,2016-08-28,1911,QAT,FRA,FRA,0,0,82012.0,81700.0,312.0,9.0
2021,2021-11-21,1994-09-01,Ferrari,Losail International Circuit,Race circuit,Carlos Sainz,11,21,9943,2015-03-15,2443,QAT,ESP,ITA,0,0,81840.0,81700.0,140.0,7.0
2021,2021-11-21,1999-11-13,McLaren,Losail International Circuit,Race circuit,Lando Norris,11,21,8044,2019-03-17,980,QAT,GBR,GBR,0,0,81731.0,81700.0,30.0,6.0
2021,2021-11-21,1987-07-03,Aston Martin,Losail International Circuit,Race circuit,Sebastian Vettel,11,21,12560,2007-06-17,5271,QAT,DEU,GBR,0,0,82146.0,81700.0,446.0,10.0
2021,2021-11-21,1996-02-07,AlphaTauri,Losail International Circuit,Race circuit,Pierre Gasly,11,21,9419,2017-10-01,1512,QAT,FRA,ITA,0,0,81640.0,81700.0,-60.0,4.0
2021,2021-11-21,2000-05-11,AlphaTauri,Losail International Circuit,Race circuit,Yuki Tsunoda,11,21,7864,2021-03-28,238,QAT,JPN,ITA,0,0,81881.0,81700.0,180.0,8.0
2021,2021-11-21,1989-08-28,Mercedes,Losail International Circuit,Race circuit,Valtteri Bottas,11,21,11773,2013-03-17,3171,QAT,FIN,DEU,0,0,81478.0,81700.0,-222.0,3.0
2021,2021-12-05,1985-01-07,Mercedes,Jeddah Corniche Circuit,Street circuit,Lewis Hamilton,12,5,13481,2007-03-18,5376,SAU,GBR,DEU,0,0,87511.0,88090.0,-578.0,1.0
2021,2021-12-05,1997-09-30,Red Bull,Jeddah Corniche Circuit,Street circuit,Max Verstappen,12,5,8832,2015-03-15,2457,SAU,NLD,AUT,0,0,87653.0,88090.0,-436.0,3.0
2021,2021-12-05,1989-08-28,Mercedes,Jeddah Corniche Circuit,Street circuit,Valtteri Bottas,12,5,11787,2013-03-17,3185,SAU,FIN,DEU,0,0,87622.0,88090.0,-468.0,2.0
2021,2021-12-05,1996-09-17,Alpine F1 Team,Jeddah Corniche Circuit,Street circuit,Esteban Ocon,12,5,9210,2016-08-28,1925,SAU,FRA,FRA,0,0,88574.0,88090.0,484.0,9.0
2021,2021-12-05,1996-02-07,AlphaTauri,Jeddah Corniche Circuit,Street circuit,Pierre Gasly,12,5,9433,2017-10-01,1526,SAU,FRA,ITA,0,0,88125.0,88090.0,36.0,6.0
2021,2021-12-05,1997-10-16,Ferrari,Jeddah Corniche Circuit,Street circuit,Charles Leclerc,12,5,8816,2018-03-25,1351,SAU,MCO,ITA,0,0,88054.0,88090.0,-36.0,5.0
2021,2021-12-05,1993-12-14,Alfa Romeo,Jeddah Corniche Circuit,Street circuit,Antonio Giovinazzi,12,5,10218,2017-03-26,1715,SAU,ITA,CHE,0,0,88616.0,88090.0,526.0,10.0
2021,2021-12-05,1999-11-13,McLaren,Jeddah Corniche Circuit,Street circuit,Lando Norris,12,5,8058,2019-03-17,994,SAU,GBR,GBR,0,0,88180.0,88090.0,90.0,7.0
2021,2021-12-05,2000-05-11,AlphaTauri,Jeddah Corniche Circuit,Street circuit,Yuki Tsunoda,12,5,7878,2021-03-28,252,SAU,JPN,ITA,0,0,88222.0,88090.0,132.0,8.0
2021,2021-12-05,1990-01-26,Red Bull,Jeddah Corniche Circuit,Street circuit,Sergio Pérez,12,5,11636,2011-03-27,3906,SAU,MEX,AUT,0,0,87946.0,88090.0,-144.0,4.0
2021,2021-12-12,1997-09-30,Red Bull,Yas Marina Circuit,Race circuit,Max Verstappen,12,12,8839,2015-03-15,2464,ARE,NLD,AUT,0,0,82109.0,83014.0,-905.0,1.0
2021,2021-12-12,1985-01-07,Mercedes,Yas Marina Circuit,Race circuit,Lewis Hamilton,12,12,13488,2007-03-18,5383,ARE,GBR,DEU,0,0,82480.0,83014.0,-534.0,2.0
2021,2021-12-12,1994-09-01,Ferrari,Yas Marina Circuit,Race circuit,Carlos Sainz,12,12,9964,2015-03-15,2464,ARE,ESP,ITA,0,0,82992.0,83014.0,-22.0,5.0
2021,2021-12-12,2000-05-11,AlphaTauri,Yas Marina Circuit,Race circuit,Yuki Tsunoda,12,12,7885,2021-03-28,259,ARE,JPN,ITA,0,0,83220.0,83014.0,206.0,8.0
2021,2021-12-12,1989-08-28,Mercedes,Yas Marina Circuit,Race circuit,Valtteri Bottas,12,12,11794,2013-03-17,3192,ARE,FIN,DEU,0,0,83036.0,83014.0,22.0,6.0
2021,2021-12-12,1999-11-13,McLaren,Yas Marina Circuit,Race circuit,Lando Norris,12,12,8065,2019-03-17,1001,ARE,GBR,GBR,0,0,82931.0,83014.0,-83.0,3.0
2021,2021-12-12,1996-09-17,Alpine F1 Team,Yas Marina Circuit,Race circuit,Esteban Ocon,12,12,9217,2016-08-28,1932,ARE,FRA,FRA,0,0,83389.0,83014.0,375.0,9.0
2021,2021-12-12,1997-10-16,Ferrari,Yas Marina Circuit,Race circuit,Charles Leclerc,12,12,8823,2018-03-25,1358,ARE,MCO,ITA,0,0,83122.0,83014.0,108.0,7.0
2021,2021-12-12,1989-07-01,McLaren,Yas Marina Circuit,Race circuit,Daniel Ricciardo,12,12,11852,2011-07-10,3808,ARE,AUS,GBR,0,0,83409.0,83014.0,395.0,10.0
2021,2021-12-12,1990-01-26,Red Bull,Yas Marina Circuit,Race circuit,Sergio Pérez,12,12,11643,2011-03-27,3913,ARE,MEX,AUT,0,0,82947.0,83014.0,-67.0,4.0
2022,2022-03-20,1997-10-16,Ferrari,Bahrain International Circuit,Race circuit,Charles Leclerc,3,20,8921,2018-03-25,1456,BHR,MCO,ITA,0,0,90558.0,91150.0,-592.0,1.0
2022,2022-03-20,1994-09-01,Ferrari,Bahrain International Circuit,Race circuit,Carlos Sainz,3,20,10062,2015-03-15,2562,BHR,ESP,ITA,0,0,90687.0,91150.0,-463.0,3.0
2022,2022-03-20,1985-01-07,Mercedes,Bahrain International Circuit,Race circuit,Lewis Hamilton,3,20,13586,2007-03-18,5481,BHR,GBR,DEU,0,0,91048.0,91150.0,-102.0,5.0
2022,2022-03-20,1998-02-15,Mercedes,Bahrain International Circuit,Race circuit,George Russell,3,20,8799,2019-03-17,1099,BHR,GBR,DEU,0,0,91252.0,91150.0,102.0,6.0
2022,2022-03-20,1992-10-05,Haas F1 Team,Bahrain International Circuit,Race circuit,Kevin Magnussen,3,20,10758,2014-03-16,2926,BHR,DNK,USA,0,0,91461.0,91150.0,311.0,7.0
2022,2022-03-20,1989-08-28,Alfa Romeo,Bahrain International Circuit,Race circuit,Valtteri Bottas,3,20,11892,2013-03-17,3290,BHR,FIN,CHE,0,0,91560.0,91150.0,410.0,8.0
2022,2022-03-20,1981-07-29,Alpine F1 Team,Bahrain International Circuit,Race circuit,Fernando Alonso,3,20,14844,2001-03-04,7686,BHR,ESP,FRA,0,0,91621.0,91150.0,471.0,9.0
2022,2022-03-20,1990-01-26,Red Bull,Bahrain International Circuit,Race circuit,Sergio Pérez,3,20,11741,2011-03-27,4011,BHR,MEX,AUT,0,0,90921.0,91150.0,-229.0,4.0
2022,2022-03-20,1997-09-30,Red Bull,Bahrain International Circuit,Race circuit,Max Verstappen,3,20,8937,2015-03-15,2562,BHR,NLD,AUT,0,0,90681.0,91150.0,-469.0,2.0
2022,2022-03-20,1996-02-07,AlphaTauri,Bahrain International Circuit,Race circuit,Pierre Gasly,3,20,9538,2017-10-01,1631,BHR,FRA,ITA,0,0,91635.0,91150.0,485.0,10.0
2022,2022-03-27,1997-09-30,Red Bull,Jeddah Corniche Circuit,Street circuit,Max Verstappen,3,27,8944,2015-03-15,2569,SAU,NLD,AUT,0,0,88461.0,89086.0,-625.0,4.0
2022,2022-03-27,1997-10-16,Ferrari,Jeddah Corniche Circuit,Street circuit,Charles Leclerc,3,27,8928,2018-03-25,1463,SAU,MCO,ITA,0,0,88225.0,89086.0,-861.0,2.0
2022,2022-03-27,1994-09-01,Ferrari,Jeddah Corniche Circuit,Street circuit,Carlos Sainz,3,27,10069,2015-03-15,2569,SAU,ESP,ITA,0,0,88402.0,89086.0,-684.0,3.0
2022,2022-03-27,1990-01-26,Red Bull,Jeddah Corniche Circuit,Street circuit,Sergio Pérez,3,27,11748,2011-03-27,4018,SAU,MEX,AUT,0,0,88200.0,89086.0,-886.0,1.0
2022,2022-03-27,1998-02-15,Mercedes,Jeddah Corniche Circuit,Street circuit,George Russell,3,27,8806,2019-03-17,1106,SAU,GBR,DEU,0,0,89104.0,89086.0,18.0,6.0
2022,2022-03-27,1996-09-17,Alpine F1 Team,Jeddah Corniche Circuit,Street circuit,Esteban Ocon,3,27,9322,2016-08-28,2037,SAU,FRA,FRA,0,0,89068.0,89086.0,-18.0,5.0
2022,2022-03-27,1996-02-07,AlphaTauri,Jeddah Corniche Circuit,Street circuit,Pierre Gasly,3,27,9545,2017-10-01,1638,SAU,FRA,ITA,0,0,89254.0,89086.0,168.0,9.0
2022,2022-03-27,1992-10-05,Haas F1 Team,Jeddah Corniche Circuit,Street circuit,Kevin Magnussen,3,27,10765,2014-03-16,2933,SAU,DNK,USA,0,0,89546.0,89086.0,460.0,10.0
2022,2022-03-27,1989-08-28,Alfa Romeo,Jeddah Corniche Circuit,Street circuit,Valtteri Bottas,3,27,11899,2013-03-17,3297,SAU,FIN,CHE,0,0,89183.0,89086.0,97.0,8.0
2022,2022-03-27,1981-07-29,Alpine F1 Team,Jeddah Corniche Circuit,Street circuit,Fernando Alonso,3,27,14851,2001-03-04,7693,SAU,ESP,FRA,0,0,89147.0,89086.0,61.0,7.0
2022,2022-04-10,1997-10-16,Ferrari,Albert Park Grand Prix Circuit,Street circuit,Charles Leclerc,4,10,8942,2018-03-25,1477,AUS,MCO,ITA,0,0,77868.0,78703.0,-835.0,1.0
2022,2022-04-10,1990-01-26,Red Bull,Albert Park Grand Prix Circuit,Street circuit,Sergio Pérez,4,10,11762,2011-03-27,4032,AUS,MEX,AUT,0,0,78240.0,78703.0,-463.0,3.0
2022,2022-04-10,1998-02-15,Mercedes,Albert Park Grand Prix Circuit,Street circuit,George Russell,4,10,8820,2019-03-17,1120,AUS,GBR,DEU,0,0,78933.0,78703.0,230.0,7.0
2022,2022-04-10,1985-01-07,Mercedes,Albert Park Grand Prix Circuit,Street circuit,Lewis Hamilton,4,10,13607,2007-03-18,5502,AUS,GBR,DEU,0,0,78825.0,78703.0,122.0,6.0
2022,2022-04-10,1999-11-13,McLaren,Albert Park Grand Prix Circuit,Street circuit,Lando Norris,4,10,8184,2019-03-17,1120,AUS,GBR,GBR,0,0,78703.0,78703.0,0.0,5.0
2022,2022-04-10,1989-07-01,McLaren,Albert Park Grand Prix Circuit,Street circuit,Daniel Ricciardo,4,10,11971,2011-07-10,3927,AUS,AUS,GBR,1,0,79032.0,78703.0,329.0,8.0
2022,2022-04-10,1996-09-17,Alpine F1 Team,Albert Park Grand Prix Circuit,Street circuit,Esteban Ocon,4,10,9336,2016-08-28,2051,AUS,FRA,FRA,0,0,79061.0,78703.0,358.0,9.0
2022,2022-04-10,1997-09-30,Red Bull,Albert Park Grand Prix Circuit,Street circuit,Max Verstappen,4,10,8958,2015-03-15,2583,AUS,NLD,AUT,0,0,78154.0,78703.0,-549.0,2.0
2022,2022-04-10,1994-09-01,Ferrari,Albert Park Grand Prix Circuit,Street circuit,Carlos Sainz,4,10,10083,2015-03-15,2583,AUS,ESP,ITA,0,0,78469.0,78703.0,-234.0,4.0
2022,2022-04-24,1997-09-30,Red Bull,Autodromo Enzo e Dino Ferrari,Race circuit,Max Verstappen,4,24,8972,2015-03-15,2597,ITA,NLD,AUT,0,0,78793.0,79595.0,-802.0,1.0
2022,2022-04-24,1990-01-26,Red Bull,Autodromo Enzo e Dino Ferrari,Race circuit,Sergio Pérez,4,24,11776,2011-03-27,4046,ITA,MEX,AUT,0,0,79296.0,79595.0,-299.0,4.0
2022,2022-04-24,1999-11-13,McLaren,Autodromo Enzo e Dino Ferrari,Race circuit,Lando Norris,4,24,8198,2019-03-17,1134,ITA,GBR,GBR,0,0,79294.0,79595.0,-301.0,3.0
2022,2022-04-24,1989-08-28,Alfa Romeo,Autodromo Enzo e Dino Ferrari,Race circuit,Valtteri Bottas,4,24,11927,2013-03-17,3325,ITA,FIN,CHE,0,0,80192.0,79595.0,597.0,9.0
2022,2022-04-24,1997-10-16,Ferrari,Autodromo Enzo e Dino Ferrari,Race circuit,Charles Leclerc,4,24,8956,2018-03-25,1491,ITA,MCO,ITA,0,1,78796.0,79595.0,-799.0,2.0
2022,2022-04-24,1987-07-03,Aston Martin,Autodromo Enzo e Dino Ferrari,Race circuit,Sebastian Vettel,4,24,12714,2007-06-17,5425,ITA,DEU,GBR,0,0,79957.0,79595.0,362.0,7.0
2022,2022-04-24,1992-10-05,Haas F1 Team,Autodromo Enzo e Dino Ferrari,Race circuit,Kevin Magnussen,4,24,10793,2014-03-16,2961,ITA,DNK,USA,0,0,79902.0,79595.0,307.0,6.0
2022,2022-04-24,1989-07-01,McLaren,Autodromo Enzo e Dino Ferrari,Race circuit,Daniel Ricciardo,4,24,11985,2011-07-10,3941,ITA,AUS,GBR,0,0,79980.0,79595.0,385.0,8.0
2022,2022-04-24,1981-07-29,Alpine F1 Team,Autodromo Enzo e Dino Ferrari,Race circuit,Fernando Alonso,4,24,14879,2001-03-04,7721,ITA,ESP,FRA,0,0,79595.0,79595.0,0.0,5.0
2022,2022-05-08,1997-09-30,Red Bull,Miami International Autodrome,Street circuit,Max Verstappen,5,8,8986,2015-03-15,2611,USA,NLD,AUT,0,0,88991.0,89550.0,-559.0,3.0
2022,2022-05-08,1997-10-16,Ferrari,Miami International Autodrome,Street circuit,Charles Leclerc,5,8,8970,2018-03-25,1505,USA,MCO,ITA,0,0,88796.0,89550.0,-754.0,1.0
2022,2022-05-08,1994-09-01,Ferrari,Miami International Autodrome,Street circuit,Carlos Sainz,5,8,10111,2015-03-15,2611,USA,ESP,ITA,0,0,88986.0,89550.0,-564.0,2.0
2022,2022-05-08,1990-01-26,Red Bull,Miami International Autodrome,Street circuit,Sergio Pérez,5,8,11790,2011-03-27,4060,USA,MEX,AUT,0,0,89036.0,89550.0,-514.0,4.0
2022,2022-05-08,1985-01-07,Mercedes,Miami International Autodrome,Street circuit,Lewis Hamilton,5,8,13635,2007-03-18,5530,USA,GBR,DEU,0,0,89625.0,89550.0,75.0,6.0
2022,2022-05-08,1989-08-28,Alfa Romeo,Miami International Autodrome,Street circuit,Valtteri Bottas,5,8,11941,2013-03-17,3339,USA,FIN,CHE,0,0,89475.0,89550.0,-75.0,5.0
2022,2022-05-08,1998-10-29,Aston Martin,Miami International Autodrome,Street circuit,Lance Stroll,5,8,8592,2017-03-26,1869,USA,CAN,GBR,0,0,89996.0,89550.0,446.0,10.0
2022,2022-05-08,2000-05-11,AlphaTauri,Miami International Autodrome,Street circuit,Yuki Tsunoda,5,8,8032,2021-03-28,406,USA,JPN,ITA,0,0,89932.0,89550.0,382.0,9.0
2022,2022-05-08,1996-02-07,AlphaTauri,Miami International Autodrome,Street circuit,Pierre Gasly,5,8,9587,2017-10-01,1680,USA,FRA,ITA,0,0,89690.0,89550.0,140.0,8.0
2022,2022-05-08,1999-11-13,McLaren,Miami International Autodrome,Street circuit,Lando Norris,5,8,8212,2019-03-17,1148,USA,GBR,GBR,0,0,89634.0,89550.0,84.0,7.0
2022,2022-05-22,1997-09-30,Red Bull,Circuit de Barcelona-Catalunya,Race circuit,Max Verstappen,5,22,9000,2015-03-15,2625,ESP,NLD,AUT,0,0,79073.0,79466.0,-393.0,2.0
2022,2022-05-22,1990-01-26,Red Bull,Circuit de Barcelona-Catalunya,Race circuit,Sergio Pérez,5,22,11804,2011-03-27,4074,ESP,MEX,AUT,0,0,79420.0,79466.0,-46.0,5.0
2022,2022-05-22,1998-02-15,Mercedes,Circuit de Barcelona-Catalunya,Race circuit,George Russell,5,22,8862,2019-03-17,1162,ESP,GBR,DEU,0,0,79393.0,79466.0,-73.0,4.0
2022,2022-05-22,1994-09-01,Ferrari,Circuit de Barcelona-Catalunya,Race circuit,Carlos Sainz,5,22,10125,2015-03-15,2625,ESP,ESP,ITA,1,0,79166.0,79466.0,-300.0,3.0
2022,2022-05-22,1985-01-07,Mercedes,Circuit de Barcelona-Catalunya,Race circuit,Lewis Hamilton,5,22,13649,2007-03-18,5544,ESP,GBR,DEU,0,0,79512.0,79466.0,46.0,6.0
2022,2022-05-22,1989-08-28,Alfa Romeo,Circuit de Barcelona-Catalunya,Race circuit,Valtteri Bottas,5,22,11955,2013-03-17,3353,ESP,FIN,CHE,0,0,79608.0,79466.0,142.0,7.0
2022,2022-05-22,1989-07-01,McLaren,Circuit de Barcelona-Catalunya,Race circuit,Daniel Ricciardo,5,22,12013,2011-07-10,3969,ESP,AUS,GBR,0,0,80287.0,79466.0,821.0,9.0
2022,2022-05-22,1999-03-22,Haas F1 Team,Circuit de Barcelona-Catalunya,Race circuit,Mick Schumacher,5,22,8462,2021-03-28,420,ESP,DEU,USA,0,0,80368.0,79466.0,902.0,10.0
2022,2022-05-22,1992-10-05,Haas F1 Team,Circuit de Barcelona-Catalunya,Race circuit,Kevin Magnussen,5,22,10821,2014-03-16,2989,ESP,DNK,USA,0,0,79682.0,79466.0,216.0,8.0
2022,2022-05-22,1997-10-16,Ferrari,Circuit de Barcelona-Catalunya,Race circuit,Charles Leclerc,5,22,8984,2018-03-25,1519,ESP,MCO,ITA,0,0,78750.0,79466.0,-716.0,1.0
2022,2022-05-29,1990-01-26,Red Bull,Circuit de Monaco,Street circuit,Sergio Pérez,5,29,11811,2011-03-27,4081,MCO,MEX,AUT,0,0,71629.0,71980.0,-352.0,3.0
2022,2022-05-29,1994-09-01,Ferrari,Circuit de Monaco,Street circuit,Carlos Sainz,5,29,10132,2015-03-15,2632,MCO,ESP,ITA,0,0,71601.0,71980.0,-380.0,2.0
2022,2022-05-29,1997-09-30,Red Bull,Circuit de Monaco,Street circuit,Max Verstappen,5,29,9007,2015-03-15,2632,MCO,NLD,AUT,0,0,71666.0,71980.0,-314.0,4.0
2022,2022-05-29,1997-10-16,Ferrari,Circuit de Monaco,Street circuit,Charles Leclerc,5,29,8991,2018-03-25,1526,MCO,MCO,ITA,1,0,71376.0,71980.0,-604.0,1.0
2022,2022-05-29,1998-02-15,Mercedes,Circuit de Monaco,Street circuit,George Russell,5,29,8869,2019-03-17,1169,MCO,GBR,DEU,0,0,72112.0,71980.0,132.0,6.0
2022,2022-05-29,1999-11-13,McLaren,Circuit de Monaco,Street circuit,Lando Norris,5,29,8233,2019-03-17,1169,MCO,GBR,GBR,0,0,71849.0,71980.0,-132.0,5.0
2022,2022-05-29,1981-07-29,Alpine F1 Team,Circuit de Monaco,Street circuit,Fernando Alonso,5,29,14914,2001-03-04,7756,MCO,ESP,FRA,0,0,72247.0,71980.0,266.0,7.0
2022,2022-05-29,1985-01-07,Mercedes,Circuit de Monaco,Street circuit,Lewis Hamilton,5,29,13656,2007-03-18,5551,MCO,GBR,DEU,0,0,72560.0,71980.0,580.0,9.0
2022,2022-05-29,1987-07-03,Aston Martin,Circuit de Monaco,Street circuit,Sebastian Vettel,5,29,12749,2007-06-17,5460,MCO,DEU,GBR,0,0,72613.0,71980.0,632.0,10.0
2022,2022-05-29,1996-09-17,Alpine F1 Team,Circuit de Monaco,Street circuit,Esteban Ocon,5,29,9385,2016-08-28,2100,MCO,FRA,FRA,0,0,72528.0,71980.0,548.0,8.0
2022,2022-06-12,1997-09-30,Red Bull,Baku City Circuit,Street circuit,Max Verstappen,6,12,9021,2015-03-15,2646,AZE,NLD,AUT,0,0,101706.0,102778.0,-1072.0,3.0
2022,2022-06-12,1990-01-26,Red Bull,Baku City Circuit,Street circuit,Sergio Pérez,6,12,11825,2011-03-27,4095,AZE,MEX,AUT,0,0,101641.0,102778.0,-1138.0,2.0
2022,2022-06-12,1998-02-15,Mercedes,Baku City Circuit,Street circuit,George Russell,6,12,8883,2019-03-17,1183,AZE,GBR,DEU,0,0,102712.0,102778.0,-66.0,5.0
2022,2022-06-12,1985-01-07,Mercedes,Baku City Circuit,Street circuit,Lewis Hamilton,6,12,13670,2007-03-18,5565,AZE,GBR,DEU,0,0,102924.0,102778.0,146.0,7.0
2022,2022-06-12,1996-02-07,AlphaTauri,Baku City Circuit,Street circuit,Pierre Gasly,6,12,9622,2017-10-01,1715,AZE,FRA,ITA,0,0,102845.0,102778.0,66.0,6.0
2022,2022-06-12,1987-07-03,Aston Martin,Baku City Circuit,Street circuit,Sebastian Vettel,6,12,12763,2007-06-17,5474,AZE,DEU,GBR,0,0,103091.0,102778.0,312.0,9.0
2022,2022-06-12,1981-07-29,Alpine F1 Team,Baku City Circuit,Street circuit,Fernando Alonso,6,12,14928,2001-03-04,7770,AZE,ESP,FRA,0,0,103173.0,102778.0,394.0,10.0
2022,2022-06-12,2000-05-11,AlphaTauri,Baku City Circuit,Street circuit,Yuki Tsunoda,6,12,8067,2021-03-28,441,AZE,JPN,ITA,0,0,103056.0,102778.0,278.0,8.0
2022,2022-06-12,1997-10-16,Ferrari,Baku City Circuit,Street circuit,Charles Leclerc,6,12,9005,2018-03-25,1540,AZE,MCO,ITA,0,0,101359.0,102778.0,-1420.0,1.0
2022,2022-06-12,1994-09-01,Ferrari,Baku City Circuit,Street circuit,Carlos Sainz,6,12,10146,2015-03-15,2646,AZE,ESP,ITA,0,0,101814.0,102778.0,-964.0,4.0
2022,2022-06-19,1997-09-30,Red Bull,Circuit Gilles Villeneuve,Street circuit,Max Verstappen,6,19,9028,2015-03-15,2653,CAN,NLD,AUT,0,0,81299.0,83158.0,-1859.0,1.0
2022,2022-06-19,1994-09-01,Ferrari,Circuit Gilles Villeneuve,Street circuit,Carlos Sainz,6,19,10153,2015-03-15,2653,CAN,ESP,ITA,0,0,82096.0,83158.0,-1062.0,3.0
2022,2022-06-19,1985-01-07,Mercedes,Circuit Gilles Villeneuve,Street circuit,Lewis Hamilton,6,19,13677,2007-03-18,5572,CAN,GBR,DEU,0,0,82891.0,83158.0,-267.0,4.0
2022,2022-06-19,1998-02-15,Mercedes,Circuit Gilles Villeneuve,Street circuit,George Russell,6,19,8890,2019-03-17,1190,CAN,GBR,DEU,0,0,83557.0,83158.0,399.0,8.0
2022,2022-06-19,1996-09-17,Alpine F1 Team,Circuit Gilles Villeneuve,Street circuit,Esteban Ocon,6,19,9406,2016-08-28,2121,CAN,FRA,FRA,0,0,83529.0,83158.0,371.0,7.0
2022,2022-06-19,1999-05-30,Alfa Romeo,Circuit Gilles Villeneuve,Street circuit,Guanyu Zhou,6,19,8421,2022-03-20,91,CAN,CHN,CHE,0,0,84030.0,83158.0,872.0,10.0
2022,2022-06-19,1981-07-29,Alpine F1 Team,Circuit Gilles Villeneuve,Street circuit,Fernando Alonso,6,19,14935,2001-03-04,7777,CAN,ESP,FRA,0,0,81944.0,83158.0,-1214.0,2.0
2022,2022-06-19,1989-07-01,McLaren,Circuit Gilles Villeneuve,Street circuit,Daniel Ricciardo,6,19,12041,2011-07-10,3997,CAN,AUS,GBR,0,0,83749.0,83158.0,591.0,9.0
2022,2022-06-19,1992-10-05,Haas F1 Team,Circuit Gilles Villeneuve,Street circuit,Kevin Magnussen,6,19,10849,2014-03-16,3017,CAN,DNK,USA,0,0,82960.0,83158.0,-198.0,5.0
2022,2022-06-19,1999-03-22,Haas F1 Team,Circuit Gilles Villeneuve,Street circuit,Mick Schumacher,6,19,8490,2021-03-28,448,CAN,DEU,USA,0,0,83356.0,83158.0,198.0,6.0
2022,2022-07-03,1994-09-01,Ferrari,Silverstone Circuit,Race circuit,Carlos Sainz,7,3,10167,2015-03-15,2667,GBR,ESP,ITA,0,0,100190.0,100474.0,-284.0,4.0
2022,2022-07-03,1990-01-26,Red Bull,Silverstone Circuit,Race circuit,Sergio Pérez,7,3,11846,2011-03-27,4116,GBR,MEX,AUT,0,0,100521.0,100474.0,46.0,6.0
2022,2022-07-03,1985-01-07,Mercedes,Silverstone Circuit,Race circuit,Lewis Hamilton,7,3,13691,2007-03-18,5586,GBR,GBR,DEU,1,0,100428.0,100474.0,-46.0,5.0
2022,2022-07-03,1997-10-16,Ferrari,Silverstone Circuit,Race circuit,Charles Leclerc,7,3,9026,2018-03-25,1561,GBR,MCO,ITA,0,0,99846.0,100474.0,-628.0,2.0
2022,2022-07-03,1981-07-29,Alpine F1 Team,Silverstone Circuit,Race circuit,Fernando Alonso,7,3,14949,2001-03-04,7791,GBR,ESP,FRA,0,0,101598.0,100474.0,1124.0,9.0
2022,2022-07-03,1999-11-13,McLaren,Silverstone Circuit,Race circuit,Lando Norris,7,3,8268,2019-03-17,1204,GBR,GBR,GBR,1,1,101515.0,100474.0,1040.0,8.0
2022,2022-07-03,1997-09-30,Red Bull,Silverstone Circuit,Race circuit,Max Verstappen,7,3,9042,2015-03-15,2667,GBR,NLD,AUT,0,0,99129.0,100474.0,-1346.0,1.0
2022,2022-07-03,1995-06-29,Williams,Silverstone Circuit,Race circuit,Nicholas Latifi,7,3,9866,2020-07-05,728,GBR,CAN,GBR,0,1,101998.0,100474.0,1524.0,10.0
2022,2022-07-03,1998-02-15,Mercedes,Silverstone Circuit,Race circuit,George Russell,7,3,8904,2019-03-17,1204,GBR,GBR,DEU,1,0,100028.0,100474.0,-446.0,3.0
2022,2022-07-03,1999-05-30,Alfa Romeo,Silverstone Circuit,Race circuit,Guanyu Zhou,7,3,8435,2022-03-20,105,GBR,CHN,CHE,0,0,100791.0,100474.0,316.0,7.0
2022,2022-07-10,1997-10-16,Ferrari,Red Bull Ring,Race circuit,Charles Leclerc,7,10,9033,2018-03-25,1568,AUT,MCO,ITA,0,0,65013.0,65475.0,-462.0,2.0
2022,2022-07-10,1997-09-30,Red Bull,Red Bull Ring,Race circuit,Max Verstappen,7,10,9049,2015-03-15,2674,AUT,NLD,AUT,0,1,64984.0,65475.0,-491.0,1.0
2022,2022-07-10,1985-01-07,Mercedes,Red Bull Ring,Race circuit,Lewis Hamilton,7,10,13698,2007-03-18,5593,AUT,GBR,DEU,0,0,65475.0,65475.0,0.0,5.0
2022,2022-07-10,1998-02-15,Mercedes,Red Bull Ring,Race circuit,George Russell,7,10,8911,2019-03-17,1211,AUT,GBR,DEU,0,0,65431.0,65475.0,-44.0,4.0
2022,2022-07-10,1996-09-17,Alpine F1 Team,Red Bull Ring,Race circuit,Esteban Ocon,7,10,9427,2016-08-28,2142,AUT,FRA,FRA,0,0,65726.0,65475.0,251.0,6.0
2022,2022-07-10,1999-03-22,Haas F1 Team,Red Bull Ring,Race circuit,Mick Schumacher,7,10,8511,2021-03-28,469,AUT,DEU,USA,0,0,66011.0,65475.0,536.0,8.0
2022,2022-07-10,1992-10-05,Haas F1 Team,Red Bull Ring,Race circuit,Kevin Magnussen,7,10,10870,2014-03-16,3038,AUT,DNK,USA,0,0,65879.0,65475.0,404.0,7.0
2022,2022-07-10,1981-07-29,Alpine F1 Team,Red Bull Ring,Race circuit,Fernando Alonso,7,10,14956,2001-03-04,7798,AUT,ESP,FRA,0,0,66016.0,65475.0,541.0,9.0
2022,2022-07-10,1994-09-01,Ferrari,Red Bull Ring,Race circuit,Carlos Sainz,7,10,10174,2015-03-15,2674,AUT,ESP,ITA,0,0,65066.0,65475.0,-409.0,3.0
2022,2022-07-24,1997-09-30,Red Bull,Circuit Paul Ricard,Race circuit,Max Verstappen,7,24,9063,2015-03-15,2688,FRA,NLD,AUT,0,0,91176.0,91898.0,-722.0,2.0
2022,2022-07-24,1985-01-07,Mercedes,Circuit Paul Ricard,Race circuit,Lewis Hamilton,7,24,13712,2007-03-18,5607,FRA,GBR,DEU,0,0,91765.0,91898.0,-134.0,4.0
2022,2022-07-24,1998-02-15,Mercedes,Circuit Paul Ricard,Race circuit,George Russell,7,24,8925,2019-03-17,1225,FRA,GBR,DEU,0,0,92131.0,91898.0,232.0,6.0
2022,2022-07-24,1990-01-26,Red Bull,Circuit Paul Ricard,Race circuit,Sergio Pérez,7,24,11867,2011-03-27,4137,FRA,MEX,AUT,0,0,91335.0,91898.0,-564.0,3.0
2022,2022-07-24,1981-07-29,Alpine F1 Team,Circuit Paul Ricard,Race circuit,Fernando Alonso,7,24,14970,2001-03-04,7812,FRA,ESP,FRA,0,1,92552.0,91898.0,654.0,7.0
2022,2022-07-24,1999-11-13,McLaren,Circuit Paul Ricard,Race circuit,Lando Norris,7,24,8289,2019-03-17,1225,FRA,GBR,GBR,0,0,92032.0,91898.0,134.0,5.0
2022,2022-07-24,1997-10-16,Ferrari,Circuit Paul Ricard,Race circuit,Charles Leclerc,7,24,9047,2018-03-25,1582,FRA,MCO,ITA,0,0,90872.0,91898.0,-1026.0,1.0
2022,2022-07-24,2000-05-11,AlphaTauri,Circuit Paul Ricard,Race circuit,Yuki Tsunoda,7,24,8109,2021-03-28,483,FRA,JPN,ITA,0,0,92780.0,91898.0,882.0,8.0
2022,2022-07-31,1997-09-30,Red Bull,Hungaroring,Race circuit,Max Verstappen,7,31,9070,2015-03-15,2695,HUN,NLD,AUT,0,0,77703.0,77836.0,-134.0,4.0
2022,2022-07-31,1985-01-07,Mercedes,Hungaroring,Race circuit,Lewis Hamilton,7,31,13719,2007-03-18,5614,HUN,GBR,DEU,0,0,78035.0,77836.0,198.0,8.0
2022,2022-07-31,1998-02-15,Mercedes,Hungaroring,Race circuit,George Russell,7,31,8932,2019-03-17,1232,HUN,GBR,DEU,0,0,77377.0,77836.0,-460.0,1.0
2022,2022-07-31,1994-09-01,Ferrari,Hungaroring,Race circuit,Carlos Sainz,7,31,10195,2015-03-15,2695,HUN,ESP,ITA,0,0,77421.0,77836.0,-416.0,2.0
2022,2022-07-31,1997-10-16,Ferrari,Hungaroring,Race circuit,Charles Leclerc,7,31,9054,2018-03-25,1589,HUN,MCO,ITA,0,0,77567.0,77836.0,-270.0,3.0
2022,2022-07-31,1999-11-13,McLaren,Hungaroring,Race circuit,Lando Norris,7,31,8296,2019-03-17,1232,HUN,GBR,GBR,0,0,77769.0,77836.0,-68.0,5.0
2022,2022-07-31,1981-07-29,Alpine F1 Team,Hungaroring,Race circuit,Fernando Alonso,7,31,14977,2001-03-04,7819,HUN,ESP,FRA,0,0,77904.0,77836.0,68.0,6.0
2022,2022-07-31,1996-09-17,Alpine F1 Team,Hungaroring,Race circuit,Esteban Ocon,7,31,9448,2016-08-28,2163,HUN,FRA,FRA,0,0,78018.0,77836.0,182.0,7.0
2022,2022-07-31,1989-07-01,McLaren,Hungaroring,Race circuit,Daniel Ricciardo,7,31,12083,2011-07-10,4039,HUN,AUS,GBR,0,0,78198.0,77836.0,362.0,10.0
2022,2022-07-31,1989-08-28,Alfa Romeo,Hungaroring,Race circuit,Valtteri Bottas,7,31,12025,2013-03-17,3423,HUN,FIN,CHE,0,0,78157.0,77836.0,320.0,9.0
2022,2022-08-28,1997-09-30,Red Bull,Circuit de Spa-Francorchamps,Race circuit,Max Verstappen,8,28,9098,2015-03-15,2723,BEL,NLD,AUT,0,0,103665.0,105274.0,-1609.0,1.0
2022,2022-08-28,1990-01-26,Red Bull,Circuit de Spa-Francorchamps,Race circuit,Sergio Pérez,8,28,11902,2011-03-27,4172,BEL,MEX,AUT,0,0,104462.0,105274.0,-812.0,3.0
2022,2022-08-28,1994-09-01,Ferrari,Circuit de Spa-Francorchamps,Race circuit,Carlos Sainz,8,28,10223,2015-03-15,2723,BEL,ESP,ITA,0,0,104297.0,105274.0,-977.0,2.0
2022,2022-08-28,1998-02-15,Mercedes,Circuit de Spa-Francorchamps,Race circuit,George Russell,8,28,8960,2019-03-17,1260,BEL,GBR,DEU,0,0,105461.0,105274.0,187.0,8.0
2022,2022-08-28,1981-07-29,Alpine F1 Team,Circuit de Spa-Francorchamps,Race circuit,Fernando Alonso,8,28,15005,2001-03-04,7847,BEL,ESP,FRA,0,0,105368.0,105274.0,94.0,6.0
2022,2022-08-28,1997-10-16,Ferrari,Circuit de Spa-Francorchamps,Race circuit,Charles Leclerc,8,28,9082,2018-03-25,1617,BEL,MCO,ITA,0,0,104551.0,105274.0,-723.0,4.0
2022,2022-08-28,1996-09-17,Alpine F1 Team,Circuit de Spa-Francorchamps,Race circuit,Esteban Ocon,8,28,9476,2016-08-28,2191,BEL,FRA,FRA,0,0,105180.0,105274.0,-94.0,5.0
2022,2022-08-28,1996-03-23,Williams,Circuit de Spa-Francorchamps,Race circuit,Alexander Albon,8,28,9654,2019-03-17,1260,BEL,THA,GBR,0,0,105672.0,105274.0,398.0,10.0
2022,2022-08-28,1999-11-13,McLaren,Circuit de Spa-Francorchamps,Race circuit,Lando Norris,8,28,8324,2019-03-17,1260,BEL,GBR,GBR,0,0,105603.0,105274.0,329.0,9.0
2022,2022-08-28,1985-01-07,Mercedes,Circuit de Spa-Francorchamps,Race circuit,Lewis Hamilton,8,28,13747,2007-03-18,5642,BEL,GBR,DEU,0,0,105420.0,105274.0,146.0,7.0
2022,2022-09-04,1997-09-30,Red Bull,Circuit Park Zandvoort,Race circuit,Max Verstappen,9,4,9105,2015-03-15,2730,NLD,NLD,AUT,1,0,70342.0,70824.0,-482.0,1.0
2022,2022-09-04,1998-02-15,Mercedes,Circuit Park Zandvoort,Race circuit,George Russell,9,4,8967,2019-03-17,1267,NLD,GBR,DEU,0,0,70824.0,70824.0,0.0,5.0
2022,2022-09-04,1997-10-16,Ferrari,Circuit Park Zandvoort,Race circuit,Charles Leclerc,9,4,9089,2018-03-25,1624,NLD,MCO,ITA,0,0,70363.0,70824.0,-461.0,2.0
2022,2022-09-04,1985-01-07,Mercedes,Circuit Park Zandvoort,Race circuit,Lewis Hamilton,9,4,13754,2007-03-18,5649,NLD,GBR,DEU,0,0,70648.0,70824.0,-176.0,4.0
2022,2022-09-04,1990-01-26,Red Bull,Circuit Park Zandvoort,Race circuit,Sergio Pérez,9,4,11909,2011-03-27,4179,NLD,MEX,AUT,0,0,71077.0,70824.0,253.0,6.0
2022,2022-09-04,1999-11-13,McLaren,Circuit Park Zandvoort,Race circuit,Lando Norris,9,4,8331,2019-03-17,1267,NLD,GBR,GBR,0,0,71116.0,70824.0,292.0,7.0
2022,2022-09-04,1994-09-01,Ferrari,Circuit Park Zandvoort,Race circuit,Carlos Sainz,9,4,10230,2015-03-15,2730,NLD,ESP,ITA,0,0,70434.0,70824.0,-390.0,3.0
2022,2022-09-04,1999-03-22,Haas F1 Team,Circuit Park Zandvoort,Race circuit,Mick Schumacher,9,4,8567,2021-03-28,525,NLD,DEU,USA,0,0,71420.0,70824.0,596.0,8.0
2022,2022-09-04,2000-05-11,AlphaTauri,Circuit Park Zandvoort,Race circuit,Yuki Tsunoda,9,4,8151,2021-03-28,525,NLD,JPN,ITA,0,0,71427.0,70824.0,603.0,9.0
2022,2022-09-11,1997-09-30,Red Bull,Autodromo Nazionale di Monza,Race circuit,Max Verstappen,9,11,9112,2015-03-15,2737,ITA,NLD,AUT,0,0,80306.0,81524.0,-1218.0,2.0
2022,2022-09-11,1997-10-16,Ferrari,Autodromo Nazionale di Monza,Race circuit,Charles Leclerc,9,11,9096,2018-03-25,1631,ITA,MCO,ITA,0,1,80161.0,81524.0,-1363.0,1.0
2022,2022-09-11,1998-02-15,Mercedes,Autodromo Nazionale di Monza,Race circuit,George Russell,9,11,8974,2019-03-17,1274,ITA,GBR,DEU,0,0,81542.0,81524.0,18.0,6.0
2022,2022-09-11,1994-09-01,Ferrari,Autodromo Nazionale di Monza,Race circuit,Carlos Sainz,9,11,10237,2015-03-15,2737,ITA,ESP,ITA,0,1,80429.0,81524.0,-1095.0,3.0
2022,2022-09-11,1985-01-07,Mercedes,Autodromo Nazionale di Monza,Race circuit,Lewis Hamilton,9,11,13761,2007-03-18,5656,ITA,GBR,DEU,0,0,81524.0,81524.0,0.0,5.0
2022,2022-09-11,1990-01-26,Red Bull,Autodromo Nazionale di Monza,Race circuit,Sergio Pérez,9,11,11916,2011-03-27,4186,ITA,MEX,AUT,0,0,81206.0,81524.0,-318.0,4.0
2022,2022-09-11,1999-11-13,McLaren,Autodromo Nazionale di Monza,Race circuit,Lando Norris,9,11,8338,2019-03-17,1274,ITA,GBR,GBR,0,0,81584.0,81524.0,60.0,7.0
2022,2022-09-11,1996-02-07,AlphaTauri,Autodromo Nazionale di Monza,Race circuit,Pierre Gasly,9,11,9713,2017-10-01,1806,ITA,FRA,ITA,0,1,82010.0,81524.0,486.0,9.0
2022,2022-09-11,1989-07-01,McLaren,Autodromo Nazionale di Monza,Race circuit,Daniel Ricciardo,9,11,12125,2011-07-10,4081,ITA,AUS,GBR,0,0,81855.0,81524.0,331.0,8.0
2022,2022-10-02,1990-01-26,Red Bull,Marina Bay Street Circuit,Street circuit,Sergio Pérez,10,2,11937,2011-03-27,4207,SGP,MEX,AUT,0,0,109434.0,110275.0,-841.0,2.0
2022,2022-10-02,1997-10-16,Ferrari,Marina Bay Street Circuit,Street circuit,Charles Leclerc,10,2,9117,2018-03-25,1652,SGP,MCO,ITA,0,0,109412.0,110275.0,-863.0,1.0
2022,2022-10-02,1994-09-01,Ferrari,Marina Bay Street Circuit,Street circuit,Carlos Sainz,10,2,10258,2015-03-15,2758,SGP,ESP,ITA,0,0,109583.0,110275.0,-692.0,4.0
2022,2022-10-02,1999-11-13,McLaren,Marina Bay Street Circuit,Street circuit,Lando Norris,10,2,8359,2019-03-17,1295,SGP,GBR,GBR,0,0,110584.0,110275.0,309.0,6.0
2022,2022-10-02,1997-09-30,Red Bull,Marina Bay Street Circuit,Street circuit,Max Verstappen,10,2,9133,2015-03-15,2758,SGP,NLD,AUT,0,0,111395.0,110275.0,1120.0,8.0
2022,2022-10-02,1985-01-07,Mercedes,Marina Bay Street Circuit,Street circuit,Lewis Hamilton,10,2,13782,2007-03-18,5677,SGP,GBR,DEU,0,0,109466.0,110275.0,-809.0,3.0
2022,2022-10-02,1996-02-07,AlphaTauri,Marina Bay Street Circuit,Street circuit,Pierre Gasly,10,2,9734,2017-10-01,1827,SGP,FRA,ITA,0,0,111211.0,110275.0,936.0,7.0
2022,2022-10-02,1992-10-05,Haas F1 Team,Marina Bay Street Circuit,Street circuit,Kevin Magnussen,10,2,10954,2014-03-16,3122,SGP,DNK,USA,0,0,111573.0,110275.0,1298.0,9.0
2022,2022-10-02,2000-05-11,AlphaTauri,Marina Bay Street Circuit,Street circuit,Yuki Tsunoda,10,2,8179,2021-03-28,553,SGP,JPN,ITA,0,0,111983.0,110275.0,1708.0,10.0
2022,2022-10-02,1981-07-29,Alpine F1 Team,Marina Bay Street Circuit,Street circuit,Fernando Alonso,10,2,15040,2001-03-04,7882,SGP,ESP,FRA,0,0,109966.0,110275.0,-309.0,5.0
2022,2022-10-09,1997-09-30,Red Bull,Suzuka Circuit,Race circuit,Max Verstappen,10,9,9140,2015-03-15,2765,JPN,NLD,AUT,0,0,89304.0,90213.0,-909.0,1.0
2022,2022-10-09,1990-01-26,Red Bull,Suzuka Circuit,Race circuit,Sergio Pérez,10,9,11944,2011-03-27,4214,JPN,MEX,AUT,0,0,89709.0,90213.0,-504.0,4.0
2022,2022-10-09,1997-10-16,Ferrari,Suzuka Circuit,Race circuit,Charles Leclerc,10,9,9124,2018-03-25,1659,JPN,MCO,ITA,0,0,89314.0,90213.0,-899.0,2.0
2022,2022-10-09,1996-09-17,Alpine F1 Team,Suzuka Circuit,Race circuit,Esteban Ocon,10,9,9518,2016-08-28,2233,JPN,FRA,FRA,0,0,90165.0,90213.0,-48.0,5.0
2022,2022-10-09,1985-01-07,Mercedes,Suzuka Circuit,Race circuit,Lewis Hamilton,10,9,13789,2007-03-18,5684,JPN,GBR,DEU,0,0,90261.0,90213.0,48.0,6.0
2022,2022-10-09,1987-07-03,Aston Martin,Suzuka Circuit,Race circuit,Sebastian Vettel,10,9,12882,2007-06-17,5593,JPN,DEU,GBR,0,0,90554.0,90213.0,341.0,10.0
2022,2022-10-09,1981-07-29,Alpine F1 Team,Suzuka Circuit,Race circuit,Fernando Alonso,10,9,15047,2001-03-04,7889,JPN,ESP,FRA,0,0,90322.0,90213.0,109.0,7.0
2022,2022-10-09,1998-02-15,Mercedes,Suzuka Circuit,Race circuit,George Russell,10,9,9002,2019-03-17,1302,JPN,GBR,DEU,0,0,90389.0,90213.0,176.0,8.0
2022,2022-10-09,1999-11-13,McLaren,Suzuka Circuit,Race circuit,Lando Norris,10,9,8366,2019-03-17,1302,JPN,GBR,GBR,0,0,90473.0,90213.0,260.0,9.0
2022,2022-10-09,1994-09-01,Ferrari,Suzuka Circuit,Race circuit,Carlos Sainz,10,9,10265,2015-03-15,2765,JPN,ESP,ITA,0,0,89361.0,90213.0,-852.0,3.0
2022,2022-10-23,1997-09-30,Red Bull,Circuit of the Americas,Race circuit,Max Verstappen,10,23,9154,2015-03-15,2779,USA,NLD,AUT,0,0,94448.0,94968.0,-520.0,3.0
2022,2022-10-23,1985-01-07,Mercedes,Circuit of the Americas,Race circuit,Lewis Hamilton,10,23,13803,2007-03-18,5698,USA,GBR,DEU,0,0,94947.0,94968.0,-20.0,5.0
2022,2022-10-23,1997-10-16,Ferrari,Circuit of the Americas,Race circuit,Charles Leclerc,10,23,9138,2018-03-25,1673,USA,MCO,ITA,0,0,94421.0,94968.0,-546.0,2.0
2022,2022-10-23,1990-01-26,Red Bull,Circuit of the Americas,Race circuit,Sergio Pérez,10,23,11958,2011-03-27,4228,USA,MEX,AUT,0,0,94645.0,94968.0,-322.0,4.0
2022,2022-10-23,1998-02-15,Mercedes,Circuit of the Americas,Race circuit,George Russell,10,23,9016,2019-03-17,1316,USA,GBR,DEU,0,0,94988.0,94968.0,20.0,6.0
2022,2022-10-23,1999-11-13,McLaren,Circuit of the Americas,Race circuit,Lando Norris,10,23,8380,2019-03-17,1316,USA,GBR,GBR,0,0,95690.0,94968.0,722.0,8.0
2022,2022-10-23,1981-07-29,Alpine F1 Team,Circuit of the Americas,Race circuit,Fernando Alonso,10,23,15061,2001-03-04,7903,USA,ESP,FRA,0,0,95876.0,94968.0,908.0,9.0
2022,2022-10-23,1998-10-29,Aston Martin,Circuit of the Americas,Race circuit,Lance Stroll,10,23,8760,2017-03-26,2037,USA,CAN,GBR,0,0,95598.0,94968.0,630.0,7.0
2022,2022-10-23,1989-08-28,Alfa Romeo,Circuit of the Americas,Race circuit,Valtteri Bottas,10,23,12109,2013-03-17,3507,USA,FIN,CHE,0,0,96319.0,94968.0,1352.0,10.0
2022,2022-10-23,1994-09-01,Ferrari,Circuit of the Americas,Race circuit,Carlos Sainz,10,23,10279,2015-03-15,2779,USA,ESP,ITA,0,0,94356.0,94968.0,-612.0,1.0
2022,2022-10-30,1997-09-30,Red Bull,Autódromo Hermanos Rodríguez,Race circuit,Max Verstappen,10,30,9161,2015-03-15,2786,MEX,NLD,AUT,0,0,77775.0,78376.0,-601.0,1.0
2022,2022-10-30,1985-01-07,Mercedes,Autódromo Hermanos Rodríguez,Race circuit,Lewis Hamilton,10,30,13810,2007-03-18,5705,MEX,GBR,DEU,0,0,78084.0,78376.0,-292.0,3.0
2022,2022-10-30,1990-01-26,Red Bull,Autódromo Hermanos Rodríguez,Race circuit,Sergio Pérez,10,30,11965,2011-03-27,4235,MEX,MEX,AUT,1,0,78128.0,78376.0,-248.0,4.0
2022,2022-10-30,1998-02-15,Mercedes,Autódromo Hermanos Rodríguez,Race circuit,George Russell,10,30,9023,2019-03-17,1323,MEX,GBR,DEU,0,0,78079.0,78376.0,-297.0,2.0
2022,2022-10-30,1994-09-01,Ferrari,Autódromo Hermanos Rodríguez,Race circuit,Carlos Sainz,10,30,10286,2015-03-15,2786,MEX,ESP,ITA,0,0,78351.0,78376.0,-25.0,5.0
2022,2022-10-30,1997-10-16,Ferrari,Autódromo Hermanos Rodríguez,Race circuit,Charles Leclerc,10,30,9145,2018-03-25,1680,MEX,MCO,ITA,0,0,78555.0,78376.0,179.0,7.0
2022,2022-10-30,1996-09-17,Alpine F1 Team,Autódromo Hermanos Rodríguez,Race circuit,Esteban Ocon,10,30,9539,2016-08-28,2254,MEX,FRA,FRA,0,0,79010.0,78376.0,634.0,10.0
2022,2022-10-30,1999-11-13,McLaren,Autódromo Hermanos Rodríguez,Race circuit,Lando Norris,10,30,8387,2019-03-17,1323,MEX,GBR,GBR,0,0,78721.0,78376.0,345.0,8.0
2022,2022-10-30,1989-08-28,Alfa Romeo,Autódromo Hermanos Rodríguez,Race circuit,Valtteri Bottas,10,30,12116,2013-03-17,3514,MEX,FIN,CHE,0,0,78401.0,78376.0,25.0,6.0
2022,2022-10-30,1981-07-29,Alpine F1 Team,Autódromo Hermanos Rodríguez,Race circuit,Fernando Alonso,10,30,15068,2001-03-04,7910,MEX,ESP,FRA,0,0,78939.0,78376.0,563.0,9.0
2022,2022-11-13,1998-02-15,Mercedes,Autódromo José Carlos Pace,Race circuit,George Russell,11,13,9037,2019-03-17,1337,BRA,GBR,DEU,0,0,71318.0,71394.0,-76.0,3.0
2022,2022-11-13,1985-01-07,Mercedes,Autódromo José Carlos Pace,Race circuit,Lewis Hamilton,11,13,13824,2007-03-18,5719,BRA,GBR,DEU,0,0,71539.0,71394.0,145.0,8.0
2022,2022-11-13,1994-09-01,Ferrari,Autódromo José Carlos Pace,Race circuit,Carlos Sainz,11,13,10300,2015-03-15,2800,BRA,ESP,ITA,0,0,70890.0,71394.0,-504.0,2.0
2022,2022-11-13,1981-07-29,Alpine F1 Team,Autódromo José Carlos Pace,Race circuit,Fernando Alonso,11,13,15082,2001-03-04,7924,BRA,ESP,FRA,0,0,71394.0,71394.0,0.0,5.0
2022,2022-11-13,1997-09-30,Red Bull,Autódromo José Carlos Pace,Race circuit,Max Verstappen,11,13,9175,2015-03-15,2800,BRA,NLD,AUT,0,0,70881.0,71394.0,-513.0,1.0
2022,2022-11-13,1990-01-26,Red Bull,Autódromo José Carlos Pace,Race circuit,Sergio Pérez,11,13,11979,2011-03-27,4249,BRA,MEX,AUT,0,0,71456.0,71394.0,62.0,7.0
2022,2022-11-13,1996-09-17,Alpine F1 Team,Autódromo José Carlos Pace,Race circuit,Esteban Ocon,11,13,9553,2016-08-28,2268,BRA,FRA,FRA,0,0,71587.0,71394.0,193.0,9.0
2022,2022-11-13,1999-11-13,McLaren,Autódromo José Carlos Pace,Race circuit,Lando Norris,11,13,8401,2019-03-17,1337,BRA,GBR,GBR,0,0,71377.0,71394.0,-17.0,4.0
2022,2022-11-13,1992-10-05,Haas F1 Team,Autódromo José Carlos Pace,Race circuit,Kevin Magnussen,11,13,10996,2014-03-16,3164,BRA,DNK,USA,0,0,71410.0,71394.0,16.0,6.0
2022,2022-11-20,1997-09-30,Red Bull,Yas Marina Circuit,Race circuit,Max Verstappen,11,20,9182,2015-03-15,2807,ARE,NLD,AUT,0,0,83824.0,84510.0,-686.0,1.0
2022,2022-11-20,1997-10-16,Ferrari,Yas Marina Circuit,Race circuit,Charles Leclerc,11,20,9166,2018-03-25,1701,ARE,MCO,ITA,0,0,84092.0,84510.0,-418.0,3.0
2022,2022-11-20,1990-01-26,Red Bull,Yas Marina Circuit,Race circuit,Sergio Pérez,11,20,11986,2011-03-27,4256,ARE,MEX,AUT,0,0,84052.0,84510.0,-458.0,2.0
2022,2022-11-20,1994-09-01,Ferrari,Yas Marina Circuit,Race circuit,Carlos Sainz,11,20,10307,2015-03-15,2807,ARE,ESP,ITA,0,0,84242.0,84510.0,-268.0,4.0
2022,2022-11-20,1998-02-15,Mercedes,Yas Marina Circuit,Race circuit,George Russell,11,20,9044,2019-03-17,1344,ARE,GBR,DEU,0,0,84511.0,84510.0,2.0,6.0
2022,2022-11-20,1999-11-13,McLaren,Yas Marina Circuit,Race circuit,Lando Norris,11,20,8408,2019-03-17,1344,ARE,GBR,GBR,0,0,84769.0,84510.0,260.0,7.0
2022,2022-11-20,1996-09-17,Alpine F1 Team,Yas Marina Circuit,Race circuit,Esteban Ocon,11,20,9560,2016-08-28,2275,ARE,FRA,FRA,0,0,84830.0,84510.0,320.0,8.0
2022,2022-11-20,1989-07-01,McLaren,Yas Marina Circuit,Race circuit,Daniel Ricciardo,11,20,12195,2011-07-10,4151,ARE,AUS,GBR,0,0,85045.0,84510.0,536.0,10.0
2022,2022-11-20,1987-07-03,Aston Martin,Yas Marina Circuit,Race circuit,Sebastian Vettel,11,20,12924,2007-06-17,5635,ARE,DEU,GBR,0,0,84961.0,84510.0,452.0,9.0
2022,2022-11-20,1985-01-07,Mercedes,Yas Marina Circuit,Race circuit,Lewis Hamilton,11,20,13831,2007-03-18,5726,ARE,GBR,DEU,0,0,84508.0,84510.0,-2.0,5.0
2023,2023-03-05,1997-09-30,Red Bull,Bahrain International Circuit,Race circuit,Max Verstappen,3,5,9287,2015-03-15,2912,BHR,NLD,AUT,0,0,89708.0,90336.0,-628.0,1.0
2023,2023-03-05,1990-01-26,Red Bull,Bahrain International Circuit,Race circuit,Sergio Pérez,3,5,12091,2011-03-27,4361,BHR,MEX,AUT,0,0,89846.0,90336.0,-490.0,2.0
2023,2023-03-05,1981-07-29,Aston Martin,Bahrain International Circuit,Race circuit,Fernando Alonso,3,5,15194,2001-03-04,8036,BHR,ESP,GBR,0,0,90336.0,90336.0,0.0,5.0
2023,2023-03-05,1994-09-01,Ferrari,Bahrain International Circuit,Race circuit,Carlos Sainz,3,5,10412,2015-03-15,2912,BHR,ESP,ITA,0,0,90154.0,90336.0,-182.0,4.0
2023,2023-03-05,1985-01-07,Mercedes,Bahrain International Circuit,Race circuit,Lewis Hamilton,3,5,13936,2007-03-18,5831,BHR,GBR,DEU,0,0,90384.0,90336.0,48.0,7.0
2023,2023-03-05,1998-10-29,Aston Martin,Bahrain International Circuit,Race circuit,Lance Stroll,3,5,8893,2017-03-26,2170,BHR,CAN,GBR,0,0,90836.0,90336.0,500.0,8.0
2023,2023-03-05,1998-02-15,Mercedes,Bahrain International Circuit,Race circuit,George Russell,3,5,9149,2019-03-17,1449,BHR,GBR,DEU,0,0,90340.0,90336.0,4.0,6.0
2023,2023-03-05,1996-09-17,Alpine F1 Team,Bahrain International Circuit,Race circuit,Esteban Ocon,3,5,9665,2016-08-28,2380,BHR,FRA,FRA,0,0,90914.0,90336.0,578.0,9.0
2023,2023-03-05,1997-10-16,Ferrari,Bahrain International Circuit,Race circuit,Charles Leclerc,3,5,9271,2018-03-25,1806,BHR,MCO,ITA,0,0,90000.0,90336.0,-336.0,3.0
2023,2023-03-19,1990-01-26,Red Bull,Jeddah Corniche Circuit,Street circuit,Sergio Pérez,3,19,12105,2011-03-27,4375,SAU,MEX,AUT,0,0,88265.0,88938.0,-673.0,1.0
2023,2023-03-19,1981-07-29,Aston Martin,Jeddah Corniche Circuit,Street circuit,Fernando Alonso,3,19,15208,2001-03-04,8050,SAU,ESP,GBR,0,0,88730.0,88938.0,-208.0,3.0
2023,2023-03-19,1998-02-15,Mercedes,Jeddah Corniche Circuit,Street circuit,George Russell,3,19,9163,2019-03-17,1463,SAU,GBR,DEU,0,0,88857.0,88938.0,-81.0,4.0
2023,2023-03-19,1985-01-07,Mercedes,Jeddah Corniche Circuit,Street circuit,Lewis Hamilton,3,19,13950,2007-03-18,5845,SAU,GBR,DEU,0,0,89223.0,88938.0,285.0,8.0
2023,2023-03-19,1994-09-01,Ferrari,Jeddah Corniche Circuit,Street circuit,Carlos Sainz,3,19,10426,2015-03-15,2926,SAU,ESP,ITA,0,0,88931.0,88938.0,-7.0,5.0
2023,2023-03-19,1997-10-16,Ferrari,Jeddah Corniche Circuit,Street circuit,Charles Leclerc,3,19,9285,2018-03-25,1820,SAU,MCO,ITA,0,0,88420.0,88938.0,-518.0,2.0
2023,2023-03-19,1996-09-17,Alpine F1 Team,Jeddah Corniche Circuit,Street circuit,Esteban Ocon,3,19,9679,2016-08-28,2394,SAU,FRA,FRA,0,0,89078.0,88938.0,140.0,7.0
2023,2023-03-19,1996-02-07,Alpine F1 Team,Jeddah Corniche Circuit,Street circuit,Pierre Gasly,3,19,9902,2017-10-01,1995,SAU,FRA,FRA,0,0,89357.0,88938.0,419.0,10.0
2023,2023-03-19,2001-04-06,McLaren,Jeddah Corniche Circuit,Street circuit,Oscar Piastri,3,19,8017,2023-03-05,14,SAU,AUS,GBR,0,0,89243.0,88938.0,305.0,9.0
2023,2023-03-19,1998-10-29,Aston Martin,Jeddah Corniche Circuit,Street circuit,Lance Stroll,3,19,8907,2017-03-26,2184,SAU,CAN,GBR,0,0,88945.0,88938.0,7.0,6.0
2023,2023-04-02,1997-09-30,Red Bull,Albert Park Grand Prix Circuit,Street circuit,Max Verstappen,4,2,9315,2015-03-15,2940,AUS,NLD,AUT,0,0,76732.0,77289.0,-557.0,1.0
2023,2023-04-02,1985-01-07,Mercedes,Albert Park Grand Prix Circuit,Street circuit,Lewis Hamilton,4,2,13964,2007-03-18,5859,AUS,GBR,DEU,0,0,77104.0,77289.0,-185.0,3.0
2023,2023-04-02,1981-07-29,Aston Martin,Albert Park Grand Prix Circuit,Street circuit,Fernando Alonso,4,2,15222,2001-03-04,8064,AUS,ESP,GBR,0,0,77139.0,77289.0,-150.0,4.0
2023,2023-04-02,1998-10-29,Aston Martin,Albert Park Grand Prix Circuit,Street circuit,Lance Stroll,4,2,8921,2017-03-26,2198,AUS,CAN,GBR,0,0,77308.0,77289.0,19.0,6.0
2023,2023-04-02,1987-08-19,Haas F1 Team,Albert Park Grand Prix Circuit,Street circuit,Nico Hülkenberg,4,2,13010,2010-03-14,4767,AUS,DEU,USA,0,0,77412.0,77289.0,123.0,8.0
2023,2023-04-02,1994-09-01,Ferrari,Albert Park Grand Prix Circuit,Street circuit,Carlos Sainz,4,2,10440,2015-03-15,2940,AUS,ESP,ITA,0,0,77270.0,77289.0,-19.0,5.0
2023,2023-04-02,1996-02-07,Alpine F1 Team,Albert Park Grand Prix Circuit,Street circuit,Pierre Gasly,4,2,9916,2017-10-01,2009,AUS,FRA,FRA,0,0,77574.0,77289.0,285.0,9.0
2023,2023-04-02,1998-02-15,Mercedes,Albert Park Grand Prix Circuit,Street circuit,George Russell,4,2,9177,2019-03-17,1477,AUS,GBR,DEU,0,0,76968.0,77289.0,-321.0,2.0
2023,2023-04-02,1996-03-23,Williams,Albert Park Grand Prix Circuit,Street circuit,Alexander Albon,4,2,9871,2019-03-17,1477,AUS,THA,GBR,0,0,77609.0,77289.0,320.0,10.0
2023,2023-04-02,1997-10-16,Ferrari,Albert Park Grand Prix Circuit,Street circuit,Charles Leclerc,4,2,9299,2018-03-25,1834,AUS,MCO,ITA,0,0,77369.0,77289.0,80.0,7.0
2023,2023-04-30,1990-01-26,Red Bull,Baku City Circuit,Street circuit,Sergio Pérez,4,30,12147,2011-03-27,4417,AZE,MEX,AUT,0,0,100495.0,101215.0,-720.0,3.0
2023,2023-04-30,1997-09-30,Red Bull,Baku City Circuit,Street circuit,Max Verstappen,4,30,9343,2015-03-15,2968,AZE,NLD,AUT,0,0,100391.0,101215.0,-824.0,2.0
2023,2023-04-30,1997-10-16,Ferrari,Baku City Circuit,Street circuit,Charles Leclerc,4,30,9327,2018-03-25,1862,AZE,MCO,ITA,0,0,100203.0,101215.0,-1012.0,1.0
2023,2023-04-30,1981-07-29,Aston Martin,Baku City Circuit,Street circuit,Fernando Alonso,4,30,15250,2001-03-04,8092,AZE,ESP,GBR,0,0,101253.0,101215.0,38.0,6.0
2023,2023-04-30,1994-09-01,Ferrari,Baku City Circuit,Street circuit,Carlos Sainz,4,30,10468,2015-03-15,2968,AZE,ESP,ITA,0,0,101016.0,101215.0,-199.0,4.0
2023,2023-04-30,1985-01-07,Mercedes,Baku City Circuit,Street circuit,Lewis Hamilton,4,30,13992,2007-03-18,5887,AZE,GBR,DEU,0,0,101177.0,101215.0,-38.0,5.0
2023,2023-04-30,1998-10-29,Aston Martin,Baku City Circuit,Street circuit,Lance Stroll,4,30,8949,2017-03-26,2226,AZE,CAN,GBR,0,0,101576.0,101215.0,361.0,9.0
2023,2023-04-30,1999-11-13,McLaren,Baku City Circuit,Street circuit,Lando Norris,4,30,8569,2019-03-17,1505,AZE,GBR,GBR,0,0,101281.0,101215.0,66.0,7.0
2023,2023-04-30,2000-05-11,AlphaTauri,Baku City Circuit,Street circuit,Yuki Tsunoda,4,30,8389,2021-03-28,763,AZE,JPN,ITA,0,0,101569.0,101215.0,354.0,8.0
2023,2023-04-30,2001-04-06,McLaren,Baku City Circuit,Street circuit,Oscar Piastri,4,30,8059,2023-03-05,56,AZE,AUS,GBR,0,0,101611.0,101215.0,396.0,10.0
2023,2023-05-07,1990-01-26,Red Bull,Miami International Autodrome,Street circuit,Sergio Pérez,5,7,12154,2011-03-27,4424,USA,MEX,AUT,0,0,86841.0,87296.0,-455.0,1.0
2023,2023-05-07,1981-07-29,Aston Martin,Miami International Autodrome,Street circuit,Fernando Alonso,5,7,15257,2001-03-04,8099,USA,ESP,GBR,0,0,87097.0,87296.0,-199.0,3.0
2023,2023-05-07,1998-02-15,Mercedes,Miami International Autodrome,Street circuit,George Russell,5,7,9212,2019-03-17,1512,USA,GBR,DEU,0,0,87743.0,87296.0,447.0,8.0
2023,2023-05-07,1994-09-01,Ferrari,Miami International Autodrome,Street circuit,Carlos Sainz,5,7,10475,2015-03-15,2975,USA,ESP,ITA,0,0,87148.0,87296.0,-148.0,4.0
2023,2023-05-07,1997-10-16,Ferrari,Miami International Autodrome,Street circuit,Charles Leclerc,5,7,9334,2018-03-25,1869,USA,MCO,ITA,0,0,86964.0,87296.0,-332.0,2.0
2023,2023-05-07,1996-02-07,Alpine F1 Team,Miami International Autodrome,Street circuit,Pierre Gasly,5,7,9951,2017-10-01,2044,USA,FRA,FRA,0,0,87612.0,87296.0,316.0,6.0
2023,2023-05-07,1996-09-17,Alpine F1 Team,Miami International Autodrome,Street circuit,Esteban Ocon,5,7,9728,2016-08-28,2443,USA,FRA,FRA,0,0,87444.0,87296.0,148.0,5.0
2023,2023-05-07,1992-10-05,Haas F1 Team,Miami International Autodrome,Street circuit,Kevin Magnussen,5,7,11171,2014-03-16,3339,USA,DNK,USA,0,1,87673.0,87296.0,377.0,7.0
2023,2023-05-28,1997-09-30,Red Bull,Circuit de Monaco,Street circuit,Max Verstappen,5,28,9371,2015-03-15,2996,MCO,NLD,AUT,0,0,71365.0,71678.0,-312.0,1.0
2023,2023-05-28,1981-07-29,Aston Martin,Circuit de Monaco,Street circuit,Fernando Alonso,5,28,15278,2001-03-04,8120,MCO,ESP,GBR,0,0,71449.0,71678.0,-228.0,2.0
2023,2023-05-28,1996-09-17,Alpine F1 Team,Circuit de Monaco,Street circuit,Esteban Ocon,5,28,9749,2016-08-28,2464,MCO,FRA,FRA,0,0,71553.0,71678.0,-124.0,4.0
2023,2023-05-28,1985-01-07,Mercedes,Circuit de Monaco,Street circuit,Lewis Hamilton,5,28,14020,2007-03-18,5915,MCO,GBR,DEU,0,0,71725.0,71678.0,48.0,6.0
2023,2023-05-28,1998-02-15,Mercedes,Circuit de Monaco,Street circuit,George Russell,5,28,9233,2019-03-17,1533,MCO,GBR,DEU,0,0,71964.0,71678.0,286.0,8.0
2023,2023-05-28,1997-10-16,Ferrari,Circuit de Monaco,Street circuit,Charles Leclerc,5,28,9355,2018-03-25,1890,MCO,MCO,ITA,1,0,71471.0,71678.0,-206.0,3.0
2023,2023-05-28,1996-02-07,Alpine F1 Team,Circuit de Monaco,Street circuit,Pierre Gasly,5,28,9972,2017-10-01,2065,MCO,FRA,FRA,0,0,71933.0,71678.0,256.0,7.0
2023,2023-05-28,1994-09-01,Ferrari,Circuit de Monaco,Street circuit,Carlos Sainz,5,28,10496,2015-03-15,2996,MCO,ESP,ITA,0,0,71630.0,71678.0,-48.0,5.0
2023,2023-05-28,1999-11-13,McLaren,Circuit de Monaco,Street circuit,Lando Norris,5,28,8597,2019-03-17,1533,MCO,GBR,GBR,0,0,72254.0,71678.0,576.0,10.0
2023,2023-05-28,2000-05-11,AlphaTauri,Circuit de Monaco,Street circuit,Yuki Tsunoda,5,28,8417,2021-03-28,791,MCO,JPN,ITA,0,0,72082.0,71678.0,404.0,9.0
2023,2023-06-04,1997-09-30,Red Bull,Circuit de Barcelona-Catalunya,Race circuit,Max Verstappen,6,4,9378,2015-03-15,3003,ESP,NLD,AUT,0,0,72272.0,72906.0,-634.0,1.0
2023,2023-06-04,1985-01-07,Mercedes,Circuit de Barcelona-Catalunya,Race circuit,Lewis Hamilton,6,4,14027,2007-03-18,5922,ESP,GBR,DEU,0,0,72818.0,72906.0,-88.0,5.0
2023,2023-06-04,1994-09-01,Ferrari,Circuit de Barcelona-Catalunya,Race circuit,Carlos Sainz,6,4,10503,2015-03-15,3003,ESP,ESP,ITA,1,0,72734.0,72906.0,-172.0,2.0
2023,2023-06-04,1998-10-29,Aston Martin,Circuit de Barcelona-Catalunya,Race circuit,Lance Stroll,6,4,8984,2017-03-26,2261,ESP,CAN,GBR,0,0,72994.0,72906.0,88.0,6.0
2023,2023-06-04,1981-07-29,Aston Martin,Circuit de Barcelona-Catalunya,Race circuit,Fernando Alonso,6,4,15285,2001-03-04,8127,ESP,ESP,GBR,1,0,73098.0,72906.0,192.0,9.0
2023,2023-06-04,1996-09-17,Alpine F1 Team,Circuit de Barcelona-Catalunya,Race circuit,Esteban Ocon,6,4,9756,2016-08-28,2471,ESP,FRA,FRA,0,0,73001.0,72906.0,95.0,7.0
2023,2023-06-04,1996-02-07,Alpine F1 Team,Circuit de Barcelona-Catalunya,Race circuit,Pierre Gasly,6,4,9979,2017-10-01,2072,ESP,FRA,FRA,0,0,72816.0,72906.0,-90.0,4.0
2023,2023-06-04,2001-04-06,McLaren,Circuit de Barcelona-Catalunya,Race circuit,Oscar Piastri,6,4,8094,2023-03-05,91,ESP,AUS,GBR,0,0,73059.0,72906.0,153.0,8.0
2023,2023-06-04,1987-08-19,Haas F1 Team,Circuit de Barcelona-Catalunya,Race circuit,Nico Hülkenberg,6,4,13073,2010-03-14,4830,ESP,DEU,USA,0,0,73229.0,72906.0,323.0,10.0
2023,2023-06-04,1999-11-13,McLaren,Circuit de Barcelona-Catalunya,Race circuit,Lando Norris,6,4,8604,2019-03-17,1540,ESP,GBR,GBR,0,0,72776.0,72906.0,-130.0,3.0
2023,2023-06-18,1997-09-30,Red Bull,Circuit Gilles Villeneuve,Street circuit,Max Verstappen,6,18,9392,2015-03-15,3017,CAN,NLD,AUT,0,0,79092.0,79856.0,-764.0,1.0
2023,2023-06-18,1981-07-29,Aston Martin,Circuit Gilles Villeneuve,Street circuit,Fernando Alonso,6,18,15299,2001-03-04,8141,CAN,ESP,GBR,0,0,79776.0,79856.0,-80.0,4.0
2023,2023-06-18,1985-01-07,Mercedes,Circuit Gilles Villeneuve,Street circuit,Lewis Hamilton,6,18,14041,2007-03-18,5936,CAN,GBR,DEU,0,0,80426.0,79856.0,570.0,9.0
2023,2023-06-18,1994-09-01,Ferrari,Circuit Gilles Villeneuve,Street circuit,Carlos Sainz,6,18,10517,2015-03-15,3017,CAN,ESP,ITA,0,0,79856.0,79856.0,0.0,5.0
2023,2023-06-18,1996-09-17,Alpine F1 Team,Circuit Gilles Villeneuve,Street circuit,Esteban Ocon,6,18,9770,2016-08-28,2485,CAN,FRA,FRA,0,0,80406.0,79856.0,550.0,8.0
2023,2023-06-18,2001-04-06,McLaren,Circuit Gilles Villeneuve,Street circuit,Oscar Piastri,6,18,8108,2023-03-05,105,CAN,AUS,GBR,0,0,79659.0,79856.0,-197.0,3.0
2023,2023-06-18,1999-11-13,McLaren,Circuit Gilles Villeneuve,Street circuit,Lando Norris,6,18,8618,2019-03-17,1554,CAN,GBR,GBR,0,0,79347.0,79856.0,-509.0,2.0
2023,2023-06-18,1987-08-19,Haas F1 Team,Circuit Gilles Villeneuve,Street circuit,Nico Hülkenberg,6,18,13087,2010-03-14,4844,CAN,DEU,USA,0,0,80305.0,79856.0,449.0,7.0
2023,2023-06-18,1998-02-15,Mercedes,Circuit Gilles Villeneuve,Street circuit,George Russell,6,18,9254,2019-03-17,1554,CAN,GBR,DEU,0,0,80098.0,79856.0,242.0,6.0
2023,2023-07-02,1997-09-30,Red Bull,Red Bull Ring,Race circuit,Max Verstappen,7,2,9406,2015-03-15,3031,AUT,NLD,AUT,0,1,64391.0,64856.0,-465.0,1.0
2023,2023-07-02,1997-10-16,Ferrari,Red Bull Ring,Race circuit,Charles Leclerc,7,2,9390,2018-03-25,1925,AUT,MCO,ITA,0,0,64439.0,64856.0,-417.0,2.0
2023,2023-07-02,1999-11-13,McLaren,Red Bull Ring,Race circuit,Lando Norris,7,2,8632,2019-03-17,1568,AUT,GBR,GBR,0,0,64658.0,64856.0,-198.0,4.0
2023,2023-07-02,1981-07-29,Aston Martin,Red Bull Ring,Race circuit,Fernando Alonso,7,2,15313,2001-03-04,8155,AUT,ESP,GBR,0,0,64911.0,64856.0,55.0,7.0
2023,2023-07-02,1994-09-01,Ferrari,Red Bull Ring,Race circuit,Carlos Sainz,7,2,10531,2015-03-15,3031,AUT,ESP,ITA,0,0,64581.0,64856.0,-275.0,3.0
2023,2023-07-02,1985-01-07,Mercedes,Red Bull Ring,Race circuit,Lewis Hamilton,7,2,14055,2007-03-18,5950,AUT,GBR,DEU,0,0,64819.0,64856.0,-37.0,5.0
2023,2023-07-02,1998-10-29,Aston Martin,Red Bull Ring,Race circuit,Lance Stroll,7,2,9012,2017-03-26,2289,AUT,CAN,GBR,0,0,64893.0,64856.0,37.0,6.0
2023,2023-07-02,1996-02-07,Alpine F1 Team,Red Bull Ring,Race circuit,Pierre Gasly,7,2,10007,2017-10-01,2100,AUT,FRA,FRA,0,0,65170.0,64856.0,314.0,9.0
2023,2023-07-02,1996-03-23,Williams,Red Bull Ring,Race circuit,Alexander Albon,7,2,9962,2019-03-17,1568,AUT,THA,GBR,0,0,65387.0,64856.0,531.0,10.0
2023,2023-07-02,1987-08-19,Haas F1 Team,Red Bull Ring,Race circuit,Nico Hülkenberg,7,2,13101,2010-03-14,4858,AUT,DEU,USA,0,0,65090.0,64856.0,234.0,8.0
2023,2023-07-09,1997-09-30,Red Bull,Silverstone Circuit,Race circuit,Max Verstappen,7,9,9413,2015-03-15,3038,GBR,NLD,AUT,0,0,86720.0,87152.0,-432.0,1.0
2023,2023-07-09,1999-11-13,McLaren,Silverstone Circuit,Race circuit,Lando Norris,7,9,8639,2019-03-17,1575,GBR,GBR,GBR,1,1,86961.0,87152.0,-190.0,2.0
2023,2023-07-09,1985-01-07,Mercedes,Silverstone Circuit,Race circuit,Lewis Hamilton,7,9,14062,2007-03-18,5957,GBR,GBR,DEU,1,0,87211.0,87152.0,60.0,7.0
2023,2023-07-09,2001-04-06,McLaren,Silverstone Circuit,Race circuit,Oscar Piastri,7,9,8129,2023-03-05,126,GBR,AUS,GBR,0,1,87092.0,87152.0,-60.0,3.0
2023,2023-07-09,1998-02-15,Mercedes,Silverstone Circuit,Race circuit,George Russell,7,9,9275,2019-03-17,1575,GBR,GBR,DEU,1,0,87155.0,87152.0,4.0,6.0
2023,2023-07-09,1981-07-29,Aston Martin,Silverstone Circuit,Race circuit,Fernando Alonso,7,9,15320,2001-03-04,8162,GBR,ESP,GBR,0,1,87659.0,87152.0,508.0,9.0
2023,2023-07-09,1996-03-23,Williams,Silverstone Circuit,Race circuit,Alexander Albon,7,9,9969,2019-03-17,1575,GBR,THA,GBR,0,1,87530.0,87152.0,378.0,8.0
2023,2023-07-09,1997-10-16,Ferrari,Silverstone Circuit,Race circuit,Charles Leclerc,7,9,9397,2018-03-25,1932,GBR,MCO,ITA,0,0,87136.0,87152.0,-16.0,4.0
2023,2023-07-09,1994-09-01,Ferrari,Silverstone Circuit,Race circuit,Carlos Sainz,7,9,10538,2015-03-15,3038,GBR,ESP,ITA,0,0,87148.0,87152.0,-4.0,5.0
2023,2023-07-09,1996-02-07,Alpine F1 Team,Silverstone Circuit,Race circuit,Pierre Gasly,7,9,10014,2017-10-01,2107,GBR,FRA,FRA,0,0,87689.0,87152.0,538.0,10.0
2023,2023-07-23,1997-09-30,Red Bull,Hungaroring,Race circuit,Max Verstappen,7,23,9427,2015-03-15,3052,HUN,NLD,AUT,0,0,76612.0,76982.0,-370.0,2.0
2023,2023-07-23,1999-11-13,McLaren,Hungaroring,Race circuit,Lando Norris,7,23,8653,2019-03-17,1589,HUN,GBR,GBR,0,0,76694.0,76982.0,-288.0,3.0
2023,2023-07-23,1990-01-26,Red Bull,Hungaroring,Race circuit,Sergio Pérez,7,23,12231,2011-03-27,4501,HUN,MEX,AUT,0,0,77045.0,76982.0,64.0,9.0
2023,2023-07-23,1985-01-07,Mercedes,Hungaroring,Race circuit,Lewis Hamilton,7,23,14076,2007-03-18,5971,HUN,GBR,DEU,0,0,76609.0,76982.0,-372.0,1.0
2023,2023-07-23,2001-04-06,McLaren,Hungaroring,Race circuit,Oscar Piastri,7,23,8143,2023-03-05,140,HUN,AUS,GBR,0,0,76905.0,76982.0,-76.0,4.0
2023,2023-07-23,1997-10-16,Ferrari,Hungaroring,Race circuit,Charles Leclerc,7,23,9411,2018-03-25,1946,HUN,MCO,ITA,0,0,76992.0,76982.0,10.0,6.0
2023,2023-07-23,1981-07-29,Aston Martin,Hungaroring,Race circuit,Fernando Alonso,7,23,15334,2001-03-04,8176,HUN,ESP,GBR,0,0,77035.0,76982.0,54.0,8.0
2023,2023-07-23,1989-08-28,Alfa Romeo,Hungaroring,Race circuit,Valtteri Bottas,7,23,12382,2013-03-17,3780,HUN,FIN,CHE,0,0,77034.0,76982.0,52.0,7.0
2023,2023-07-23,1987-08-19,Haas F1 Team,Hungaroring,Race circuit,Nico Hülkenberg,7,23,13122,2010-03-14,4879,HUN,DEU,USA,0,0,77186.0,76982.0,204.0,10.0
2023,2023-07-23,1999-05-30,Alfa Romeo,Hungaroring,Race circuit,Guanyu Zhou,7,23,8820,2022-03-20,490,HUN,CHN,CHE,0,0,76971.0,76982.0,-10.0,5.0
2023,2023-07-30,1997-09-30,Red Bull,Circuit de Spa-Francorchamps,Race circuit,Max Verstappen,7,30,9434,2015-03-15,3059,BEL,NLD,AUT,0,0,106168.0,107258.0,-1090.0,1.0
2023,2023-07-30,1990-01-26,Red Bull,Circuit de Spa-Francorchamps,Race circuit,Sergio Pérez,7,30,12238,2011-03-27,4508,BEL,MEX,AUT,0,0,107045.0,107258.0,-214.0,3.0
2023,2023-07-30,1997-10-16,Ferrari,Circuit de Spa-Francorchamps,Race circuit,Charles Leclerc,7,30,9418,2018-03-25,1953,BEL,MCO,ITA,0,0,106988.0,107258.0,-270.0,2.0
2023,2023-07-30,1985-01-07,Mercedes,Circuit de Spa-Francorchamps,Race circuit,Lewis Hamilton,7,30,14083,2007-03-18,5978,BEL,GBR,DEU,0,0,107087.0,107258.0,-172.0,4.0
2023,2023-07-30,1981-07-29,Aston Martin,Circuit de Spa-Francorchamps,Race circuit,Fernando Alonso,7,30,15341,2001-03-04,8183,BEL,ESP,GBR,0,0,107843.0,107258.0,584.0,9.0
2023,2023-07-30,1998-02-15,Mercedes,Circuit de Spa-Francorchamps,Race circuit,George Russell,7,30,9296,2019-03-17,1596,BEL,GBR,DEU,0,0,107805.0,107258.0,546.0,8.0
2023,2023-07-30,1999-11-13,McLaren,Circuit de Spa-Francorchamps,Race circuit,Lando Norris,7,30,8660,2019-03-17,1596,BEL,GBR,GBR,0,0,107669.0,107258.0,410.0,7.0
2023,2023-07-30,1998-10-29,Aston Martin,Circuit de Spa-Francorchamps,Race circuit,Lance Stroll,7,30,9040,2017-03-26,2317,BEL,CAN,GBR,0,0,108841.0,107258.0,1582.0,10.0
2023,2023-07-30,1994-09-01,Ferrari,Circuit de Spa-Francorchamps,Race circuit,Carlos Sainz,7,30,10559,2015-03-15,3059,BEL,ESP,ITA,0,0,107152.0,107258.0,-106.0,5.0
2023,2023-07-30,2001-04-06,McLaren,Circuit de Spa-Francorchamps,Race circuit,Oscar Piastri,7,30,8150,2023-03-05,147,BEL,AUS,GBR,0,0,107365.0,107258.0,106.0,6.0
2023,2023-08-27,1997-09-30,Red Bull,Circuit Park Zandvoort,Race circuit,Max Verstappen,8,27,9462,2015-03-15,3087,NLD,NLD,AUT,1,0,70567.0,71630.0,-1063.0,1.0
2023,2023-08-27,1981-07-29,Aston Martin,Circuit Park Zandvoort,Race circuit,Fernando Alonso,8,27,15369,2001-03-04,8211,NLD,ESP,GBR,0,0,71506.0,71630.0,-124.0,5.0
2023,2023-08-27,1990-01-26,Red Bull,Circuit Park Zandvoort,Race circuit,Sergio Pérez,8,27,12266,2011-03-27,4536,NLD,MEX,AUT,0,0,71880.0,71630.0,250.0,7.0
2023,2023-08-27,1994-09-01,Ferrari,Circuit Park Zandvoort,Race circuit,Carlos Sainz,8,27,10587,2015-03-15,3087,NLD,ESP,ITA,0,0,71754.0,71630.0,124.0,6.0
2023,2023-08-27,1999-11-13,McLaren,Circuit Park Zandvoort,Race circuit,Lando Norris,8,27,8688,2019-03-17,1624,NLD,GBR,GBR,0,0,71104.0,71630.0,-526.0,2.0
2023,2023-08-27,1996-03-23,Williams,Circuit Park Zandvoort,Race circuit,Alexander Albon,8,27,10018,2019-03-17,1624,NLD,THA,GBR,0,0,71419.0,71630.0,-211.0,4.0
2023,2023-08-27,2001-04-06,McLaren,Circuit Park Zandvoort,Race circuit,Oscar Piastri,8,27,8178,2023-03-05,175,NLD,AUS,GBR,0,0,71938.0,71630.0,308.0,8.0
2023,2023-08-27,1998-02-15,Mercedes,Circuit Park Zandvoort,Race circuit,George Russell,8,27,9324,2019-03-17,1624,NLD,GBR,DEU,0,0,71294.0,71630.0,-336.0,3.0
2023,2023-08-27,1997-10-16,Ferrari,Circuit Park Zandvoort,Race circuit,Charles Leclerc,8,27,9446,2018-03-25,1981,NLD,MCO,ITA,0,0,72665.0,71630.0,1035.0,9.0
2023,2023-08-27,2000-12-31,Williams,Circuit Park Zandvoort,Race circuit,Logan Sargeant,8,27,8274,2023-03-05,175,NLD,USA,GBR,0,0,76748.0,71630.0,5118.0,10.0
2023,2023-09-03,1997-09-30,Red Bull,Autodromo Nazionale di Monza,Race circuit,Max Verstappen,9,3,9469,2015-03-15,3094,ITA,NLD,AUT,0,0,80307.0,80724.0,-417.0,2.0
2023,2023-09-03,1990-01-26,Red Bull,Autodromo Nazionale di Monza,Race circuit,Sergio Pérez,9,3,12273,2011-03-27,4543,ITA,MEX,AUT,0,0,80688.0,80724.0,-36.0,5.0
2023,2023-09-03,1994-09-01,Ferrari,Autodromo Nazionale di Monza,Race circuit,Carlos Sainz,9,3,10594,2015-03-15,3094,ITA,ESP,ITA,0,1,80294.0,80724.0,-430.0,1.0
2023,2023-09-03,1997-10-16,Ferrari,Autodromo Nazionale di Monza,Race circuit,Charles Leclerc,9,3,9453,2018-03-25,1988,ITA,MCO,ITA,0,1,80361.0,80724.0,-363.0,3.0
2023,2023-09-03,1998-02-15,Mercedes,Autodromo Nazionale di Monza,Race circuit,George Russell,9,3,9331,2019-03-17,1631,ITA,GBR,DEU,0,0,80671.0,80724.0,-53.0,4.0
2023,2023-09-03,1985-01-07,Mercedes,Autodromo Nazionale di Monza,Race circuit,Lewis Hamilton,9,3,14118,2007-03-18,6013,ITA,GBR,DEU,0,0,80820.0,80724.0,96.0,8.0
2023,2023-09-03,1996-03-23,Williams,Autodromo Nazionale di Monza,Race circuit,Alexander Albon,9,3,10025,2019-03-17,1631,ITA,THA,GBR,0,0,80760.0,80724.0,36.0,6.0
2023,2023-09-03,1999-11-13,McLaren,Autodromo Nazionale di Monza,Race circuit,Lando Norris,9,3,8695,2019-03-17,1631,ITA,GBR,GBR,0,0,80979.0,80724.0,255.0,9.0
2023,2023-09-03,1981-07-29,Aston Martin,Autodromo Nazionale di Monza,Race circuit,Fernando Alonso,9,3,15376,2001-03-04,8218,ITA,ESP,GBR,0,0,81417.0,80724.0,693.0,10.0
2023,2023-09-03,2001-04-06,McLaren,Autodromo Nazionale di Monza,Race circuit,Oscar Piastri,9,3,8185,2023-03-05,182,ITA,AUS,GBR,0,0,80785.0,80724.0,61.0,7.0
2023,2023-09-17,1994-09-01,Ferrari,Marina Bay Street Circuit,Street circuit,Carlos Sainz,9,17,10608,2015-03-15,3108,SGP,ESP,ITA,0,0,90984.0,91530.0,-546.0,1.0
2023,2023-09-17,1999-11-13,McLaren,Marina Bay Street Circuit,Street circuit,Lando Norris,9,17,8709,2019-03-17,1645,SGP,GBR,GBR,0,0,91270.0,91530.0,-260.0,4.0
2023,2023-09-17,1985-01-07,Mercedes,Marina Bay Street Circuit,Street circuit,Lewis Hamilton,9,17,14132,2007-03-18,6027,SGP,GBR,DEU,0,0,91485.0,91530.0,-45.0,5.0
2023,2023-09-17,1997-10-16,Ferrari,Marina Bay Street Circuit,Street circuit,Charles Leclerc,9,17,9467,2018-03-25,2002,SGP,MCO,ITA,0,0,91063.0,91530.0,-467.0,3.0
2023,2023-09-17,2002-02-11,AlphaTauri,Marina Bay Street Circuit,Street circuit,Liam Lawson,9,17,7888,2023-08-27,21,SGP,NZL,ITA,0,0,92166.0,91530.0,636.0,10.0
2023,2023-09-17,1992-10-05,Haas F1 Team,Marina Bay Street Circuit,Street circuit,Kevin Magnussen,9,17,11304,2014-03-16,3472,SGP,DNK,USA,0,0,91575.0,91530.0,45.0,6.0
2023,2023-09-17,1987-08-19,Haas F1 Team,Marina Bay Street Circuit,Street circuit,Nico Hülkenberg,9,17,13178,2010-03-14,4935,SGP,DEU,USA,0,0,91808.0,91530.0,278.0,9.0
2023,2023-09-17,1981-07-29,Aston Martin,Marina Bay Street Circuit,Street circuit,Fernando Alonso,9,17,15390,2001-03-04,8232,SGP,ESP,GBR,0,0,91615.0,91530.0,85.0,7.0
2023,2023-09-17,1998-02-15,Mercedes,Marina Bay Street Circuit,Street circuit,George Russell,9,17,9345,2019-03-17,1645,SGP,GBR,DEU,0,0,91056.0,91530.0,-474.0,2.0
2023,2023-09-17,1996-09-17,Alpine F1 Team,Marina Bay Street Circuit,Street circuit,Esteban Ocon,9,17,9861,2016-08-28,2576,SGP,FRA,FRA,0,0,91673.0,91530.0,143.0,8.0
2023,2023-09-24,1997-09-30,Red Bull,Suzuka Circuit,Race circuit,Max Verstappen,9,24,9490,2015-03-15,3115,JPN,NLD,AUT,0,0,88877.0,89750.0,-873.0,1.0
2023,2023-09-24,1999-11-13,McLaren,Suzuka Circuit,Race circuit,Lando Norris,9,24,8716,2019-03-17,1652,JPN,GBR,GBR,0,0,89493.0,89750.0,-257.0,3.0
2023,2023-09-24,2001-04-06,McLaren,Suzuka Circuit,Race circuit,Oscar Piastri,9,24,8206,2023-03-05,203,JPN,AUS,GBR,0,0,89458.0,89750.0,-292.0,2.0
2023,2023-09-24,1997-10-16,Ferrari,Suzuka Circuit,Race circuit,Charles Leclerc,9,24,9474,2018-03-25,2009,JPN,MCO,ITA,0,0,89542.0,89750.0,-208.0,4.0
2023,2023-09-24,1985-01-07,Mercedes,Suzuka Circuit,Race circuit,Lewis Hamilton,9,24,14139,2007-03-18,6034,JPN,GBR,DEU,0,0,89908.0,89750.0,158.0,7.0
2023,2023-09-24,1994-09-01,Ferrari,Suzuka Circuit,Race circuit,Carlos Sainz,9,24,10615,2015-03-15,3115,JPN,ESP,ITA,0,0,89850.0,89750.0,100.0,6.0
2023,2023-09-24,1998-02-15,Mercedes,Suzuka Circuit,Race circuit,George Russell,9,24,9352,2019-03-17,1652,JPN,GBR,DEU,0,0,90219.0,89750.0,469.0,9.0
2023,2023-09-24,1981-07-29,Aston Martin,Suzuka Circuit,Race circuit,Fernando Alonso,9,24,15397,2001-03-04,8239,JPN,ESP,GBR,0,0,90465.0,89750.0,715.0,10.0
2023,2023-09-24,2000-05-11,AlphaTauri,Suzuka Circuit,Race circuit,Yuki Tsunoda,9,24,8536,2021-03-28,910,JPN,JPN,ITA,1,0,90204.0,89750.0,454.0,8.0
2023,2023-09-24,1990-01-26,Red Bull,Suzuka Circuit,Race circuit,Sergio Pérez,9,24,12294,2011-03-27,4564,JPN,MEX,AUT,0,0,89650.0,89750.0,-100.0,5.0
2023,2023-10-08,1997-09-30,Red Bull,Losail International Circuit,Race circuit,Max Verstappen,10,8,9504,2015-03-15,3129,QAT,NLD,AUT,0,0,83778.0,84424.0,-646.0,1.0
2023,2023-10-08,2001-04-06,McLaren,Losail International Circuit,Race circuit,Oscar Piastri,10,8,8220,2023-03-05,217,QAT,AUS,GBR,0,0,84540.0,84424.0,116.0,6.0
2023,2023-10-08,1998-02-15,Mercedes,Losail International Circuit,Race circuit,George Russell,10,8,9366,2019-03-17,1666,QAT,GBR,DEU,0,0,84219.0,84424.0,-205.0,2.0
2023,2023-10-08,1997-10-16,Ferrari,Losail International Circuit,Race circuit,Charles Leclerc,10,8,9488,2018-03-25,2023,QAT,MCO,ITA,0,0,84424.0,84424.0,0.0,5.0
2023,2023-10-08,1981-07-29,Aston Martin,Losail International Circuit,Race circuit,Fernando Alonso,10,8,15411,2001-03-04,8253,QAT,ESP,GBR,0,0,84369.0,84424.0,-55.0,4.0
2023,2023-10-08,1996-09-17,Alpine F1 Team,Losail International Circuit,Race circuit,Esteban Ocon,10,8,9882,2016-08-28,2597,QAT,FRA,FRA,0,0,84763.0,84424.0,339.0,8.0
2023,2023-10-08,1989-08-28,Alfa Romeo,Losail International Circuit,Race circuit,Valtteri Bottas,10,8,12459,2013-03-17,3857,QAT,FIN,CHE,0,0,85058.0,84424.0,634.0,9.0
2023,2023-10-08,1996-02-07,Alpine F1 Team,Losail International Circuit,Race circuit,Pierre Gasly,10,8,10105,2017-10-01,2198,QAT,FRA,FRA,0,0,84553.0,84424.0,129.0,7.0
2023,2023-10-08,1985-01-07,Mercedes,Losail International Circuit,Race circuit,Lewis Hamilton,10,8,14153,2007-03-18,6048,QAT,GBR,DEU,0,0,84305.0,84424.0,-119.0,3.0
2023,2023-10-22,1997-09-30,Red Bull,Circuit of the Americas,Race circuit,Max Verstappen,10,22,9518,2015-03-15,3143,USA,NLD,AUT,0,0,95008.0,95044.0,-36.0,5.0
2023,2023-10-22,1999-11-13,McLaren,Circuit of the Americas,Race circuit,Lando Norris,10,22,8744,2019-03-17,1680,USA,GBR,GBR,0,0,94853.0,95044.0,-190.0,2.0
2023,2023-10-22,1994-09-01,Ferrari,Circuit of the Americas,Race circuit,Carlos Sainz,10,22,10643,2015-03-15,3143,USA,ESP,ITA,0,0,94945.0,95044.0,-98.0,4.0
2023,2023-10-22,1990-01-26,Red Bull,Circuit of the Americas,Race circuit,Sergio Pérez,10,22,12322,2011-03-27,4592,USA,MEX,AUT,0,0,95173.0,95044.0,130.0,9.0
2023,2023-10-22,1998-02-15,Mercedes,Circuit of the Americas,Race circuit,George Russell,10,22,9380,2019-03-17,1680,USA,GBR,DEU,0,0,95079.0,95044.0,36.0,6.0
2023,2023-10-22,1996-02-07,Alpine F1 Team,Circuit of the Americas,Race circuit,Pierre Gasly,10,22,10119,2017-10-01,2212,USA,FRA,FRA,0,0,95089.0,95044.0,46.0,7.0
2023,2023-10-22,2001-04-06,McLaren,Circuit of the Americas,Race circuit,Oscar Piastri,10,22,8234,2023-03-05,231,USA,AUS,GBR,0,0,95467.0,95044.0,424.0,10.0
2023,2023-10-22,1996-09-17,Alpine F1 Team,Circuit of the Americas,Race circuit,Esteban Ocon,10,22,9896,2016-08-28,2611,USA,FRA,FRA,0,0,95154.0,95044.0,110.0,8.0
2023,2023-10-22,1985-01-07,Mercedes,Circuit of the Americas,Race circuit,Lewis Hamilton,10,22,14167,2007-03-18,6062,USA,GBR,DEU,0,0,94862.0,95044.0,-182.0,3.0
2023,2023-10-22,1997-10-16,Ferrari,Circuit of the Americas,Race circuit,Charles Leclerc,10,22,9502,2018-03-25,2037,USA,MCO,ITA,0,0,94723.0,95044.0,-320.0,1.0
2023,2023-10-29,1997-09-30,Red Bull,Autódromo Hermanos Rodríguez,Race circuit,Max Verstappen,10,29,9525,2015-03-15,3150,MEX,NLD,AUT,0,0,77263.0,77438.0,-176.0,3.0
2023,2023-10-29,1985-01-07,Mercedes,Autódromo Hermanos Rodríguez,Race circuit,Lewis Hamilton,10,29,14174,2007-03-18,6069,MEX,GBR,DEU,0,0,77454.0,77438.0,16.0,6.0
2023,2023-10-29,1997-10-16,Ferrari,Autódromo Hermanos Rodríguez,Race circuit,Charles Leclerc,10,29,9509,2018-03-25,2044,MEX,MCO,ITA,0,0,77166.0,77438.0,-272.0,1.0
2023,2023-10-29,1994-09-01,Ferrari,Autódromo Hermanos Rodríguez,Race circuit,Carlos Sainz,10,29,10650,2015-03-15,3150,MEX,ESP,ITA,0,0,77233.0,77438.0,-206.0,2.0
2023,2023-10-29,1998-02-15,Mercedes,Autódromo Hermanos Rodríguez,Race circuit,George Russell,10,29,9387,2019-03-17,1687,MEX,GBR,DEU,0,0,77673.0,77438.0,234.0,8.0
2023,2023-10-29,1989-07-01,AlphaTauri,Autódromo Hermanos Rodríguez,Race circuit,Daniel Ricciardo,10,29,12538,2011-07-10,4494,MEX,AUS,ITA,0,0,77382.0,77438.0,-56.0,4.0
2023,2023-10-29,2001-04-06,McLaren,Autódromo Hermanos Rodríguez,Race circuit,Oscar Piastri,10,29,8241,2023-03-05,238,MEX,AUS,GBR,0,0,77623.0,77438.0,184.0,7.0
2023,2023-10-29,1999-05-30,Alfa Romeo,Autódromo Hermanos Rodríguez,Race circuit,Guanyu Zhou,10,29,8918,2022-03-20,588,MEX,CHN,CHE,0,0,78050.0,77438.0,612.0,10.0
2023,2023-10-29,1989-08-28,Alfa Romeo,Autódromo Hermanos Rodríguez,Race circuit,Valtteri Bottas,10,29,12480,2013-03-17,3878,MEX,FIN,CHE,0,0,78016.0,77438.0,578.0,9.0
2023,2023-10-29,1990-01-26,Red Bull,Autódromo Hermanos Rodríguez,Race circuit,Sergio Pérez,10,29,12329,2011-03-27,4599,MEX,MEX,AUT,1,0,77423.0,77438.0,-16.0,5.0
2023,2023-11-05,1997-09-30,Red Bull,Autódromo José Carlos Pace,Race circuit,Max Verstappen,11,5,9532,2015-03-15,3157,BRA,NLD,AUT,0,0,70162.0,70254.0,-92.0,2.0
2023,2023-11-05,1999-11-13,McLaren,Autódromo José Carlos Pace,Race circuit,Lando Norris,11,5,8758,2019-03-17,1694,BRA,GBR,GBR,0,0,70021.0,70254.0,-233.0,1.0
2023,2023-11-05,1981-07-29,Aston Martin,Autódromo José Carlos Pace,Race circuit,Fernando Alonso,11,5,15439,2001-03-04,8281,BRA,ESP,GBR,0,0,70237.0,70254.0,-17.0,4.0
2023,2023-11-05,1990-01-26,Red Bull,Autódromo José Carlos Pace,Race circuit,Sergio Pérez,11,5,12336,2011-03-27,4606,BRA,MEX,AUT,0,0,70219.0,70254.0,-35.0,3.0
2023,2023-11-05,1998-10-29,Aston Martin,Autódromo José Carlos Pace,Race circuit,Lance Stroll,11,5,9138,2017-03-26,2415,BRA,CAN,GBR,0,0,70375.0,70254.0,121.0,9.0
2023,2023-11-05,1994-09-01,Ferrari,Autódromo José Carlos Pace,Race circuit,Carlos Sainz,11,5,10657,2015-03-15,3157,BRA,ESP,ITA,0,0,70254.0,70254.0,0.0,5.0
2023,2023-11-05,1985-01-07,Mercedes,Autódromo José Carlos Pace,Race circuit,Lewis Hamilton,11,5,14181,2007-03-18,6076,BRA,GBR,DEU,0,0,70266.0,70254.0,12.0,6.0
2023,2023-11-05,1998-02-15,Mercedes,Autódromo José Carlos Pace,Race circuit,George Russell,11,5,9394,2019-03-17,1694,BRA,GBR,DEU,0,0,70316.0,70254.0,62.0,8.0
2023,2023-11-05,1997-10-16,Ferrari,Autódromo José Carlos Pace,Race circuit,Charles Leclerc,11,5,9516,2018-03-25,2051,BRA,MCO,ITA,0,0,70303.0,70254.0,49.0,7.0
2023,2023-11-19,1997-09-30,Red Bull,Las Vegas Strip Street Circuit,Street circuit,Max Verstappen,11,19,9546,2015-03-15,3171,USA,NLD,AUT,0,0,93104.0,93281.0,-177.0,3.0
2023,2023-11-19,1997-10-16,Ferrari,Las Vegas Strip Street Circuit,Street circuit,Charles Leclerc,11,19,9530,2018-03-25,2065,USA,MCO,ITA,0,0,92726.0,93281.0,-555.0,1.0
2023,2023-11-19,1994-09-01,Ferrari,Las Vegas Strip Street Circuit,Street circuit,Carlos Sainz,11,19,10671,2015-03-15,3171,USA,ESP,ITA,0,0,92770.0,93281.0,-511.0,2.0
2023,2023-11-19,1998-02-15,Mercedes,Las Vegas Strip Street Circuit,Street circuit,George Russell,11,19,9408,2019-03-17,1708,USA,GBR,DEU,0,0,93112.0,93281.0,-169.0,4.0
2023,2023-11-19,1981-07-29,Aston Martin,Las Vegas Strip Street Circuit,Street circuit,Fernando Alonso,11,19,15453,2001-03-04,8295,USA,ESP,GBR,0,0,93555.0,93281.0,274.0,10.0
2023,2023-11-19,1996-02-07,Alpine F1 Team,Las Vegas Strip Street Circuit,Street circuit,Pierre Gasly,11,19,10147,2017-10-01,2240,USA,FRA,FRA,0,0,93239.0,93281.0,-42.0,5.0
2023,2023-11-19,1996-03-23,Williams,Las Vegas Strip Street Circuit,Street circuit,Alexander Albon,11,19,10102,2019-03-17,1708,USA,THA,GBR,0,0,93323.0,93281.0,42.0,6.0
2023,2023-11-19,1992-10-05,Haas F1 Team,Las Vegas Strip Street Circuit,Street circuit,Kevin Magnussen,11,19,11367,2014-03-16,3535,USA,DNK,USA,0,1,93537.0,93281.0,256.0,9.0
2023,2023-11-19,2000-12-31,Williams,Las Vegas Strip Street Circuit,Street circuit,Logan Sargeant,11,19,8358,2023-03-05,259,USA,USA,GBR,1,0,93513.0,93281.0,232.0,7.0
2023,2023-11-19,1989-08-28,Alfa Romeo,Las Vegas Strip Street Circuit,Street circuit,Valtteri Bottas,11,19,12501,2013-03-17,3899,USA,FIN,CHE,0,0,93525.0,93281.0,244.0,8.0
2023,2023-11-26,1997-09-30,Red Bull,Yas Marina Circuit,Race circuit,Max Verstappen,11,26,9553,2015-03-15,3178,ARE,NLD,AUT,0,0,83445.0,83892.0,-447.0,1.0
2023,2023-11-26,1997-10-16,Ferrari,Yas Marina Circuit,Race circuit,Charles Leclerc,11,26,9537,2018-03-25,2072,ARE,MCO,ITA,0,0,83584.0,83892.0,-308.0,2.0
2023,2023-11-26,1998-02-15,Mercedes,Yas Marina Circuit,Race circuit,George Russell,11,26,9415,2019-03-17,1715,ARE,GBR,DEU,0,0,83788.0,83892.0,-104.0,4.0
2023,2023-11-26,1990-01-26,Red Bull,Yas Marina Circuit,Race circuit,Sergio Pérez,11,26,12357,2011-03-27,4627,ARE,MEX,AUT,0,0,84116.0,83892.0,224.0,10.0
2023,2023-11-26,1999-11-13,McLaren,Yas Marina Circuit,Race circuit,Lando Norris,11,26,8779,2019-03-17,1715,ARE,GBR,GBR,0,0,83816.0,83892.0,-76.0,5.0
2023,2023-11-26,2001-04-06,McLaren,Yas Marina Circuit,Race circuit,Oscar Piastri,11,26,8269,2023-03-05,266,ARE,AUS,GBR,0,0,83782.0,83892.0,-110.0,3.0
2023,2023-11-26,1981-07-29,Aston Martin,Yas Marina Circuit,Race circuit,Fernando Alonso,11,26,15460,2001-03-04,8302,ARE,ESP,GBR,0,0,84084.0,83892.0,192.0,8.0
2023,2023-11-26,2000-05-11,AlphaTauri,Yas Marina Circuit,Race circuit,Yuki Tsunoda,11,26,8599,2021-03-28,973,ARE,JPN,ITA,0,0,83968.0,83892.0,76.0,6.0
2023,2023-11-26,1996-02-07,Alpine F1 Team,Yas Marina Circuit,Race circuit,Pierre Gasly,11,26,10154,2017-10-01,2247,ARE,FRA,FRA,0,0,84078.0,83892.0,186.0,7.0
2023,2023-11-26,1987-08-19,Haas F1 Team,Yas Marina Circuit,Race circuit,Nico Hülkenberg,11,26,13248,2010-03-14,5005,ARE,DEU,USA,0,0,84108.0,83892.0,216.0,9.0
2024,2024-03-02,1997-09-30,Red Bull,Bahrain International Circuit,Race circuit,Max Verstappen,3,2,9650,2015-03-15,3275,BHR,NLD,AUT,0,0,89179.0,89540.0,-360.0,2.0
2024,2024-03-02,1990-01-26,Red Bull,Bahrain International Circuit,Race circuit,Sergio Pérez,3,2,12454,2011-03-27,4724,BHR,MEX,AUT,0,0,89537.0,89540.0,-2.0,5.0
2024,2024-03-02,1994-09-01,Ferrari,Bahrain International Circuit,Race circuit,Carlos Sainz,3,2,10775,2015-03-15,3275,BHR,ESP,ITA,0,0,89507.0,89540.0,-32.0,4.0
2024,2024-03-02,1997-10-16,Ferrari,Bahrain International Circuit,Race circuit,Charles Leclerc,3,2,9634,2018-03-25,2169,BHR,MCO,ITA,0,0,89165.0,89540.0,-374.0,1.0
2024,2024-03-02,1998-02-15,Mercedes,Bahrain International Circuit,Race circuit,George Russell,3,2,9512,2019-03-17,1812,BHR,GBR,DEU,0,0,89485.0,89540.0,-54.0,3.0
2024,2024-03-02,1999-11-13,McLaren,Bahrain International Circuit,Race circuit,Lando Norris,3,2,8876,2019-03-17,1812,BHR,GBR,GBR,0,0,89614.0,89540.0,74.0,7.0
2024,2024-03-02,1985-01-07,Mercedes,Bahrain International Circuit,Race circuit,Lewis Hamilton,3,2,14299,2007-03-18,6194,BHR,GBR,DEU,0,0,89710.0,89540.0,170.0,9.0
2024,2024-03-02,2001-04-06,McLaren,Bahrain International Circuit,Race circuit,Oscar Piastri,3,2,8366,2023-03-05,363,BHR,AUS,GBR,0,0,89683.0,89540.0,144.0,8.0
2024,2024-03-02,1981-07-29,Aston Martin,Bahrain International Circuit,Race circuit,Fernando Alonso,3,2,15557,2001-03-04,8399,BHR,ESP,GBR,0,0,89542.0,89540.0,2.0,6.0
2024,2024-03-02,1987-08-19,Haas F1 Team,Bahrain International Circuit,Race circuit,Nico Hülkenberg,3,2,13345,2010-03-14,5102,BHR,DEU,USA,0,0,89851.0,89540.0,312.0,10.0
2024,2024-03-09,1997-09-30,Red Bull,Jeddah Corniche Circuit,Street circuit,Max Verstappen,3,9,9657,2015-03-15,3282,SAU,NLD,AUT,0,0,87472.0,88110.0,-638.0,1.0
2024,2024-03-09,1990-01-26,Red Bull,Jeddah Corniche Circuit,Street circuit,Sergio Pérez,3,9,12461,2011-03-27,4731,SAU,MEX,AUT,0,0,87807.0,88110.0,-304.0,3.0
2024,2024-03-09,1997-10-16,Ferrari,Jeddah Corniche Circuit,Street circuit,Charles Leclerc,3,9,9641,2018-03-25,2176,SAU,MCO,ITA,0,0,87791.0,88110.0,-320.0,2.0
2024,2024-03-09,2001-04-06,McLaren,Jeddah Corniche Circuit,Street circuit,Oscar Piastri,3,9,8373,2023-03-05,370,SAU,AUS,GBR,0,0,88089.0,88110.0,-22.0,5.0
2024,2024-03-09,1981-07-29,Aston Martin,Jeddah Corniche Circuit,Street circuit,Fernando Alonso,3,9,15564,2001-03-04,8406,SAU,ESP,GBR,0,0,87846.0,88110.0,-264.0,4.0
2024,2024-03-09,1998-02-15,Mercedes,Jeddah Corniche Circuit,Street circuit,George Russell,3,9,9519,2019-03-17,1819,SAU,GBR,DEU,0,0,88316.0,88110.0,206.0,8.0
2024,2024-03-09,1999-11-13,McLaren,Jeddah Corniche Circuit,Street circuit,Lando Norris,3,9,8883,2019-03-17,1819,SAU,GBR,GBR,0,0,88132.0,88110.0,22.0,6.0
2024,2024-03-09,1985-01-07,Mercedes,Jeddah Corniche Circuit,Street circuit,Lewis Hamilton,3,9,14306,2007-03-18,6201,SAU,GBR,DEU,0,0,88460.0,88110.0,350.0,9.0
2024,2024-03-09,2000-05-11,RB F1 Team,Jeddah Corniche Circuit,Street circuit,Yuki Tsunoda,3,9,8703,2021-03-28,1077,SAU,JPN,ITA,0,0,88547.0,88110.0,436.0,10.0
2024,2024-03-09,1998-10-29,Aston Martin,Jeddah Corniche Circuit,Street circuit,Lance Stroll,3,9,9263,2017-03-26,2540,SAU,CAN,GBR,0,0,88250.0,88110.0,140.0,7.0
2024,2024-03-24,1994-09-01,Ferrari,Albert Park Grand Prix Circuit,Street circuit,Carlos Sainz,3,24,10797,2015-03-15,3297,AUS,ESP,ITA,0,0,76185.0,76444.0,-258.0,2.0
2024,2024-03-24,1997-10-16,Ferrari,Albert Park Grand Prix Circuit,Street circuit,Charles Leclerc,3,24,9656,2018-03-25,2191,AUS,MCO,ITA,0,0,76304.0,76444.0,-140.0,4.0
2024,2024-03-24,1999-11-13,McLaren,Albert Park Grand Prix Circuit,Street circuit,Lando Norris,3,24,8898,2019-03-17,1834,AUS,GBR,GBR,0,0,76315.0,76444.0,-128.0,5.0
2024,2024-03-24,2001-04-06,McLaren,Albert Park Grand Prix Circuit,Street circuit,Oscar Piastri,3,24,8388,2023-03-05,385,AUS,AUS,GBR,1,0,76572.0,76444.0,128.0,6.0
2024,2024-03-24,1990-01-26,Red Bull,Albert Park Grand Prix Circuit,Street circuit,Sergio Pérez,3,24,12476,2011-03-27,4746,AUS,MEX,AUT,0,0,76274.0,76444.0,-170.0,3.0
2024,2024-03-24,1998-10-29,Aston Martin,Albert Park Grand Prix Circuit,Street circuit,Lance Stroll,3,24,9278,2017-03-26,2555,AUS,CAN,GBR,0,0,76780.0,76444.0,336.0,9.0
2024,2024-03-24,2000-05-11,RB F1 Team,Albert Park Grand Prix Circuit,Street circuit,Yuki Tsunoda,3,24,8718,2021-03-28,1092,AUS,JPN,ITA,0,0,76788.0,76444.0,344.0,10.0
2024,2024-03-24,1981-07-29,Aston Martin,Albert Park Grand Prix Circuit,Street circuit,Fernando Alonso,3,24,15579,2001-03-04,8421,AUS,ESP,GBR,0,0,76710.0,76444.0,266.0,7.0
2024,2024-03-24,1998-02-15,Mercedes,Albert Park Grand Prix Circuit,Street circuit,George Russell,3,24,9534,2019-03-17,1834,AUS,GBR,DEU,0,0,76724.0,76444.0,280.0,8.0
2024,2024-03-24,1997-09-30,Red Bull,Albert Park Grand Prix Circuit,Street circuit,Max Verstappen,3,24,9672,2015-03-15,3297,AUS,NLD,AUT,0,0,75915.0,76444.0,-528.0,1.0
2024,2024-04-07,1997-09-30,Red Bull,Suzuka Circuit,Race circuit,Max Verstappen,4,7,9686,2015-03-15,3311,JPN,NLD,AUT,0,0,88197.0,88723.0,-526.0,1.0
2024,2024-04-07,1990-01-26,Red Bull,Suzuka Circuit,Race circuit,Sergio Pérez,4,7,12490,2011-03-27,4760,JPN,MEX,AUT,0,0,88263.0,88723.0,-460.0,2.0
2024,2024-04-07,1994-09-01,Ferrari,Suzuka Circuit,Race circuit,Carlos Sainz,4,7,10811,2015-03-15,3311,JPN,ESP,ITA,0,0,88682.0,88723.0,-41.0,4.0
2024,2024-04-07,1997-10-16,Ferrari,Suzuka Circuit,Race circuit,Charles Leclerc,4,7,9670,2018-03-25,2205,JPN,MCO,ITA,0,0,88786.0,88723.0,63.0,8.0
2024,2024-04-07,1999-11-13,McLaren,Suzuka Circuit,Race circuit,Lando Norris,4,7,8912,2019-03-17,1848,JPN,GBR,GBR,0,0,88489.0,88723.0,-234.0,3.0
2024,2024-04-07,1981-07-29,Aston Martin,Suzuka Circuit,Race circuit,Fernando Alonso,4,7,15593,2001-03-04,8435,JPN,ESP,GBR,0,0,88686.0,88723.0,-37.0,5.0
2024,2024-04-07,1998-02-15,Mercedes,Suzuka Circuit,Race circuit,George Russell,4,7,9548,2019-03-17,1848,JPN,GBR,DEU,0,0,89008.0,88723.0,285.0,9.0
2024,2024-04-07,2001-04-06,McLaren,Suzuka Circuit,Race circuit,Oscar Piastri,4,7,8402,2023-03-05,399,JPN,AUS,GBR,0,0,88760.0,88723.0,37.0,6.0
2024,2024-04-07,1985-01-07,Mercedes,Suzuka Circuit,Race circuit,Lewis Hamilton,4,7,14335,2007-03-18,6230,JPN,GBR,DEU,0,0,88766.0,88723.0,43.0,7.0
2024,2024-04-07,2000-05-11,RB F1 Team,Suzuka Circuit,Race circuit,Yuki Tsunoda,4,7,8732,2021-03-28,1106,JPN,JPN,ITA,1,0,89413.0,88723.0,690.0,10.0
2024,2024-04-21,1997-09-30,Red Bull,Shanghai International Circuit,Race circuit,Max Verstappen,4,21,9700,2015-03-15,3325,CHN,NLD,AUT,0,0,93660.0,94281.0,-621.0,1.0
2024,2024-04-21,1999-11-13,McLaren,Shanghai International Circuit,Race circuit,Lando Norris,4,21,8926,2019-03-17,1862,CHN,GBR,GBR,0,0,94165.0,94281.0,-116.0,4.0
2024,2024-04-21,1990-01-26,Red Bull,Shanghai International Circuit,Race circuit,Sergio Pérez,4,21,12504,2011-03-27,4774,CHN,MEX,AUT,0,0,93982.0,94281.0,-299.0,2.0
2024,2024-04-21,1997-10-16,Ferrari,Shanghai International Circuit,Race circuit,Charles Leclerc,4,21,9684,2018-03-25,2219,CHN,MCO,ITA,0,0,94289.0,94281.0,8.0,6.0
2024,2024-04-21,1994-09-01,Ferrari,Shanghai International Circuit,Race circuit,Carlos Sainz,4,21,10825,2015-03-15,3325,CHN,ESP,ITA,0,0,94297.0,94281.0,16.0,7.0
2024,2024-04-21,1998-02-15,Mercedes,Shanghai International Circuit,Race circuit,George Russell,4,21,9562,2019-03-17,1862,CHN,GBR,DEU,0,0,94433.0,94281.0,152.0,8.0
2024,2024-04-21,1981-07-29,Aston Martin,Shanghai International Circuit,Race circuit,Fernando Alonso,4,21,15607,2001-03-04,8449,CHN,ESP,GBR,0,0,94148.0,94281.0,-133.0,3.0
2024,2024-04-21,2001-04-06,McLaren,Shanghai International Circuit,Race circuit,Oscar Piastri,4,21,8416,2023-03-05,413,CHN,AUS,GBR,0,0,94273.0,94281.0,-8.0,5.0
2024,2024-04-21,1987-08-19,Haas F1 Team,Shanghai International Circuit,Race circuit,Nico Hülkenberg,4,21,13395,2010-03-14,5152,CHN,DEU,USA,0,0,94604.0,94281.0,323.0,9.0
2024,2024-04-21,1989-08-28,Sauber,Shanghai International Circuit,Race circuit,Valtteri Bottas,4,21,12655,2013-03-17,4053,CHN,FIN,CHE,0,0,94665.0,94281.0,384.0,10.0
2024,2024-05-05,1999-11-13,McLaren,Miami International Autodrome,Street circuit,Lando Norris,5,5,8940,2019-03-17,1876,USA,GBR,GBR,0,0,87594.0,87634.0,-40.0,5.0
2024,2024-05-05,1997-09-30,Red Bull,Miami International Autodrome,Street circuit,Max Verstappen,5,5,9714,2015-03-15,3339,USA,NLD,AUT,0,0,87241.0,87634.0,-394.0,1.0
2024,2024-05-05,1997-10-16,Ferrari,Miami International Autodrome,Street circuit,Charles Leclerc,5,5,9698,2018-03-25,2233,USA,MCO,ITA,0,0,87382.0,87634.0,-252.0,2.0
2024,2024-05-05,1990-01-26,Red Bull,Miami International Autodrome,Street circuit,Sergio Pérez,5,5,12518,2011-03-27,4788,USA,MEX,AUT,0,0,87460.0,87634.0,-174.0,4.0
2024,2024-05-05,1994-09-01,Ferrari,Miami International Autodrome,Street circuit,Carlos Sainz,5,5,10839,2015-03-15,3339,USA,ESP,ITA,0,0,87455.0,87634.0,-180.0,3.0
2024,2024-05-05,1985-01-07,Mercedes,Miami International Autodrome,Street circuit,Lewis Hamilton,5,5,14363,2007-03-18,6258,USA,GBR,DEU,0,0,87697.0,87634.0,62.0,7.0
2024,2024-05-05,2000-05-11,RB F1 Team,Miami International Autodrome,Street circuit,Yuki Tsunoda,5,5,8760,2021-03-28,1134,USA,JPN,ITA,0,0,88167.0,87634.0,532.0,10.0
2024,2024-05-05,1998-02-15,Mercedes,Miami International Autodrome,Street circuit,George Russell,5,5,9576,2019-03-17,1876,USA,GBR,DEU,0,0,88067.0,87634.0,432.0,8.0
2024,2024-05-05,1987-08-19,Haas F1 Team,Miami International Autodrome,Street circuit,Nico Hülkenberg,5,5,13409,2010-03-14,5166,USA,DEU,USA,0,1,88146.0,87634.0,512.0,9.0
2024,2024-05-05,2001-04-06,McLaren,Miami International Autodrome,Street circuit,Oscar Piastri,5,5,8430,2023-03-05,427,USA,AUS,GBR,0,0,87675.0,87634.0,40.0,6.0
2024,2024-05-19,1997-09-30,Red Bull,Autodromo Enzo e Dino Ferrari,Race circuit,Max Verstappen,5,19,9728,2015-03-15,3353,ITA,NLD,AUT,0,0,74746.0,75234.0,-488.0,1.0
2024,2024-05-19,1999-11-13,McLaren,Autodromo Enzo e Dino Ferrari,Race circuit,Lando Norris,5,19,8954,2019-03-17,1890,ITA,GBR,GBR,0,0,74837.0,75234.0,-396.0,3.0
2024,2024-05-19,1997-10-16,Ferrari,Autodromo Enzo e Dino Ferrari,Race circuit,Charles Leclerc,5,19,9712,2018-03-25,2247,ITA,MCO,ITA,0,1,74970.0,75234.0,-264.0,4.0
2024,2024-05-19,2001-04-06,McLaren,Autodromo Enzo e Dino Ferrari,Race circuit,Oscar Piastri,5,19,8444,2023-03-05,441,ITA,AUS,GBR,0,0,74820.0,75234.0,-414.0,2.0
2024,2024-05-19,1994-09-01,Ferrari,Autodromo Enzo e Dino Ferrari,Race circuit,Carlos Sainz,5,19,10853,2015-03-15,3353,ITA,ESP,ITA,0,1,75233.0,75234.0,-0.0,5.0
2024,2024-05-19,1985-01-07,Mercedes,Autodromo Enzo e Dino Ferrari,Race circuit,Lewis Hamilton,5,19,14377,2007-03-18,6272,ITA,GBR,DEU,0,0,75504.0,75234.0,270.0,8.0
2024,2024-05-19,1998-02-15,Mercedes,Autodromo Enzo e Dino Ferrari,Race circuit,George Russell,5,19,9590,2019-03-17,1890,ITA,GBR,DEU,0,0,75234.0,75234.0,0.0,5.0
2024,2024-05-19,2000-05-11,RB F1 Team,Autodromo Enzo e Dino Ferrari,Race circuit,Yuki Tsunoda,5,19,8774,2021-03-28,1148,ITA,JPN,ITA,0,1,75358.0,75234.0,124.0,7.0
2024,2024-05-19,1987-08-19,Haas F1 Team,Autodromo Enzo e Dino Ferrari,Race circuit,Nico Hülkenberg,5,19,13423,2010-03-14,5180,ITA,DEU,USA,0,0,75569.0,75234.0,336.0,9.0
2024,2024-05-19,1989-07-01,RB F1 Team,Autodromo Enzo e Dino Ferrari,Race circuit,Daniel Ricciardo,5,19,12741,2011-07-10,4697,ITA,AUS,ITA,0,1,75674.0,75234.0,440.0,10.0
2024,2024-05-26,1997-10-16,Ferrari,Circuit de Monaco,Street circuit,Charles Leclerc,5,26,9719,2018-03-25,2254,MCO,MCO,ITA,1,0,70270.0,70555.0,-285.0,1.0
2024,2024-05-26,2001-04-06,McLaren,Circuit de Monaco,Street circuit,Oscar Piastri,5,26,8451,2023-03-05,448,MCO,AUS,GBR,0,0,70424.0,70555.0,-131.0,2.0
2024,2024-05-26,1994-09-01,Ferrari,Circuit de Monaco,Street circuit,Carlos Sainz,5,26,10860,2015-03-15,3360,MCO,ESP,ITA,0,0,70518.0,70555.0,-37.0,3.0
2024,2024-05-26,1999-11-13,McLaren,Circuit de Monaco,Street circuit,Lando Norris,5,26,8961,2019-03-17,1897,MCO,GBR,GBR,0,0,70542.0,70555.0,-13.0,4.0
2024,2024-05-26,1998-02-15,Mercedes,Circuit de Monaco,Street circuit,George Russell,5,26,9597,2019-03-17,1897,MCO,GBR,DEU,0,0,70543.0,70555.0,-12.0,5.0
2024,2024-05-26,1997-09-30,Red Bull,Circuit de Monaco,Street circuit,Max Verstappen,5,26,9735,2015-03-15,3360,MCO,NLD,AUT,0,0,70567.0,70555.0,12.0,6.0
2024,2024-05-26,1985-01-07,Mercedes,Circuit de Monaco,Street circuit,Lewis Hamilton,5,26,14384,2007-03-18,6279,MCO,GBR,DEU,0,0,70621.0,70555.0,66.0,7.0
2024,2024-05-26,2000-05-11,RB F1 Team,Circuit de Monaco,Street circuit,Yuki Tsunoda,5,26,8781,2021-03-28,1155,MCO,JPN,ITA,0,0,70858.0,70555.0,303.0,8.0
2024,2024-05-26,1996-03-23,Williams,Circuit de Monaco,Street circuit,Alexander Albon,5,26,10291,2019-03-17,1897,MCO,THA,GBR,0,0,70948.0,70555.0,393.0,10.0
2024,2024-05-26,1996-02-07,Alpine F1 Team,Circuit de Monaco,Street circuit,Pierre Gasly,5,26,10336,2017-10-01,2429,MCO,FRA,FRA,0,0,70896.0,70555.0,341.0,9.0
2024,2024-06-09,1997-09-30,Red Bull,Circuit Gilles Villeneuve,Street circuit,Max Verstappen,6,9,9749,2015-03-15,3374,CAN,NLD,AUT,0,0,72000.0,72140.0,-140.0,3.0
2024,2024-06-09,1999-11-13,McLaren,Circuit Gilles Villeneuve,Street circuit,Lando Norris,6,9,8975,2019-03-17,1911,CAN,GBR,GBR,0,0,72021.0,72140.0,-120.0,4.0
2024,2024-06-09,1998-02-15,Mercedes,Circuit Gilles Villeneuve,Street circuit,George Russell,6,9,9611,2019-03-17,1911,CAN,GBR,DEU,0,0,71742.0,72140.0,-398.0,1.0
2024,2024-06-09,1985-01-07,Mercedes,Circuit Gilles Villeneuve,Street circuit,Lewis Hamilton,6,9,14398,2007-03-18,6293,CAN,GBR,DEU,0,0,71979.0,72140.0,-162.0,2.0
2024,2024-06-09,2001-04-06,McLaren,Circuit Gilles Villeneuve,Street circuit,Oscar Piastri,6,9,8465,2023-03-05,462,CAN,AUS,GBR,0,0,72103.0,72140.0,-38.0,5.0
2024,2024-06-09,1981-07-29,Aston Martin,Circuit Gilles Villeneuve,Street circuit,Fernando Alonso,6,9,15656,2001-03-04,8498,CAN,ESP,GBR,0,0,72228.0,72140.0,88.0,7.0
2024,2024-06-09,1998-10-29,Aston Martin,Circuit Gilles Villeneuve,Street circuit,Lance Stroll,6,9,9355,2017-03-26,2632,CAN,CAN,GBR,1,0,72659.0,72140.0,518.0,10.0
2024,2024-06-09,1989-07-01,RB F1 Team,Circuit Gilles Villeneuve,Street circuit,Daniel Ricciardo,6,9,12762,2011-07-10,4718,CAN,AUS,ITA,0,0,72178.0,72140.0,38.0,6.0
2024,2024-06-09,2000-05-11,RB F1 Team,Circuit Gilles Villeneuve,Street circuit,Yuki Tsunoda,6,9,8795,2021-03-28,1169,CAN,JPN,ITA,0,0,72303.0,72140.0,162.0,8.0
2024,2024-06-09,1996-03-23,Williams,Circuit Gilles Villeneuve,Street circuit,Alexander Albon,6,9,10305,2019-03-17,1911,CAN,THA,GBR,0,0,72485.0,72140.0,344.0,9.0
2024,2024-06-23,1997-09-30,Red Bull,Circuit de Barcelona-Catalunya,Race circuit,Max Verstappen,6,23,9763,2015-03-15,3388,ESP,NLD,AUT,0,0,71403.0,71731.0,-328.0,2.0
2024,2024-06-23,1999-11-13,McLaren,Circuit de Barcelona-Catalunya,Race circuit,Lando Norris,6,23,8989,2019-03-17,1925,ESP,GBR,GBR,0,0,71383.0,71731.0,-348.0,1.0
2024,2024-06-23,1985-01-07,Mercedes,Circuit de Barcelona-Catalunya,Race circuit,Lewis Hamilton,6,23,14412,2007-03-18,6307,ESP,GBR,DEU,0,0,71701.0,71731.0,-30.0,3.0
2024,2024-06-23,1998-02-15,Mercedes,Circuit de Barcelona-Catalunya,Race circuit,George Russell,6,23,9625,2019-03-17,1925,ESP,GBR,DEU,0,0,71703.0,71731.0,-28.0,4.0
2024,2024-06-23,1997-10-16,Ferrari,Circuit de Barcelona-Catalunya,Race circuit,Charles Leclerc,6,23,9747,2018-03-25,2282,ESP,MCO,ITA,0,0,71731.0,71731.0,0.0,5.0
2024,2024-06-23,1994-09-01,Ferrari,Circuit de Barcelona-Catalunya,Race circuit,Carlos Sainz,6,23,10888,2015-03-15,3388,ESP,ESP,ITA,1,0,71736.0,71731.0,5.0,6.0
2024,2024-06-23,1990-01-26,Red Bull,Circuit de Barcelona-Catalunya,Race circuit,Sergio Pérez,6,23,12567,2011-03-27,4837,ESP,MEX,AUT,0,0,72054.0,71731.0,323.0,8.0
2024,2024-06-23,1996-02-07,Alpine F1 Team,Circuit de Barcelona-Catalunya,Race circuit,Pierre Gasly,6,23,10364,2017-10-01,2457,ESP,FRA,FRA,0,0,71857.0,71731.0,126.0,7.0
2024,2024-06-23,1996-09-17,Alpine F1 Team,Circuit de Barcelona-Catalunya,Race circuit,Esteban Ocon,6,23,10141,2016-08-28,2856,ESP,FRA,FRA,0,0,72109.0,71731.0,378.0,9.0
2024,2024-06-30,1998-02-15,Mercedes,Red Bull Ring,Race circuit,George Russell,6,30,9632,2019-03-17,1932,AUT,GBR,DEU,0,0,64840.0,64974.0,-134.0,3.0
2024,2024-06-30,2001-04-06,McLaren,Red Bull Ring,Race circuit,Oscar Piastri,6,30,8486,2023-03-05,483,AUT,AUS,GBR,0,0,65048.0,64974.0,74.0,7.0
2024,2024-06-30,1994-09-01,Ferrari,Red Bull Ring,Race circuit,Carlos Sainz,6,30,10895,2015-03-15,3395,AUT,ESP,ITA,0,0,64851.0,64974.0,-122.0,4.0
2024,2024-06-30,1985-01-07,Mercedes,Red Bull Ring,Race circuit,Lewis Hamilton,6,30,14419,2007-03-18,6314,AUT,GBR,DEU,0,0,64903.0,64974.0,-70.0,5.0
2024,2024-06-30,1997-09-30,Red Bull,Red Bull Ring,Race circuit,Max Verstappen,6,30,9770,2015-03-15,3395,AUT,NLD,AUT,0,1,64314.0,64974.0,-660.0,1.0
2024,2024-06-30,1987-08-19,Haas F1 Team,Red Bull Ring,Race circuit,Nico Hülkenberg,6,30,13465,2010-03-14,5222,AUT,DEU,USA,0,0,65262.0,64974.0,288.0,9.0
2024,2024-06-30,1990-01-26,Red Bull,Red Bull Ring,Race circuit,Sergio Pérez,6,30,12574,2011-03-27,4844,AUT,MEX,AUT,0,1,65144.0,64974.0,171.0,8.0
2024,2024-06-30,1997-10-16,Ferrari,Red Bull Ring,Race circuit,Charles Leclerc,6,30,9754,2018-03-25,2289,AUT,MCO,ITA,0,0,65044.0,64974.0,70.0,6.0
2024,2024-06-30,1996-09-17,Alpine F1 Team,Red Bull Ring,Race circuit,Esteban Ocon,6,30,10148,2016-08-28,2863,AUT,FRA,FRA,0,0,65274.0,64974.0,300.0,10.0
2024,2024-06-30,1999-11-13,McLaren,Red Bull Ring,Race circuit,Lando Norris,6,30,8996,2019-03-17,1932,AUT,GBR,GBR,0,0,64718.0,64974.0,-256.0,2.0
2024,2024-07-07,1985-01-07,Mercedes,Silverstone Circuit,Race circuit,Lewis Hamilton,7,7,14426,2007-03-18,6321,GBR,GBR,DEU,1,0,85990.0,86288.0,-298.0,2.0
2024,2024-07-07,1997-09-30,Red Bull,Silverstone Circuit,Race circuit,Max Verstappen,7,7,9777,2015-03-15,3402,GBR,NLD,AUT,0,0,86203.0,86288.0,-84.0,4.0
2024,2024-07-07,1999-11-13,McLaren,Silverstone Circuit,Race circuit,Lando Norris,7,7,9003,2019-03-17,1939,GBR,GBR,GBR,1,1,86030.0,86288.0,-258.0,3.0
2024,2024-07-07,2001-04-06,McLaren,Silverstone Circuit,Race circuit,Oscar Piastri,7,7,8493,2023-03-05,490,GBR,AUS,GBR,0,1,86237.0,86288.0,-50.0,5.0
2024,2024-07-07,1994-09-01,Ferrari,Silverstone Circuit,Race circuit,Carlos Sainz,7,7,10902,2015-03-15,3402,GBR,ESP,ITA,0,0,86509.0,86288.0,222.0,7.0
2024,2024-07-07,1987-08-19,Haas F1 Team,Silverstone Circuit,Race circuit,Nico Hülkenberg,7,7,13472,2010-03-14,5229,GBR,DEU,USA,0,0,86338.0,86288.0,50.0,6.0
2024,2024-07-07,1998-10-29,Aston Martin,Silverstone Circuit,Race circuit,Lance Stroll,7,7,9383,2017-03-26,2660,GBR,CAN,GBR,0,1,86585.0,86288.0,298.0,8.0
2024,2024-07-07,1981-07-29,Aston Martin,Silverstone Circuit,Race circuit,Fernando Alonso,7,7,15684,2001-03-04,8526,GBR,ESP,GBR,0,1,86730.0,86288.0,442.0,10.0
2024,2024-07-07,1996-03-23,Williams,Silverstone Circuit,Race circuit,Alexander Albon,7,7,10333,2019-03-17,1939,GBR,THA,GBR,0,1,86640.0,86288.0,352.0,9.0
2024,2024-07-07,1998-02-15,Mercedes,Silverstone Circuit,Race circuit,George Russell,7,7,9639,2019-03-17,1939,GBR,GBR,DEU,1,0,85819.0,86288.0,-468.0,1.0
2024,2024-07-21,2001-04-06,McLaren,Hungaroring,Race circuit,Oscar Piastri,7,21,8507,2023-03-05,504,HUN,AUS,GBR,0,0,75249.0,75872.0,-624.0,2.0
2024,2024-07-21,1999-11-13,McLaren,Hungaroring,Race circuit,Lando Norris,7,21,9017,2019-03-17,1953,HUN,GBR,GBR,0,0,75227.0,75872.0,-646.0,1.0
2024,2024-07-21,1985-01-07,Mercedes,Hungaroring,Race circuit,Lewis Hamilton,7,21,14440,2007-03-18,6335,HUN,GBR,DEU,0,0,75854.0,75872.0,-18.0,5.0
2024,2024-07-21,1997-10-16,Ferrari,Hungaroring,Race circuit,Charles Leclerc,7,21,9775,2018-03-25,2310,HUN,MCO,ITA,0,0,75891.0,75872.0,18.0,6.0
2024,2024-07-21,1997-09-30,Red Bull,Hungaroring,Race circuit,Max Verstappen,7,21,9791,2015-03-15,3416,HUN,NLD,AUT,0,0,75273.0,75872.0,-600.0,3.0
2024,2024-07-21,1994-09-01,Ferrari,Hungaroring,Race circuit,Carlos Sainz,7,21,10916,2015-03-15,3416,HUN,ESP,ITA,0,0,75696.0,75872.0,-176.0,4.0
2024,2024-07-21,2000-05-11,RB F1 Team,Hungaroring,Race circuit,Yuki Tsunoda,7,21,8837,2021-03-28,1211,HUN,JPN,ITA,0,0,76121.0,75872.0,248.0,9.0
2024,2024-07-21,1998-10-29,Aston Martin,Hungaroring,Race circuit,Lance Stroll,7,21,9397,2017-03-26,2674,HUN,CAN,GBR,0,0,76075.0,75872.0,202.0,8.0
2024,2024-07-21,1981-07-29,Aston Martin,Hungaroring,Race circuit,Fernando Alonso,7,21,15698,2001-03-04,8540,HUN,ESP,GBR,0,0,76043.0,75872.0,170.0,7.0
2024,2024-07-21,1989-07-01,RB F1 Team,Hungaroring,Race circuit,Daniel Ricciardo,7,21,12804,2011-07-10,4760,HUN,AUS,ITA,0,0,76202.0,75872.0,330.0,10.0
2024,2024-07-28,1985-01-07,Mercedes,Circuit de Spa-Francorchamps,Race circuit,Lewis Hamilton,7,28,14447,2007-03-18,6342,BEL,GBR,DEU,0,0,113835.0,114004.0,-169.0,4.0
2024,2024-07-28,2001-04-06,McLaren,Circuit de Spa-Francorchamps,Race circuit,Oscar Piastri,7,28,8514,2023-03-05,511,BEL,AUS,GBR,0,0,114027.0,114004.0,23.0,6.0
2024,2024-07-28,1997-10-16,Ferrari,Circuit de Spa-Francorchamps,Race circuit,Charles Leclerc,7,28,9782,2018-03-25,2317,BEL,MCO,ITA,0,0,113754.0,114004.0,-250.0,2.0
2024,2024-07-28,1997-09-30,Red Bull,Circuit de Spa-Francorchamps,Race circuit,Max Verstappen,7,28,9798,2015-03-15,3423,BEL,NLD,AUT,0,0,113159.0,114004.0,-845.0,1.0
2024,2024-07-28,1999-11-13,McLaren,Circuit de Spa-Francorchamps,Race circuit,Lando Norris,7,28,9024,2019-03-17,1960,BEL,GBR,GBR,0,0,113981.0,114004.0,-23.0,5.0
2024,2024-07-28,1994-09-01,Ferrari,Circuit de Spa-Francorchamps,Race circuit,Carlos Sainz,7,28,10923,2015-03-15,3423,BEL,ESP,ITA,0,0,114112.0,114004.0,108.0,8.0
2024,2024-07-28,1990-01-26,Red Bull,Circuit de Spa-Francorchamps,Race circuit,Sergio Pérez,7,28,12602,2011-03-27,4872,BEL,MEX,AUT,0,0,113765.0,114004.0,-239.0,3.0
2024,2024-07-28,1981-07-29,Aston Martin,Circuit de Spa-Francorchamps,Race circuit,Fernando Alonso,7,28,15705,2001-03-04,8547,BEL,ESP,GBR,0,0,114258.0,114004.0,254.0,9.0
2024,2024-07-28,1996-09-17,Alpine F1 Team,Circuit de Spa-Francorchamps,Race circuit,Esteban Ocon,7,28,10176,2016-08-28,2891,BEL,FRA,FRA,0,0,114460.0,114004.0,456.0,10.0
2024,2024-07-28,1998-02-15,Mercedes,Circuit de Spa-Francorchamps,Race circuit,George Russell,7,28,9660,2019-03-17,1960,BEL,GBR,DEU,0,0,114095.0,114004.0,91.0,7.0
2024,2024-08-25,1999-11-13,McLaren,Circuit Park Zandvoort,Race circuit,Lando Norris,8,25,9052,2019-03-17,1988,NLD,GBR,GBR,0,0,69673.0,70416.0,-743.0,1.0
2024,2024-08-25,1997-09-30,Red Bull,Circuit Park Zandvoort,Race circuit,Max Verstappen,8,25,9826,2015-03-15,3451,NLD,NLD,AUT,1,0,70029.0,70416.0,-387.0,2.0
2024,2024-08-25,1997-10-16,Ferrari,Circuit Park Zandvoort,Race circuit,Charles Leclerc,8,25,9810,2018-03-25,2345,NLD,MCO,ITA,0,0,70582.0,70416.0,166.0,6.0
2024,2024-08-25,2001-04-06,McLaren,Circuit Park Zandvoort,Race circuit,Oscar Piastri,8,25,8542,2023-03-05,539,NLD,AUS,GBR,0,0,70172.0,70416.0,-244.0,3.0
2024,2024-08-25,1990-01-26,Red Bull,Circuit Park Zandvoort,Race circuit,Sergio Pérez,8,25,12630,2011-03-27,4900,NLD,MEX,AUT,0,0,70416.0,70416.0,0.0,5.0
2024,2024-08-25,1998-02-15,Mercedes,Circuit Park Zandvoort,Race circuit,George Russell,8,25,9688,2019-03-17,1988,NLD,GBR,DEU,0,0,70244.0,70416.0,-172.0,4.0
2024,2024-08-25,1996-02-07,Alpine F1 Team,Circuit Park Zandvoort,Race circuit,Pierre Gasly,8,25,10427,2017-10-01,2520,NLD,FRA,FRA,0,0,70815.0,70416.0,399.0,9.0
2024,2024-08-25,1981-07-29,Aston Martin,Circuit Park Zandvoort,Race circuit,Fernando Alonso,8,25,15733,2001-03-04,8575,NLD,ESP,GBR,0,0,70633.0,70416.0,217.0,7.0
2024,2024-08-25,1998-10-29,Aston Martin,Circuit Park Zandvoort,Race circuit,Lance Stroll,8,25,9432,2017-03-26,2709,NLD,CAN,GBR,0,0,70661.0,70416.0,245.0,8.0
2024,2024-09-01,1997-10-16,Ferrari,Autodromo Nazionale di Monza,Race circuit,Charles Leclerc,9,1,9817,2018-03-25,2352,ITA,MCO,ITA,0,1,79461.0,79490.0,-29.0,4.0
2024,2024-09-01,2001-04-06,McLaren,Autodromo Nazionale di Monza,Race circuit,Oscar Piastri,9,1,8549,2023-03-05,546,ITA,AUS,GBR,0,0,79436.0,79490.0,-54.0,2.0
2024,2024-09-01,1999-11-13,McLaren,Autodromo Nazionale di Monza,Race circuit,Lando Norris,9,1,9059,2019-03-17,1995,ITA,GBR,GBR,0,0,79327.0,79490.0,-163.0,1.0
2024,2024-09-01,1994-09-01,Ferrari,Autodromo Nazionale di Monza,Race circuit,Carlos Sainz,9,1,10958,2015-03-15,3458,ITA,ESP,ITA,0,1,79467.0,79490.0,-23.0,5.0
2024,2024-09-01,1985-01-07,Mercedes,Autodromo Nazionale di Monza,Race circuit,Lewis Hamilton,9,1,14482,2007-03-18,6377,ITA,GBR,DEU,0,0,79513.0,79490.0,23.0,6.0
2024,2024-09-01,1997-09-30,Red Bull,Autodromo Nazionale di Monza,Race circuit,Max Verstappen,9,1,9833,2015-03-15,3458,ITA,NLD,AUT,0,0,79662.0,79490.0,172.0,7.0
2024,2024-09-01,1998-02-15,Mercedes,Autodromo Nazionale di Monza,Race circuit,George Russell,9,1,9695,2019-03-17,1995,ITA,GBR,DEU,0,0,79440.0,79490.0,-50.0,3.0
2024,2024-09-01,1990-01-26,Red Bull,Autodromo Nazionale di Monza,Race circuit,Sergio Pérez,9,1,12637,2011-03-27,4907,ITA,MEX,AUT,0,0,80062.0,79490.0,572.0,8.0
2024,2024-09-01,1996-03-23,Williams,Autodromo Nazionale di Monza,Race circuit,Alexander Albon,9,1,10389,2019-03-17,1995,ITA,THA,GBR,0,0,80299.0,79490.0,809.0,9.0
2024,2024-09-01,1987-08-19,Haas F1 Team,Autodromo Nazionale di Monza,Race circuit,Nico Hülkenberg,9,1,13528,2010-03-14,5285,ITA,DEU,USA,0,0,80339.0,79490.0,849.0,10.0
2024,2024-09-15,2001-04-06,McLaren,Baku City Circuit,Street circuit,Oscar Piastri,9,15,8563,2023-03-05,560,AZE,AUS,GBR,0,0,101686.0,101948.0,-262.0,2.0
2024,2024-09-15,1997-10-16,Ferrari,Baku City Circuit,Street circuit,Charles Leclerc,9,15,9831,2018-03-25,2366,AZE,MCO,ITA,0,0,101365.0,101948.0,-584.0,1.0
2024,2024-09-15,1998-02-15,Mercedes,Baku City Circuit,Street circuit,George Russell,9,15,9709,2019-03-17,2009,AZE,GBR,DEU,0,0,101874.0,101948.0,-74.0,5.0
2024,2024-09-15,1997-09-30,Red Bull,Baku City Circuit,Street circuit,Max Verstappen,9,15,9847,2015-03-15,3472,AZE,NLD,AUT,0,0,102023.0,101948.0,74.0,6.0
2024,2024-09-15,1981-07-29,Aston Martin,Baku City Circuit,Street circuit,Fernando Alonso,9,15,15754,2001-03-04,8596,AZE,ESP,GBR,0,0,102369.0,101948.0,420.0,8.0
2024,2024-09-15,1996-03-23,Williams,Baku City Circuit,Street circuit,Alexander Albon,9,15,10403,2019-03-17,2009,AZE,THA,GBR,0,0,102840.0,101948.0,892.0,10.0
2024,2024-09-15,2003-05-27,Williams,Baku City Circuit,Street circuit,Franco Colapinto,9,15,7782,2024-09-01,14,AZE,ARG,GBR,0,0,102473.0,101948.0,524.0,9.0
2024,2024-09-15,1985-01-07,Mercedes,Baku City Circuit,Street circuit,Lewis Hamilton,9,15,14496,2007-03-18,6391,AZE,GBR,DEU,0,0,102289.0,101948.0,340.0,7.0
2024,2024-09-15,1990-01-26,Red Bull,Baku City Circuit,Street circuit,Sergio Pérez,9,15,12651,2011-03-27,4921,AZE,MEX,AUT,0,0,101813.0,101948.0,-136.0,4.0
2024,2024-09-15,1994-09-01,Ferrari,Baku City Circuit,Street circuit,Carlos Sainz,9,15,10972,2015-03-15,3472,AZE,ESP,ITA,0,0,101805.0,101948.0,-144.0,3.0
2024,2024-09-22,1999-11-13,McLaren,Marina Bay Street Circuit,Street circuit,Lando Norris,9,22,9080,2019-03-17,2016,SGP,GBR,GBR,0,0,89525.0,89854.0,-329.0,1.0
2024,2024-09-22,1997-09-30,Red Bull,Marina Bay Street Circuit,Street circuit,Max Verstappen,9,22,9854,2015-03-15,3479,SGP,NLD,AUT,0,0,89680.0,89854.0,-174.0,3.0
2024,2024-09-22,2001-04-06,McLaren,Marina Bay Street Circuit,Street circuit,Oscar Piastri,9,22,8570,2023-03-05,567,SGP,AUS,GBR,0,0,89640.0,89854.0,-214.0,2.0
2024,2024-09-22,1998-02-15,Mercedes,Marina Bay Street Circuit,Street circuit,George Russell,9,22,9716,2019-03-17,2016,SGP,GBR,DEU,0,0,89867.0,89854.0,13.0,5.0
2024,2024-09-22,1985-01-07,Mercedes,Marina Bay Street Circuit,Street circuit,Lewis Hamilton,9,22,14503,2007-03-18,6398,SGP,GBR,DEU,0,0,89841.0,89854.0,-13.0,4.0
2024,2024-09-22,1981-07-29,Aston Martin,Marina Bay Street Circuit,Street circuit,Fernando Alonso,9,22,15761,2001-03-04,8603,SGP,ESP,GBR,0,0,90214.0,89854.0,360.0,7.0
2024,2024-09-22,1987-08-19,Haas F1 Team,Marina Bay Street Circuit,Street circuit,Nico Hülkenberg,9,22,13549,2010-03-14,5306,SGP,DEU,USA,0,0,90115.0,89854.0,261.0,6.0
2024,2024-09-22,2000-05-11,RB F1 Team,Marina Bay Street Circuit,Street circuit,Yuki Tsunoda,9,22,8900,2021-03-28,1274,SGP,JPN,ITA,0,0,90289.0,89854.0,435.0,8.0
2024,2024-10-20,1997-10-16,Ferrari,Circuit of the Americas,Race circuit,Charles Leclerc,10,20,9866,2018-03-25,2401,USA,MCO,ITA,0,0,92740.0,92950.0,-210.0,4.0
2024,2024-10-20,1994-09-01,Ferrari,Circuit of the Americas,Race circuit,Carlos Sainz,10,20,11007,2015-03-15,3507,USA,ESP,ITA,0,0,92652.0,92950.0,-298.0,3.0
2024,2024-10-20,1997-09-30,Red Bull,Circuit of the Americas,Race circuit,Max Verstappen,10,20,9882,2015-03-15,3507,USA,NLD,AUT,0,0,92361.0,92950.0,-589.0,2.0
2024,2024-10-20,1999-11-13,McLaren,Circuit of the Americas,Race circuit,Lando Norris,10,20,9108,2019-03-17,2044,USA,GBR,GBR,0,0,92330.0,92950.0,-620.0,1.0
2024,2024-10-20,2001-04-06,McLaren,Circuit of the Americas,Race circuit,Oscar Piastri,10,20,8598,2023-03-05,595,USA,AUS,GBR,0,0,92950.0,92950.0,0.0,5.0
2024,2024-10-20,1998-02-15,Mercedes,Circuit of the Americas,Race circuit,George Russell,10,20,9744,2019-03-17,2044,USA,GBR,DEU,0,0,92974.0,92950.0,24.0,6.0
2024,2024-10-20,1992-10-05,Haas F1 Team,Circuit of the Americas,Race circuit,Kevin Magnussen,10,20,11703,2014-03-16,3871,USA,DNK,USA,0,1,93474.0,92950.0,524.0,9.0
2024,2024-10-20,1996-02-07,Alpine F1 Team,Circuit of the Americas,Race circuit,Pierre Gasly,10,20,10483,2017-10-01,2576,USA,FRA,FRA,0,0,93018.0,92950.0,68.0,7.0
2024,2024-10-20,1981-07-29,Aston Martin,Circuit of the Americas,Race circuit,Fernando Alonso,10,20,15789,2001-03-04,8631,USA,ESP,GBR,0,0,93309.0,92950.0,359.0,8.0
2024,2024-10-27,1994-09-01,Ferrari,Autódromo Hermanos Rodríguez,Race circuit,Carlos Sainz,10,27,11014,2015-03-15,3514,MEX,ESP,ITA,0,0,75946.0,76504.0,-558.0,1.0
2024,2024-10-27,1999-11-13,McLaren,Autódromo Hermanos Rodríguez,Race circuit,Lando Norris,10,27,9115,2019-03-17,2051,MEX,GBR,GBR,0,0,76260.0,76504.0,-244.0,3.0
2024,2024-10-27,1997-10-16,Ferrari,Autódromo Hermanos Rodríguez,Race circuit,Charles Leclerc,10,27,9873,2018-03-25,2408,MEX,MCO,ITA,0,0,76265.0,76504.0,-238.0,4.0
2024,2024-10-27,1985-01-07,Mercedes,Autódromo Hermanos Rodríguez,Race circuit,Lewis Hamilton,10,27,14538,2007-03-18,6433,MEX,GBR,DEU,0,0,76651.0,76504.0,148.0,6.0
2024,2024-10-27,1998-02-15,Mercedes,Autódromo Hermanos Rodríguez,Race circuit,George Russell,10,27,9751,2019-03-17,2051,MEX,GBR,DEU,0,0,76356.0,76504.0,-148.0,5.0
2024,2024-10-27,1997-09-30,Red Bull,Autódromo Hermanos Rodríguez,Race circuit,Max Verstappen,10,27,9889,2015-03-15,3514,MEX,NLD,AUT,0,0,76171.0,76504.0,-332.0,2.0
2024,2024-10-27,1992-10-05,Haas F1 Team,Autódromo Hermanos Rodríguez,Race circuit,Kevin Magnussen,10,27,11710,2014-03-16,3878,MEX,DNK,USA,0,0,76886.0,76504.0,382.0,7.0
2024,2024-10-27,1987-08-19,Haas F1 Team,Autódromo Hermanos Rodríguez,Race circuit,Nico Hülkenberg,10,27,13584,2010-03-14,5341,MEX,DEU,USA,0,0,76995.0,76504.0,492.0,10.0
2024,2024-10-27,1996-02-07,Alpine F1 Team,Autódromo Hermanos Rodríguez,Race circuit,Pierre Gasly,10,27,10490,2017-10-01,2583,MEX,FRA,FRA,0,0,76892.0,76504.0,388.0,8.0
2024,2024-10-27,1996-03-23,Williams,Autódromo Hermanos Rodríguez,Race circuit,Alexander Albon,10,27,10445,2019-03-17,2051,MEX,THA,GBR,0,0,76988.0,76504.0,484.0,9.0
2024,2024-11-03,1996-09-17,Alpine F1 Team,Autódromo José Carlos Pace,Race circuit,Esteban Ocon,11,3,10274,2016-08-28,2989,BRA,FRA,FRA,0,0,84475.0,84484.0,-9.0,4.0
2024,2024-11-03,1998-02-15,Mercedes,Autódromo José Carlos Pace,Race circuit,George Russell,11,3,9758,2019-03-17,2058,BRA,GBR,DEU,0,0,83578.0,84484.0,-906.0,2.0
2024,2024-11-03,1997-10-16,Ferrari,Autódromo José Carlos Pace,Race circuit,Charles Leclerc,11,3,9880,2018-03-25,2415,BRA,MCO,ITA,0,0,84525.0,84484.0,41.0,6.0
2024,2024-11-03,1999-11-13,McLaren,Autódromo José Carlos Pace,Race circuit,Lando Norris,11,3,9122,2019-03-17,2058,BRA,GBR,GBR,0,0,83405.0,84484.0,-1079.0,1.0
2024,2024-11-03,2000-05-11,RB F1 Team,Autódromo José Carlos Pace,Race circuit,Yuki Tsunoda,11,3,8942,2021-03-28,1316,BRA,JPN,ITA,0,0,84111.0,84484.0,-373.0,3.0
2024,2024-11-03,2001-04-06,McLaren,Autódromo José Carlos Pace,Race circuit,Oscar Piastri,11,3,8612,2023-03-05,609,BRA,AUS,GBR,0,0,84686.0,84484.0,202.0,8.0
2024,2024-11-03,2002-02-11,RB F1 Team,Autódromo José Carlos Pace,Race circuit,Liam Lawson,11,3,8301,2023-08-27,434,BRA,NZL,ITA,0,0,84484.0,84484.0,0.0,5.0
2024,2024-11-03,1981-07-29,Aston Martin,Autódromo José Carlos Pace,Race circuit,Fernando Alonso,11,3,15803,2001-03-04,8645,BRA,ESP,GBR,0,0,85035.0,84484.0,551.0,9.0
2024,2024-11-03,1996-03-23,Williams,Autódromo José Carlos Pace,Race circuit,Alexander Albon,11,3,10452,2019-03-17,2058,BRA,THA,GBR,0,0,84657.0,84484.0,173.0,7.0
2024,2024-11-23,1998-02-15,Mercedes,Las Vegas Strip Street Circuit,Street circuit,George Russell,11,23,9778,2019-03-17,2078,USA,GBR,DEU,0,0,92312.0,92790.0,-478.0,1.0
2024,2024-11-23,1985-01-07,Mercedes,Las Vegas Strip Street Circuit,Street circuit,Lewis Hamilton,11,23,14565,2007-03-18,6460,USA,GBR,DEU,0,0,92567.0,92790.0,-223.0,3.0
2024,2024-11-23,1994-09-01,Ferrari,Las Vegas Strip Street Circuit,Street circuit,Carlos Sainz,11,23,11041,2015-03-15,3541,USA,ESP,ITA,0,0,92410.0,92790.0,-380.0,2.0
2024,2024-11-23,1997-10-16,Ferrari,Las Vegas Strip Street Circuit,Street circuit,Charles Leclerc,11,23,9900,2018-03-25,2435,USA,MCO,ITA,0,0,92783.0,92790.0,-7.0,5.0
2024,2024-11-23,1997-09-30,Red Bull,Las Vegas Strip Street Circuit,Street circuit,Max Verstappen,11,23,9916,2015-03-15,3541,USA,NLD,AUT,0,0,92797.0,92790.0,7.0,6.0
2024,2024-11-23,1999-11-13,McLaren,Las Vegas Strip Street Circuit,Street circuit,Lando Norris,11,23,9142,2019-03-17,2078,USA,GBR,GBR,0,0,93008.0,92790.0,218.0,7.0
2024,2024-11-23,2001-04-06,McLaren,Las Vegas Strip Street Circuit,Street circuit,Oscar Piastri,11,23,8632,2023-03-05,629,USA,AUS,GBR,0,0,93024.0,92790.0,234.0,8.0
2024,2024-11-23,1987-08-19,Haas F1 Team,Las Vegas Strip Street Circuit,Street circuit,Nico Hülkenberg,11,23,13611,2010-03-14,5368,USA,DEU,USA,0,1,93062.0,92790.0,272.0,10.0
2024,2024-11-23,2000-05-11,RB F1 Team,Las Vegas Strip Street Circuit,Street circuit,Yuki Tsunoda,11,23,8962,2021-03-28,1336,USA,JPN,ITA,0,0,93029.0,92790.0,239.0,9.0
2024,2024-11-23,1996-02-07,Alpine F1 Team,Las Vegas Strip Street Circuit,Street circuit,Pierre Gasly,11,23,10517,2017-10-01,2610,USA,FRA,FRA,0,0,92664.0,92790.0,-126.0,4.0
2024,2024-12-01,1997-09-30,Red Bull,Losail International Circuit,Race circuit,Max Verstappen,12,1,9924,2015-03-15,3549,QAT,NLD,AUT,0,0,80520.0,80932.0,-412.0,1.0
2024,2024-12-01,1997-10-16,Ferrari,Losail International Circuit,Race circuit,Charles Leclerc,12,1,9908,2018-03-25,2443,QAT,MCO,ITA,0,0,80852.0,80932.0,-80.0,5.0
2024,2024-12-01,2001-04-06,McLaren,Losail International Circuit,Race circuit,Oscar Piastri,12,1,8640,2023-03-05,637,QAT,AUS,GBR,0,0,80829.0,80932.0,-102.0,4.0
2024,2024-12-01,1998-02-15,Mercedes,Losail International Circuit,Race circuit,George Russell,12,1,9786,2019-03-17,2086,QAT,GBR,DEU,0,0,80575.0,80932.0,-356.0,2.0
2024,2024-12-01,1994-09-01,Ferrari,Losail International Circuit,Race circuit,Carlos Sainz,12,1,11049,2015-03-15,3549,QAT,ESP,ITA,0,0,81041.0,80932.0,110.0,7.0
2024,2024-12-01,1981-07-29,Aston Martin,Losail International Circuit,Race circuit,Fernando Alonso,12,1,15831,2001-03-04,8673,QAT,ESP,GBR,0,0,81208.0,80932.0,276.0,8.0
2024,2024-12-01,1992-10-05,Haas F1 Team,Losail International Circuit,Race circuit,Kevin Magnussen,12,1,11745,2014-03-16,3913,QAT,DNK,USA,0,0,81387.0,80932.0,456.0,9.0
2024,2024-12-01,1999-11-13,McLaren,Losail International Circuit,Race circuit,Lando Norris,12,1,9150,2019-03-17,2086,QAT,GBR,GBR,0,0,80772.0,80932.0,-160.0,3.0
2024,2024-12-01,1985-01-07,Mercedes,Losail International Circuit,Race circuit,Lewis Hamilton,12,1,14573,2007-03-18,6468,QAT,GBR,DEU,0,0,81011.0,80932.0,80.0,6.0
2024,2024-12-01,1990-01-26,Red Bull,Losail International Circuit,Race circuit,Sergio Pérez,12,1,12728,2011-03-27,4998,QAT,MEX,AUT,0,0,81425.0,80932.0,494.0,10.0
2024,2024-12-08,1999-11-13,McLaren,Yas Marina Circuit,Race circuit,Lando Norris,12,8,9157,2019-03-17,2093,ARE,GBR,GBR,0,0,82595.0,82964.0,-370.0,1.0
2024,2024-12-08,1994-09-01,Ferrari,Yas Marina Circuit,Race circuit,Carlos Sainz,12,8,11056,2015-03-15,3556,ARE,ESP,ITA,0,0,82824.0,82964.0,-140.0,3.0
2024,2024-12-08,1998-02-15,Mercedes,Yas Marina Circuit,Race circuit,George Russell,12,8,9793,2019-03-17,2093,ARE,GBR,DEU,0,0,83132.0,82964.0,168.0,7.0
2024,2024-12-08,1997-09-30,Red Bull,Yas Marina Circuit,Race circuit,Max Verstappen,12,8,9931,2015-03-15,3556,ARE,NLD,AUT,0,0,82945.0,82964.0,-20.0,5.0
2024,2024-12-08,1996-02-07,Alpine F1 Team,Yas Marina Circuit,Race circuit,Pierre Gasly,12,8,10532,2017-10-01,2625,ARE,FRA,FRA,0,0,82984.0,82964.0,20.0,6.0
2024,2024-12-08,1987-08-19,Haas F1 Team,Yas Marina Circuit,Race circuit,Nico Hülkenberg,12,8,13626,2010-03-14,5383,ARE,DEU,USA,0,0,82886.0,82964.0,-78.0,4.0
2024,2024-12-08,1981-07-29,Aston Martin,Yas Marina Circuit,Race circuit,Fernando Alonso,12,8,15838,2001-03-04,8680,ARE,ESP,GBR,0,0,83196.0,82964.0,232.0,8.0
2024,2024-12-08,2001-04-06,McLaren,Yas Marina Circuit,Race circuit,Oscar Piastri,12,8,8647,2023-03-05,644,ARE,AUS,GBR,0,0,82804.0,82964.0,-160.0,2.0
2024,2024-12-08,1989-08-28,Sauber,Yas Marina Circuit,Race circuit,Valtteri Bottas,12,8,12886,2013-03-17,4284,ARE,FIN,CHE,0,0,83204.0,82964.0,240.0,9.0
2024,2024-12-08,1990-01-26,Red Bull,Yas Marina Circuit,Race circuit,Sergio Pérez,12,8,12735,2011-03-27,5005,ARE,MEX,AUT,0,0,83264.0,82964.0,300.0,10.0
